source,state,year,county_fips,expected_records,fetched_records,retained_records,duplicate_records,invalid_date_count,invalid_geography_count,observed_min_date,observed_max_date,request_complete,coverage_valid,failure_reasons,source_url,source_checksum,unresolvable_geography_count,unresolvable_date_count
WI_COMMUNITY_MAPS,55,2013,55001,424,424,424,0,0,0,2013-01-01,2013-12-31,True,True,,Wisconsin Community Maps county-year API,,0,0
WI_COMMUNITY_MAPS,55,2013,55003,340,340,340,0,0,0,2013-01-02,2013-12-31,True,True,,Wisconsin Community Maps county-year API,,0,0
WI_COMMUNITY_MAPS,55,2013,55005,979,979,979,0,0,0,2013-01-01,2013-12-31,True,True,,Wisconsin Community Maps county-year API,,0,0
WI_COMMUNITY_MAPS,55,2013,55007,372,372,372,0,0,0,2013-01-01,2013-12-31,True,True,,Wisconsin Community Maps county-year API,,0,0
WI_COMMUNITY_MAPS,55,2013,55009,3998,3998,3998,0,0,0,2013-01-01,2013-12-31,True,True,,Wisconsin Community Maps county-year API,,0,0
WI_COMMUNITY_MAPS,55,2013,55011,229,229,229,0,0,0,2013-01-01,2013-12-31,True,True,,Wisconsin Community Maps county-year API,,0,0
WI_COMMUNITY_MAPS,55,2013,55013,269,269,269,0,0,0,2013-01-01,2013-12-28,True,True,,Wisconsin Community Maps county-year API,,0,0
WI_COMMUNITY_MAPS,55,2013,55015,804,804,804,0,0,0,2013-01-01,2013-12-31,True,True,,Wisconsin Community Maps county-year API,,0,0
WI_COMMUNITY_MAPS,55,2013,55017,1432,1432,1432,0,0,0,2013-01-01,2013-12-31,True,True,,Wisconsin Community Maps county-year API,,0,0
WI_COMMUNITY_MAPS,55,2013,55019,684,684,684,0,0,0,2013-01-01,2013-12-31,True,True,,Wisconsin Community Maps county-year API,,0,0
WI_COMMUNITY_MAPS,55,2013,55021,1618,1618,1618,0,0,0,2013-01-01,2013-12-31,True,True,,Wisconsin Community Maps county-year API,,0,0
WI_COMMUNITY_MAPS,55,2013,55023,434,434,434,0,0,0,2013-01-02,2013-12-31,True,True,,Wisconsin Community Maps county-year API,,0,0
WI_COMMUNITY_MAPS,55,2013,55025,11263,11263,11263,0,0,0,2013-01-01,2013-12-31,True,True,,Wisconsin Community Maps county-year API,,0,0
WI_COMMUNITY_MAPS,55,2013,55027,1672,1672,1672,0,0,0,2013-01-01,2013-12-31,True,True,,Wisconsin Community Maps county-year API,,0,0
WI_COMMUNITY_MAPS,55,2013,55029,960,960,960,0,0,0,2013-01-02,2013-12-31,True,True,,Wisconsin Community Maps county-year API,,0,0
WI_COMMUNITY_MAPS,55,2013,55031,931,931,931,0,0,0,2013-01-01,2013-12-31,True,True,,Wisconsin Community Maps county-year API,,0,0
WI_COMMUNITY_MAPS,55,2013,55033,1027,1027,1027,0,0,0,2013-01-01,2013-12-31,True,True,,Wisconsin Community Maps county-year API,,0,0
WI_COMMUNITY_MAPS,55,2013,55035,2823,2823,2823,0,0,0,2013-01-01,2013-12-31,True,True,,Wisconsin Community Maps county-year API,,0,0
WI_COMMUNITY_MAPS,55,2013,55037,106,106,106,0,0,0,2013-01-01,2013-12-24,True,True,,Wisconsin Community Maps county-year API,,0,0
WI_COMMUNITY_MAPS,55,2013,55039,2575,2575,2575,0,0,0,2013-01-01,2013-12-31,True,True,,Wisconsin Community Maps county-year API,,0,0
WI_COMMUNITY_MAPS,55,2013,55041,270,270,270,0,0,0,2013-01-02,2013-12-29,True,True,,Wisconsin Community Maps county-year API,,0,0
WI_COMMUNITY_MAPS,55,2013,55043,1241,1241,1241,0,0,0,2013-01-01,2013-12-31,True,True,,Wisconsin Community Maps county-year API,,0,0
WI_COMMUNITY_MAPS,55,2013,55045,918,918,918,0,0,0,2013-01-01,2013-12-31,True,True,,Wisconsin Community Maps county-year API,,0,0
WI_COMMUNITY_MAPS,55,2013,55047,574,574,574,0,0,0,2013-01-01,2013-12-31,True,True,,Wisconsin Community Maps county-year API,,0,0
WI_COMMUNITY_MAPS,55,2013,55049,443,443,443,0,0,0,2013-01-01,2013-12-31,True,True,,Wisconsin Community Maps county-year API,,0,0
WI_COMMUNITY_MAPS,55,2013,55051,65,65,65,0,0,0,2013-01-01,2013-12-31,True,True,,Wisconsin Community Maps county-year API,,0,0
WI_COMMUNITY_MAPS,55,2013,55053,645,645,645,0,0,0,2013-01-01,2013-12-31,True,True,,Wisconsin Community Maps county-year API,,0,0
WI_COMMUNITY_MAPS,55,2013,55055,1648,1648,1648,0,0,0,2013-01-01,2013-12-31,True,True,,Wisconsin Community Maps county-year API,,0,0
WI_COMMUNITY_MAPS,55,2013,55057,825,825,825,0,0,0,2013-01-01,2013-12-31,True,True,,Wisconsin Community Maps county-year API,,0,0
WI_COMMUNITY_MAPS,55,2013,55059,3796,3796,3796,0,0,0,2013-01-01,2013-12-31,True,True,,Wisconsin Community Maps county-year API,,0,0
WI_COMMUNITY_MAPS,55,2013,55061,325,325,325,0,0,0,2013-01-01,2013-12-29,True,True,,Wisconsin Community Maps county-year API,,0,0
WI_COMMUNITY_MAPS,55,2013,55063,3200,3200,3200,0,0,0,2013-01-01,2013-12-31,True,True,,Wisconsin Community Maps county-year API,,0,0
WI_COMMUNITY_MAPS,55,2013,55065,525,525,525,0,0,0,2013-01-01,2013-12-31,True,True,,Wisconsin Community Maps county-year API,,0,0
WI_COMMUNITY_MAPS,55,2013,55067,409,409,409,0,0,0,2013-01-01,2013-12-26,True,True,,Wisconsin Community Maps county-year API,,0,0
WI_COMMUNITY_MAPS,55,2013,55069,824,824,824,0,0,0,2013-01-01,2013-12-31,True,True,,Wisconsin Community Maps county-year API,,0,0
WI_COMMUNITY_MAPS,55,2013,55071,2166,2166,2166,0,0,0,2013-01-01,2013-12-31,True,True,,Wisconsin Community Maps county-year API,,0,0
WI_COMMUNITY_MAPS,55,2013,55073,3678,3678,3678,0,0,0,2013-01-01,2013-12-31,True,True,,Wisconsin Community Maps county-year API,,0,0
WI_COMMUNITY_MAPS,55,2013,55075,968,968,968,0,0,0,2013-01-01,2013-12-31,True,True,,Wisconsin Community Maps county-year API,,0,0
WI_COMMUNITY_MAPS,55,2013,55077,360,360,360,0,0,0,2013-01-02,2013-12-31,True,True,,Wisconsin Community Maps county-year API,,0,0
WI_COMMUNITY_MAPS,55,2013,55078,47,47,47,0,0,0,2013-01-11,2013-12-23,True,True,,Wisconsin Community Maps county-year API,,0,0
WI_COMMUNITY_MAPS,55,2013,55079,22626,22626,22626,0,0,0,2013-01-01,2013-12-31,True,True,,Wisconsin Community Maps county-year API,,0,0
WI_COMMUNITY_MAPS,55,2013,55081,1379,1379,1379,0,0,0,2013-01-01,2013-12-31,True,True,,Wisconsin Community Maps county-year API,,0,0
WI_COMMUNITY_MAPS,55,2013,55083,463,463,463,0,0,0,2013-01-01,2013-12-30,True,True,,Wisconsin Community Maps county-year API,,0,0
WI_COMMUNITY_MAPS,55,2013,55085,1068,1068,1068,0,0,0,2013-01-02,2013-12-31,True,True,,Wisconsin Community Maps county-year API,,0,0
WI_COMMUNITY_MAPS,55,2013,55087,4170,4170,4170,0,0,0,2013-01-01,2013-12-31,True,True,,Wisconsin Community Maps county-year API,,0,0
WI_COMMUNITY_MAPS,55,2013,55089,1653,1653,1653,0,0,0,2013-01-01,2013-12-31,True,True,,Wisconsin Community Maps county-year API,,0,0
WI_COMMUNITY_MAPS,55,2013,55091,151,151,151,0,0,0,2013-01-03,2013-12-31,True,True,,Wisconsin Community Maps county-year API,,0,0
WI_COMMUNITY_MAPS,55,2013,55093,595,595,595,0,0,0,2013-01-01,2013-12-31,True,True,,Wisconsin Community Maps county-year API,,0,0
WI_COMMUNITY_MAPS,55,2013,55095,714,714,714,0,0,0,2013-01-01,2013-12-31,True,True,,Wisconsin Community Maps county-year API,,0,0
WI_COMMUNITY_MAPS,55,2013,55097,1521,1521,1521,0,0,0,2013-01-01,2013-12-31,True,True,,Wisconsin Community Maps county-year API,,0,0
WI_COMMUNITY_MAPS,55,2013,55099,197,197,197,0,0,0,2013-01-04,2013-12-31,True,True,,Wisconsin Community Maps county-year API,,0,0
WI_COMMUNITY_MAPS,55,2013,55101,4472,4472,4472,0,0,0,2013-01-01,2013-12-31,True,True,,Wisconsin Community Maps county-year API,,0,0
WI_COMMUNITY_MAPS,55,2013,55103,510,510,510,0,0,0,2013-01-01,2013-12-31,True,True,,Wisconsin Community Maps county-year API,,0,0
WI_COMMUNITY_MAPS,55,2013,55105,3912,3912,3912,0,0,0,2013-01-01,2013-12-31,True,True,,Wisconsin Community Maps county-year API,,0,0
WI_COMMUNITY_MAPS,55,2013,55107,318,318,318,0,0,0,2013-01-02,2013-12-29,True,True,,Wisconsin Community Maps county-year API,,0,0
WI_COMMUNITY_MAPS,55,2013,55109,2201,2201,2201,0,0,0,2013-01-01,2013-12-31,True,True,,Wisconsin Community Maps county-year API,,0,0
WI_COMMUNITY_MAPS,55,2013,55111,1772,1772,1772,0,0,0,2013-01-01,2013-12-31,True,True,,Wisconsin Community Maps county-year API,,0,0
WI_COMMUNITY_MAPS,55,2013,55113,322,322,322,0,0,0,2013-01-02,2013-12-31,True,True,,Wisconsin Community Maps county-year API,,0,0
WI_COMMUNITY_MAPS,55,2013,55115,1413,1413,1413,0,0,0,2013-01-01,2013-12-31,True,True,,Wisconsin Community Maps county-year API,,0,0
WI_COMMUNITY_MAPS,55,2013,55117,2183,2183,2183,0,0,0,2013-01-01,2013-12-31,True,True,,Wisconsin Community Maps county-year API,,0,0
WI_COMMUNITY_MAPS,55,2013,55119,396,396,396,0,0,0,2013-01-02,2013-12-30,True,True,,Wisconsin Community Maps county-year API,,0,0
WI_COMMUNITY_MAPS,55,2013,55121,627,627,627,0,0,0,2013-01-01,2013-12-31,True,True,,Wisconsin Community Maps county-year API,,0,0
WI_COMMUNITY_MAPS,55,2013,55123,699,699,699,0,0,0,2013-01-01,2013-12-31,True,True,,Wisconsin Community Maps county-year API,,0,0
WI_COMMUNITY_MAPS,55,2013,55125,679,679,679,0,0,0,2013-01-01,2013-12-31,True,True,,Wisconsin Community Maps county-year API,,0,0
WI_COMMUNITY_MAPS,55,2013,55127,2035,2035,2035,0,0,0,2013-01-01,2013-12-31,True,True,,Wisconsin Community Maps county-year API,,0,0
WI_COMMUNITY_MAPS,55,2013,55129,336,336,336,0,0,0,2013-01-01,2013-12-31,True,True,,Wisconsin Community Maps county-year API,,0,0
WI_COMMUNITY_MAPS,55,2013,55131,3525,3525,3525,0,0,0,2013-01-01,2013-12-31,True,True,,Wisconsin Community Maps county-year API,,0,0
WI_COMMUNITY_MAPS,55,2013,55133,8035,8035,8035,0,0,0,2013-01-01,2013-12-31,True,True,,Wisconsin Community Maps county-year API,,0,0
WI_COMMUNITY_MAPS,55,2013,55135,1554,1554,1554,0,0,0,2013-01-01,2013-12-31,True,True,,Wisconsin Community Maps county-year API,,0,0
WI_COMMUNITY_MAPS,55,2013,55137,718,718,718,0,0,0,2013-01-01,2013-12-31,True,True,,Wisconsin Community Maps county-year API,,0,0
WI_COMMUNITY_MAPS,55,2013,55139,4345,4345,4345,0,0,0,2013-01-01,2013-12-31,True,True,,Wisconsin Community Maps county-year API,,0,0
WI_COMMUNITY_MAPS,55,2013,55141,1337,1337,1337,0,0,0,2013-01-01,2013-12-31,True,True,,Wisconsin Community Maps county-year API,,0,0
WI_COMMUNITY_MAPS,55,2014,55001,426,426,426,0,0,0,2014-01-01,2014-12-31,True,True,,Wisconsin Community Maps county-year API,,0,0
WI_COMMUNITY_MAPS,55,2014,55003,357,357,357,0,0,0,2014-01-01,2014-12-31,True,True,,Wisconsin Community Maps county-year API,,0,0
WI_COMMUNITY_MAPS,55,2014,55005,1023,1023,1023,0,0,0,2014-01-01,2014-12-31,True,True,,Wisconsin Community Maps county-year API,,0,0
WI_COMMUNITY_MAPS,55,2014,55007,390,390,390,0,0,0,2014-01-01,2014-12-31,True,True,,Wisconsin Community Maps county-year API,,0,0
WI_COMMUNITY_MAPS,55,2014,55009,4195,4195,4195,0,0,0,2014-01-01,2014-12-31,True,True,,Wisconsin Community Maps county-year API,,0,0
WI_COMMUNITY_MAPS,55,2014,55011,256,256,256,0,0,0,2014-01-04,2014-12-31,True,True,,Wisconsin Community Maps county-year API,,0,0
WI_COMMUNITY_MAPS,55,2014,55013,265,265,265,0,0,0,2014-01-02,2014-12-31,True,True,,Wisconsin Community Maps county-year API,,0,0
WI_COMMUNITY_MAPS,55,2014,55015,868,868,868,0,0,0,2014-01-01,2014-12-30,True,True,,Wisconsin Community Maps county-year API,,0,0
WI_COMMUNITY_MAPS,55,2014,55017,1491,1491,1491,0,0,0,2014-01-01,2014-12-31,True,True,,Wisconsin Community Maps county-year API,,0,0
WI_COMMUNITY_MAPS,55,2014,55019,658,658,658,0,0,0,2014-01-01,2014-12-30,True,True,,Wisconsin Community Maps county-year API,,0,0
WI_COMMUNITY_MAPS,55,2014,55021,1547,1547,1547,0,0,0,2014-01-01,2014-12-31,True,True,,Wisconsin Community Maps county-year API,,0,0
WI_COMMUNITY_MAPS,55,2014,55023,427,427,427,0,0,0,2014-01-02,2014-12-31,True,True,,Wisconsin Community Maps county-year API,,0,0
WI_COMMUNITY_MAPS,55,2014,55025,11940,11940,11940,0,0,0,2014-01-01,2014-12-31,True,True,,Wisconsin Community Maps county-year API,,0,0
WI_COMMUNITY_MAPS,55,2014,55027,1690,1690,1690,0,0,0,2014-01-01,2014-12-31,True,True,,Wisconsin Community Maps county-year API,,0,0
WI_COMMUNITY_MAPS,55,2014,55029,915,915,915,0,0,0,2014-01-01,2014-12-31,True,True,,Wisconsin Community Maps county-year API,,0,0
WI_COMMUNITY_MAPS,55,2014,55031,1062,1062,1062,0,0,0,2014-01-01,2014-12-31,True,True,,Wisconsin Community Maps county-year API,,0,0
WI_COMMUNITY_MAPS,55,2014,55033,1060,1060,1060,0,0,0,2014-01-02,2014-12-31,True,True,,Wisconsin Community Maps county-year API,,0,0
WI_COMMUNITY_MAPS,55,2014,55035,2883,2883,2883,0,0,0,2014-01-01,2014-12-31,True,True,,Wisconsin Community Maps county-year API,,0,0
WI_COMMUNITY_MAPS,55,2014,55037,103,103,103,0,0,0,2014-01-02,2014-12-29,True,True,,Wisconsin Community Maps county-year API,,0,0
WI_COMMUNITY_MAPS,55,2014,55039,2587,2587,2587,0,0,0,2014-01-01,2014-12-31,True,True,,Wisconsin Community Maps county-year API,,0,0
WI_COMMUNITY_MAPS,55,2014,55041,180,180,180,0,0,0,2014-01-01,2014-12-31,True,True,,Wisconsin Community Maps county-year API,,0,0
WI_COMMUNITY_MAPS,55,2014,55043,1239,1239,1239,0,0,0,2014-01-01,2014-12-31,True,True,,Wisconsin Community Maps county-year API,,0,0
WI_COMMUNITY_MAPS,55,2014,55045,956,956,956,0,0,0,2014-01-01,2014-12-31,True,True,,Wisconsin Community Maps county-year API,,0,0
WI_COMMUNITY_MAPS,55,2014,55047,608,608,608,0,0,0,2014-01-01,2014-12-31,True,True,,Wisconsin Community Maps county-year API,,0,0
WI_COMMUNITY_MAPS,55,2014,55049,424,424,424,0,0,0,2014-01-01,2014-12-31,True,True,,Wisconsin Community Maps county-year API,,0,0
WI_COMMUNITY_MAPS,55,2014,55051,70,70,70,0,0,0,2014-01-03,2014-12-31,True,True,,Wisconsin Community Maps county-year API,,0,0
WI_COMMUNITY_MAPS,55,2014,55053,587,587,587,0,0,0,2014-01-01,2014-12-31,True,True,,Wisconsin Community Maps county-year API,,0,0
WI_COMMUNITY_MAPS,55,2014,55055,1677,1677,1677,0,0,0,2014-01-01,2014-12-31,True,True,,Wisconsin Community Maps county-year API,,0,0
WI_COMMUNITY_MAPS,55,2014,55057,759,759,759,0,0,0,2014-01-01,2014-12-31,True,True,,Wisconsin Community Maps county-year API,,0,0
WI_COMMUNITY_MAPS,55,2014,55059,3944,3944,3944,0,0,0,2014-01-01,2014-12-31,True,True,,Wisconsin Community Maps county-year API,,0,0
WI_COMMUNITY_MAPS,55,2014,55061,404,404,404,0,0,0,2014-01-11,2014-12-31,True,True,,Wisconsin Community Maps county-year API,,0,0
WI_COMMUNITY_MAPS,55,2014,55063,3249,3249,3249,0,0,0,2014-01-01,2014-12-31,True,True,,Wisconsin Community Maps county-year API,,0,0
WI_COMMUNITY_MAPS,55,2014,55065,534,534,534,0,0,0,2014-01-01,2014-12-30,True,True,,Wisconsin Community Maps county-year API,,0,0
WI_COMMUNITY_MAPS,55,2014,55067,419,419,419,0,0,0,2014-01-02,2014-12-31,True,True,,Wisconsin Community Maps county-year API,,0,0
WI_COMMUNITY_MAPS,55,2014,55069,842,842,842,0,0,0,2014-01-02,2014-12-31,True,True,,Wisconsin Community Maps county-year API,,0,0
WI_COMMUNITY_MAPS,55,2014,55071,2196,2196,2196,0,0,0,2014-01-01,2014-12-31,True,True,,Wisconsin Community Maps county-year API,,0,0
WI_COMMUNITY_MAPS,55,2014,55073,3708,3708,3708,0,0,0,2014-01-01,2014-12-31,True,True,,Wisconsin Community Maps county-year API,,0,0
WI_COMMUNITY_MAPS,55,2014,55075,916,916,916,0,0,0,2014-01-01,2014-12-31,True,True,,Wisconsin Community Maps county-year API,,0,0
WI_COMMUNITY_MAPS,55,2014,55077,382,382,382,0,0,0,2014-01-01,2014-12-30,True,True,,Wisconsin Community Maps county-year API,,0,0
WI_COMMUNITY_MAPS,55,2014,55078,28,28,28,0,0,0,2014-01-04,2014-12-16,True,True,,Wisconsin Community Maps county-year API,,0,0
WI_COMMUNITY_MAPS,55,2014,55079,23205,23205,23205,0,0,0,2014-01-01,2014-12-31,True,True,,Wisconsin Community Maps county-year API,,0,0
WI_COMMUNITY_MAPS,55,2014,55081,1288,1288,1288,0,0,0,2014-01-01,2014-12-31,True,True,,Wisconsin Community Maps county-year API,,0,0
WI_COMMUNITY_MAPS,55,2014,55083,413,413,413,0,0,0,2014-01-01,2014-12-29,True,True,,Wisconsin Community Maps county-year API,,0,0
WI_COMMUNITY_MAPS,55,2014,55085,1108,1108,1108,0,0,0,2014-01-01,2014-12-31,True,True,,Wisconsin Community Maps county-year API,,0,0
WI_COMMUNITY_MAPS,55,2014,55087,4145,4145,4145,0,0,0,2014-01-01,2014-12-31,True,True,,Wisconsin Community Maps county-year API,,0,0
WI_COMMUNITY_MAPS,55,2014,55089,1647,1647,1647,0,0,0,2014-01-01,2014-12-31,True,True,,Wisconsin Community Maps county-year API,,0,0
WI_COMMUNITY_MAPS,55,2014,55091,147,147,147,0,0,0,2014-01-01,2014-12-31,True,True,,Wisconsin Community Maps county-year API,,0,0
WI_COMMUNITY_MAPS,55,2014,55093,561,561,561,0,0,0,2014-01-01,2014-12-30,True,True,,Wisconsin Community Maps county-year API,,0,0
WI_COMMUNITY_MAPS,55,2014,55095,752,752,752,0,0,0,2014-01-01,2014-12-31,True,True,,Wisconsin Community Maps county-year API,,0,0
WI_COMMUNITY_MAPS,55,2014,55097,1593,1593,1593,0,0,0,2014-01-01,2014-12-31,True,True,,Wisconsin Community Maps county-year API,,0,0
WI_COMMUNITY_MAPS,55,2014,55099,193,193,193,0,0,0,2014-01-01,2014-12-30,True,True,,Wisconsin Community Maps county-year API,,0,0
WI_COMMUNITY_MAPS,55,2014,55101,4832,4832,4832,0,0,0,2014-01-01,2014-12-31,True,True,,Wisconsin Community Maps county-year API,,0,0
WI_COMMUNITY_MAPS,55,2014,55103,478,478,478,0,0,0,2014-01-01,2014-12-31,True,True,,Wisconsin Community Maps county-year API,,0,0
WI_COMMUNITY_MAPS,55,2014,55105,4081,4081,4081,0,0,0,2014-01-01,2014-12-31,True,True,,Wisconsin Community Maps county-year API,,0,0
WI_COMMUNITY_MAPS,55,2014,55107,279,279,279,0,0,0,2014-01-02,2014-12-31,True,True,,Wisconsin Community Maps county-year API,,0,0
WI_COMMUNITY_MAPS,55,2014,55109,2239,2239,2239,0,0,0,2014-01-01,2014-12-31,True,True,,Wisconsin Community Maps county-year API,,0,0
WI_COMMUNITY_MAPS,55,2014,55111,1829,1829,1829,0,0,0,2014-01-01,2014-12-31,True,True,,Wisconsin Community Maps county-year API,,0,0
WI_COMMUNITY_MAPS,55,2014,55113,304,304,304,0,0,0,2014-01-01,2014-12-31,True,True,,Wisconsin Community Maps county-year API,,0,0
WI_COMMUNITY_MAPS,55,2014,55115,1389,1389,1389,0,0,0,2014-01-01,2014-12-31,True,True,,Wisconsin Community Maps county-year API,,0,0
WI_COMMUNITY_MAPS,55,2014,55117,2102,2102,2102,0,0,0,2014-01-01,2014-12-31,True,True,,Wisconsin Community Maps county-year API,,0,0
WI_COMMUNITY_MAPS,55,2014,55119,444,444,444,0,0,0,2014-01-01,2014-12-31,True,True,,Wisconsin Community Maps county-year API,,0,0
WI_COMMUNITY_MAPS,55,2014,55121,639,639,639,0,0,0,2014-01-01,2014-12-31,True,True,,Wisconsin Community Maps county-year API,,0,0
WI_COMMUNITY_MAPS,55,2014,55123,590,590,590,0,0,0,2014-01-04,2014-12-31,True,True,,Wisconsin Community Maps county-year API,,0,0
WI_COMMUNITY_MAPS,55,2014,55125,555,555,555,0,0,0,2014-01-01,2014-12-31,True,True,,Wisconsin Community Maps county-year API,,0,0
WI_COMMUNITY_MAPS,55,2014,55127,1964,1964,1964,0,0,0,2014-01-01,2014-12-31,True,True,,Wisconsin Community Maps county-year API,,0,0
WI_COMMUNITY_MAPS,55,2014,55129,380,380,380,0,0,0,2014-01-04,2014-12-30,True,True,,Wisconsin Community Maps county-year API,,0,0
WI_COMMUNITY_MAPS,55,2014,55131,3525,3525,3525,0,0,0,2014-01-01,2014-12-31,True,True,,Wisconsin Community Maps county-year API,,0,0
WI_COMMUNITY_MAPS,55,2014,55133,8225,8225,8225,0,0,0,2014-01-01,2014-12-31,True,True,,Wisconsin Community Maps county-year API,,0,0
WI_COMMUNITY_MAPS,55,2014,55135,1436,1436,1436,0,0,0,2014-01-01,2014-12-31,True,True,,Wisconsin Community Maps county-year API,,0,0
WI_COMMUNITY_MAPS,55,2014,55137,746,746,746,0,0,0,2014-01-01,2014-12-31,True,True,,Wisconsin Community Maps county-year API,,0,0
WI_COMMUNITY_MAPS,55,2014,55139,4096,4096,4096,0,0,0,2014-01-01,2014-12-31,True,True,,Wisconsin Community Maps county-year API,,0,0
WI_COMMUNITY_MAPS,55,2014,55141,1479,1479,1479,0,0,0,2014-01-02,2014-12-31,True,True,,Wisconsin Community Maps county-year API,,0,0
WI_COMMUNITY_MAPS,55,2015,55001,436,436,436,0,0,0,2015-01-01,2015-12-31,True,True,,Wisconsin Community Maps county-year API,,0,0
WI_COMMUNITY_MAPS,55,2015,55003,285,285,285,0,0,0,2015-01-01,2015-12-31,True,True,,Wisconsin Community Maps county-year API,,0,0
WI_COMMUNITY_MAPS,55,2015,55005,795,795,795,0,0,0,2015-01-01,2015-12-31,True,True,,Wisconsin Community Maps county-year API,,0,0
WI_COMMUNITY_MAPS,55,2015,55007,372,372,372,0,0,0,2015-01-01,2015-12-30,True,True,,Wisconsin Community Maps county-year API,,0,0
WI_COMMUNITY_MAPS,55,2015,55009,4093,4093,4093,0,0,0,2015-01-01,2015-12-31,True,True,,Wisconsin Community Maps county-year API,,0,0
WI_COMMUNITY_MAPS,55,2015,55011,231,231,231,0,0,0,2015-01-05,2015-12-30,True,True,,Wisconsin Community Maps county-year API,,0,0
WI_COMMUNITY_MAPS,55,2015,55013,241,241,241,0,0,0,2015-01-01,2015-12-31,True,True,,Wisconsin Community Maps county-year API,,0,0
WI_COMMUNITY_MAPS,55,2015,55015,866,866,866,0,0,0,2015-01-01,2015-12-30,True,True,,Wisconsin Community Maps county-year API,,0,0
WI_COMMUNITY_MAPS,55,2015,55017,1268,1268,1268,0,0,0,2015-01-01,2015-12-31,True,True,,Wisconsin Community Maps county-year API,,0,0
WI_COMMUNITY_MAPS,55,2015,55019,573,573,573,0,0,0,2015-01-01,2015-12-31,True,True,,Wisconsin Community Maps county-year API,,0,0
WI_COMMUNITY_MAPS,55,2015,55021,1598,1598,1598,0,0,0,2015-01-01,2015-12-31,True,True,,Wisconsin Community Maps county-year API,,0,0
WI_COMMUNITY_MAPS,55,2015,55023,382,382,382,0,0,0,2015-01-03,2015-12-31,True,True,,Wisconsin Community Maps county-year API,,0,0
WI_COMMUNITY_MAPS,55,2015,55025,12275,12275,12275,0,0,0,2015-01-01,2015-12-31,True,True,,Wisconsin Community Maps county-year API,,0,0
WI_COMMUNITY_MAPS,55,2015,55027,1668,1668,1668,0,0,0,2015-01-01,2015-12-31,True,True,,Wisconsin Community Maps county-year API,,0,0
WI_COMMUNITY_MAPS,55,2015,55029,982,982,982,0,0,0,2015-01-01,2015-12-31,True,True,,Wisconsin Community Maps county-year API,,0,0
WI_COMMUNITY_MAPS,55,2015,55031,812,812,812,0,0,0,2015-01-01,2015-12-31,True,True,,Wisconsin Community Maps county-year API,,0,0
WI_COMMUNITY_MAPS,55,2015,55033,945,945,945,0,0,0,2015-01-01,2015-12-31,True,True,,Wisconsin Community Maps county-year API,,0,0
WI_COMMUNITY_MAPS,55,2015,55035,2632,2632,2632,0,0,0,2015-01-01,2015-12-31,True,True,,Wisconsin Community Maps county-year API,,0,0
WI_COMMUNITY_MAPS,55,2015,55037,126,126,126,0,0,0,2015-01-03,2015-12-28,True,True,,Wisconsin Community Maps county-year API,,0,0
WI_COMMUNITY_MAPS,55,2015,55039,2765,2765,2765,0,0,0,2015-01-01,2015-12-31,True,True,,Wisconsin Community Maps county-year API,,0,0
WI_COMMUNITY_MAPS,55,2015,55041,199,199,199,0,0,0,2015-01-01,2015-12-31,True,True,,Wisconsin Community Maps county-year API,,0,0
WI_COMMUNITY_MAPS,55,2015,55043,1260,1260,1260,0,0,0,2015-01-01,2015-12-31,True,True,,Wisconsin Community Maps county-year API,,0,0
WI_COMMUNITY_MAPS,55,2015,55045,949,949,949,0,0,0,2015-01-02,2015-12-31,True,True,,Wisconsin Community Maps county-year API,,0,0
WI_COMMUNITY_MAPS,55,2015,55047,554,554,554,0,0,0,2015-01-01,2015-12-31,True,True,,Wisconsin Community Maps county-year API,,0,0
WI_COMMUNITY_MAPS,55,2015,55049,404,404,404,0,0,0,2015-01-01,2015-12-31,True,True,,Wisconsin Community Maps county-year API,,0,0
WI_COMMUNITY_MAPS,55,2015,55051,94,94,94,0,0,0,2015-01-02,2015-12-24,True,True,,Wisconsin Community Maps county-year API,,0,0
WI_COMMUNITY_MAPS,55,2015,55053,593,593,593,0,0,0,2015-01-01,2015-12-31,True,True,,Wisconsin Community Maps county-year API,,0,0
WI_COMMUNITY_MAPS,55,2015,55055,1716,1716,1716,0,0,0,2015-01-01,2015-12-31,True,True,,Wisconsin Community Maps county-year API,,0,0
WI_COMMUNITY_MAPS,55,2015,55057,796,796,796,0,0,0,2015-01-01,2015-12-31,True,True,,Wisconsin Community Maps county-year API,,0,0
WI_COMMUNITY_MAPS,55,2015,55059,4099,4099,4099,0,0,0,2015-01-01,2015-12-31,True,True,,Wisconsin Community Maps county-year API,,0,0
WI_COMMUNITY_MAPS,55,2015,55061,471,471,471,0,0,0,2015-01-01,2015-12-28,True,True,,Wisconsin Community Maps county-year API,,0,0
WI_COMMUNITY_MAPS,55,2015,55063,3647,3647,3647,0,0,0,2015-01-01,2015-12-31,True,True,,Wisconsin Community Maps county-year API,,0,0
WI_COMMUNITY_MAPS,55,2015,55065,560,560,560,0,0,0,2015-01-01,2015-12-31,True,True,,Wisconsin Community Maps county-year API,,0,0
WI_COMMUNITY_MAPS,55,2015,55067,407,407,407,0,0,0,2015-01-01,2015-12-31,True,True,,Wisconsin Community Maps county-year API,,0,0
WI_COMMUNITY_MAPS,55,2015,55069,791,791,791,0,0,0,2015-01-01,2015-12-31,True,True,,Wisconsin Community Maps county-year API,,0,0
WI_COMMUNITY_MAPS,55,2015,55071,2169,2169,2169,0,0,0,2015-01-01,2015-12-31,True,True,,Wisconsin Community Maps county-year API,,0,0
WI_COMMUNITY_MAPS,55,2015,55073,3291,3291,3291,0,0,0,2015-01-01,2015-12-31,True,True,,Wisconsin Community Maps county-year API,,0,0
WI_COMMUNITY_MAPS,55,2015,55075,925,925,925,0,0,0,2015-01-01,2015-12-31,True,True,,Wisconsin Community Maps county-year API,,0,0
WI_COMMUNITY_MAPS,55,2015,55077,418,418,418,0,0,0,2015-01-01,2015-12-29,True,True,,Wisconsin Community Maps county-year API,,0,0
WI_COMMUNITY_MAPS,55,2015,55078,56,56,56,0,0,0,2015-01-01,2015-12-28,True,True,,Wisconsin Community Maps county-year API,,0,0
WI_COMMUNITY_MAPS,55,2015,55079,26207,26207,26207,0,0,0,2015-01-01,2015-12-31,True,True,,Wisconsin Community Maps county-year API,,0,0
WI_COMMUNITY_MAPS,55,2015,55081,1352,1352,1352,0,0,0,2015-01-01,2015-12-31,True,True,,Wisconsin Community Maps county-year API,,0,0
WI_COMMUNITY_MAPS,55,2015,55083,418,418,418,0,0,0,2015-01-01,2015-12-31,True,True,,Wisconsin Community Maps county-year API,,0,0
WI_COMMUNITY_MAPS,55,2015,55085,959,959,959,0,0,0,2015-01-01,2015-12-31,True,True,,Wisconsin Community Maps county-year API,,0,0
WI_COMMUNITY_MAPS,55,2015,55087,4125,4125,4125,0,0,0,2015-01-01,2015-12-31,True,True,,Wisconsin Community Maps county-year API,,0,0
WI_COMMUNITY_MAPS,55,2015,55089,1736,1736,1736,0,0,0,2015-01-01,2015-12-31,True,True,,Wisconsin Community Maps county-year API,,0,0
WI_COMMUNITY_MAPS,55,2015,55091,148,148,148,0,0,0,2015-01-01,2015-12-31,True,True,,Wisconsin Community Maps county-year API,,0,0
WI_COMMUNITY_MAPS,55,2015,55093,556,556,556,0,0,0,2015-01-04,2015-12-31,True,True,,Wisconsin Community Maps county-year API,,0,0
WI_COMMUNITY_MAPS,55,2015,55095,677,677,677,0,0,0,2015-01-01,2015-12-31,True,True,,Wisconsin Community Maps county-year API,,0,0
WI_COMMUNITY_MAPS,55,2015,55097,1381,1381,1381,0,0,0,2015-01-01,2015-12-31,True,True,,Wisconsin Community Maps county-year API,,0,0
WI_COMMUNITY_MAPS,55,2015,55099,198,198,198,0,0,0,2015-01-03,2015-12-31,True,True,,Wisconsin Community Maps county-year API,,0,0
WI_COMMUNITY_MAPS,55,2015,55101,4826,4826,4826,0,0,0,2015-01-01,2015-12-31,True,True,,Wisconsin Community Maps county-year API,,0,0
WI_COMMUNITY_MAPS,55,2015,55103,531,531,531,0,0,0,2015-01-04,2015-12-31,True,True,,Wisconsin Community Maps county-year API,,0,0
WI_COMMUNITY_MAPS,55,2015,55105,4041,4041,4041,0,0,0,2015-01-01,2015-12-31,True,True,,Wisconsin Community Maps county-year API,,0,0
WI_COMMUNITY_MAPS,55,2015,55107,257,257,257,0,0,0,2015-01-01,2015-12-31,True,True,,Wisconsin Community Maps county-year API,,0,0
WI_COMMUNITY_MAPS,55,2015,55109,2212,2212,2212,0,0,0,2015-01-01,2015-12-31,True,True,,Wisconsin Community Maps county-year API,,0,0
WI_COMMUNITY_MAPS,55,2015,55111,1994,1994,1994,0,0,0,2015-01-01,2015-12-31,True,True,,Wisconsin Community Maps county-year API,,0,0
WI_COMMUNITY_MAPS,55,2015,55113,309,309,309,0,0,0,2015-01-01,2015-12-27,True,True,,Wisconsin Community Maps county-year API,,0,0
WI_COMMUNITY_MAPS,55,2015,55115,1323,1323,1323,0,0,0,2015-01-01,2015-12-31,True,True,,Wisconsin Community Maps county-year API,,0,0
WI_COMMUNITY_MAPS,55,2015,55117,2124,2124,2124,0,0,0,2015-01-01,2015-12-31,True,True,,Wisconsin Community Maps county-year API,,0,0
WI_COMMUNITY_MAPS,55,2015,55119,452,452,452,0,0,0,2015-01-02,2015-12-31,True,True,,Wisconsin Community Maps county-year API,,0,0
WI_COMMUNITY_MAPS,55,2015,55121,522,522,522,0,0,0,2015-01-01,2015-12-31,True,True,,Wisconsin Community Maps county-year API,,0,0
WI_COMMUNITY_MAPS,55,2015,55123,871,871,871,0,0,0,2015-01-01,2015-12-31,True,True,,Wisconsin Community Maps county-year API,,0,0
WI_COMMUNITY_MAPS,55,2015,55125,550,550,550,0,0,0,2015-01-01,2015-12-31,True,True,,Wisconsin Community Maps county-year API,,0,0
WI_COMMUNITY_MAPS,55,2015,55127,1954,1954,1954,0,0,0,2015-01-01,2015-12-31,True,True,,Wisconsin Community Maps county-year API,,0,0
WI_COMMUNITY_MAPS,55,2015,55129,342,342,342,0,0,0,2015-01-01,2015-12-31,True,True,,Wisconsin Community Maps county-year API,,0,0
WI_COMMUNITY_MAPS,55,2015,55131,3609,3609,3609,0,0,0,2015-01-01,2015-12-31,True,True,,Wisconsin Community Maps county-year API,,0,0
WI_COMMUNITY_MAPS,55,2015,55133,8336,8336,8336,0,0,0,2015-01-01,2015-12-31,True,True,,Wisconsin Community Maps county-year API,,0,0
WI_COMMUNITY_MAPS,55,2015,55135,1445,1445,1445,0,0,0,2015-01-01,2015-12-31,True,True,,Wisconsin Community Maps county-year API,,0,0
WI_COMMUNITY_MAPS,55,2015,55137,635,635,635,0,0,0,2015-01-01,2015-12-31,True,True,,Wisconsin Community Maps county-year API,,0,0
WI_COMMUNITY_MAPS,55,2015,55139,4078,4078,4078,0,0,0,2015-01-01,2015-12-31,True,True,,Wisconsin Community Maps county-year API,,0,0
WI_COMMUNITY_MAPS,55,2015,55141,1392,1392,1392,0,0,0,2015-01-01,2015-12-31,True,True,,Wisconsin Community Maps county-year API,,0,0
WI_COMMUNITY_MAPS,55,2016,55001,447,447,447,0,0,0,2016-01-01,2016-12-30,True,True,,Wisconsin Community Maps county-year API,,0,0
WI_COMMUNITY_MAPS,55,2016,55003,333,333,333,0,0,0,2016-01-01,2016-12-30,True,True,,Wisconsin Community Maps county-year API,,0,0
WI_COMMUNITY_MAPS,55,2016,55005,912,912,912,0,0,0,2016-01-01,2016-12-31,True,True,,Wisconsin Community Maps county-year API,,0,0
WI_COMMUNITY_MAPS,55,2016,55007,364,364,364,0,0,0,2016-01-01,2016-12-31,True,True,,Wisconsin Community Maps county-year API,,0,0
WI_COMMUNITY_MAPS,55,2016,55009,4248,4248,4248,0,0,0,2016-01-01,2016-12-31,True,True,,Wisconsin Community Maps county-year API,,0,0
WI_COMMUNITY_MAPS,55,2016,55011,273,273,273,0,0,0,2016-01-01,2016-12-30,True,True,,Wisconsin Community Maps county-year API,,0,0
WI_COMMUNITY_MAPS,55,2016,55013,284,284,284,0,0,0,2016-01-01,2016-12-31,True,True,,Wisconsin Community Maps county-year API,,0,0
WI_COMMUNITY_MAPS,55,2016,55015,896,896,896,0,0,0,2016-01-01,2016-12-31,True,True,,Wisconsin Community Maps county-year API,,0,0
WI_COMMUNITY_MAPS,55,2016,55017,1453,1453,1453,0,0,0,2016-01-01,2016-12-31,True,True,,Wisconsin Community Maps county-year API,,0,0
WI_COMMUNITY_MAPS,55,2016,55019,635,635,635,0,0,0,2016-01-03,2016-12-31,True,True,,Wisconsin Community Maps county-year API,,0,0
WI_COMMUNITY_MAPS,55,2016,55021,1566,1566,1566,0,0,0,2016-01-01,2016-12-31,True,True,,Wisconsin Community Maps county-year API,,0,0
WI_COMMUNITY_MAPS,55,2016,55023,386,386,386,0,0,0,2016-01-02,2016-12-31,True,True,,Wisconsin Community Maps county-year API,,0,0
WI_COMMUNITY_MAPS,55,2016,55025,13276,13276,13276,0,0,0,2016-01-01,2016-12-31,True,True,,Wisconsin Community Maps county-year API,,0,0
WI_COMMUNITY_MAPS,55,2016,55027,1779,1779,1779,0,0,0,2016-01-01,2016-12-30,True,True,,Wisconsin Community Maps county-year API,,0,0
WI_COMMUNITY_MAPS,55,2016,55029,982,982,982,0,0,0,2016-01-01,2016-12-31,True,True,,Wisconsin Community Maps county-year API,,0,0
WI_COMMUNITY_MAPS,55,2016,55031,816,816,816,0,0,0,2016-01-01,2016-12-30,True,True,,Wisconsin Community Maps county-year API,,0,0
WI_COMMUNITY_MAPS,55,2016,55033,922,922,922,0,0,0,2016-01-01,2016-12-30,True,True,,Wisconsin Community Maps county-year API,,0,0
WI_COMMUNITY_MAPS,55,2016,55035,2816,2816,2816,0,0,0,2016-01-01,2016-12-31,True,True,,Wisconsin Community Maps county-year API,,0,0
WI_COMMUNITY_MAPS,55,2016,55037,116,116,116,0,0,0,2016-01-04,2016-12-28,True,True,,Wisconsin Community Maps county-year API,,0,0
WI_COMMUNITY_MAPS,55,2016,55039,2611,2611,2611,0,0,0,2016-01-01,2016-12-31,True,True,,Wisconsin Community Maps county-year API,,0,0
WI_COMMUNITY_MAPS,55,2016,55041,216,216,216,0,0,0,2016-01-01,2016-12-31,True,True,,Wisconsin Community Maps county-year API,,0,0
WI_COMMUNITY_MAPS,55,2016,55043,1381,1381,1381,0,0,0,2016-01-01,2016-12-31,True,True,,Wisconsin Community Maps county-year API,,0,0
WI_COMMUNITY_MAPS,55,2016,55045,886,886,886,0,0,0,2016-01-01,2016-12-31,True,True,,Wisconsin Community Maps county-year API,,0,0
WI_COMMUNITY_MAPS,55,2016,55047,497,497,497,0,0,0,2016-01-01,2016-12-31,True,True,,Wisconsin Community Maps county-year API,,0,0
WI_COMMUNITY_MAPS,55,2016,55049,444,444,444,0,0,0,2016-01-01,2016-12-29,True,True,,Wisconsin Community Maps county-year API,,0,0
WI_COMMUNITY_MAPS,55,2016,55051,77,77,77,0,0,0,2016-01-05,2016-12-27,True,True,,Wisconsin Community Maps county-year API,,0,0
WI_COMMUNITY_MAPS,55,2016,55053,642,642,642,0,0,0,2016-01-02,2016-12-31,True,True,,Wisconsin Community Maps county-year API,,0,0
WI_COMMUNITY_MAPS,55,2016,55055,1919,1919,1919,0,0,0,2016-01-01,2016-12-31,True,True,,Wisconsin Community Maps county-year API,,0,0
WI_COMMUNITY_MAPS,55,2016,55057,854,854,854,0,0,0,2016-01-01,2016-12-31,True,True,,Wisconsin Community Maps county-year API,,0,0
WI_COMMUNITY_MAPS,55,2016,55059,4406,4406,4406,0,0,0,2016-01-01,2016-12-31,True,True,,Wisconsin Community Maps county-year API,,0,0
WI_COMMUNITY_MAPS,55,2016,55061,551,551,551,0,0,0,2016-01-01,2016-12-31,True,True,,Wisconsin Community Maps county-year API,,0,0
WI_COMMUNITY_MAPS,55,2016,55063,3820,3820,3820,0,0,0,2016-01-01,2016-12-31,True,True,,Wisconsin Community Maps county-year API,,0,0
WI_COMMUNITY_MAPS,55,2016,55065,575,575,575,0,0,0,2016-01-01,2016-12-30,True,True,,Wisconsin Community Maps county-year API,,0,0
WI_COMMUNITY_MAPS,55,2016,55067,464,464,464,0,0,0,2016-01-01,2016-12-31,True,True,,Wisconsin Community Maps county-year API,,0,0
WI_COMMUNITY_MAPS,55,2016,55069,757,757,757,0,0,0,2016-01-01,2016-12-31,True,True,,Wisconsin Community Maps county-year API,,0,0
WI_COMMUNITY_MAPS,55,2016,55071,2375,2375,2375,0,0,0,2016-01-01,2016-12-31,True,True,,Wisconsin Community Maps county-year API,,0,0
WI_COMMUNITY_MAPS,55,2016,55073,3622,3622,3622,0,0,0,2016-01-01,2016-12-31,True,True,,Wisconsin Community Maps county-year API,,0,0
WI_COMMUNITY_MAPS,55,2016,55075,940,940,940,0,0,0,2016-01-01,2016-12-30,True,True,,Wisconsin Community Maps county-year API,,0,0
WI_COMMUNITY_MAPS,55,2016,55077,398,398,398,0,0,0,2016-01-02,2016-12-31,True,True,,Wisconsin Community Maps county-year API,,0,0
WI_COMMUNITY_MAPS,55,2016,55078,40,40,40,0,0,0,2016-01-09,2016-12-26,True,True,,Wisconsin Community Maps county-year API,,0,0
WI_COMMUNITY_MAPS,55,2016,55079,27084,27084,27084,0,0,0,2016-01-01,2016-12-31,True,True,,Wisconsin Community Maps county-year API,,0,0
WI_COMMUNITY_MAPS,55,2016,55081,1390,1390,1390,0,0,0,2016-01-01,2016-12-31,True,True,,Wisconsin Community Maps county-year API,,0,0
WI_COMMUNITY_MAPS,55,2016,55083,442,442,442,0,0,0,2016-01-02,2016-12-31,True,True,,Wisconsin Community Maps county-year API,,0,0
WI_COMMUNITY_MAPS,55,2016,55085,1160,1160,1160,0,0,0,2016-01-01,2016-12-31,True,True,,Wisconsin Community Maps county-year API,,0,0
WI_COMMUNITY_MAPS,55,2016,55087,4463,4463,4463,0,0,0,2016-01-01,2016-12-31,True,True,,Wisconsin Community Maps county-year API,,0,0
WI_COMMUNITY_MAPS,55,2016,55089,1816,1816,1816,0,0,0,2016-01-01,2016-12-31,True,True,,Wisconsin Community Maps county-year API,,0,0
WI_COMMUNITY_MAPS,55,2016,55091,150,150,150,0,0,0,2016-01-01,2016-12-31,True,True,,Wisconsin Community Maps county-year API,,0,0
WI_COMMUNITY_MAPS,55,2016,55093,567,567,567,0,0,0,2016-01-01,2016-12-30,True,True,,Wisconsin Community Maps county-year API,,0,0
WI_COMMUNITY_MAPS,55,2016,55095,734,734,734,0,0,0,2016-01-01,2016-12-31,True,True,,Wisconsin Community Maps county-year API,,0,0
WI_COMMUNITY_MAPS,55,2016,55097,1493,1493,1493,0,0,0,2016-01-01,2016-12-31,True,True,,Wisconsin Community Maps county-year API,,0,0
WI_COMMUNITY_MAPS,55,2016,55099,216,216,216,0,0,0,2016-01-03,2016-12-31,True,True,,Wisconsin Community Maps county-year API,,0,0
WI_COMMUNITY_MAPS,55,2016,55101,4879,4879,4879,0,0,0,2016-01-01,2016-12-31,True,True,,Wisconsin Community Maps county-year API,,0,0
WI_COMMUNITY_MAPS,55,2016,55103,521,521,521,0,0,0,2016-01-02,2016-12-31,True,True,,Wisconsin Community Maps county-year API,,0,0
WI_COMMUNITY_MAPS,55,2016,55105,4589,4589,4589,0,0,0,2016-01-01,2016-12-31,True,True,,Wisconsin Community Maps county-year API,,0,0
WI_COMMUNITY_MAPS,55,2016,55107,272,272,272,0,0,0,2016-01-01,2016-12-31,True,True,,Wisconsin Community Maps county-year API,,0,0
WI_COMMUNITY_MAPS,55,2016,55109,2357,2357,2357,0,0,0,2016-01-01,2016-12-31,True,True,,Wisconsin Community Maps county-year API,,0,0
WI_COMMUNITY_MAPS,55,2016,55111,2011,2011,2011,0,0,0,2016-01-01,2016-12-31,True,True,,Wisconsin Community Maps county-year API,,0,0
WI_COMMUNITY_MAPS,55,2016,55113,343,343,343,0,0,0,2016-01-01,2016-12-30,True,True,,Wisconsin Community Maps county-year API,,0,0
WI_COMMUNITY_MAPS,55,2016,55115,1327,1327,1327,0,0,0,2016-01-01,2016-12-31,True,True,,Wisconsin Community Maps county-year API,,0,0
WI_COMMUNITY_MAPS,55,2016,55117,2942,2942,2942,0,0,0,2016-01-01,2016-12-31,True,True,,Wisconsin Community Maps county-year API,,0,0
WI_COMMUNITY_MAPS,55,2016,55119,440,440,440,0,0,0,2016-01-01,2016-12-31,True,True,,Wisconsin Community Maps county-year API,,0,0
WI_COMMUNITY_MAPS,55,2016,55121,593,593,593,0,0,0,2016-01-04,2016-12-30,True,True,,Wisconsin Community Maps county-year API,,0,0
WI_COMMUNITY_MAPS,55,2016,55123,885,885,885,0,0,0,2016-01-01,2016-12-31,True,True,,Wisconsin Community Maps county-year API,,0,0
WI_COMMUNITY_MAPS,55,2016,55125,663,663,663,0,0,0,2016-01-01,2016-12-31,True,True,,Wisconsin Community Maps county-year API,,0,0
WI_COMMUNITY_MAPS,55,2016,55127,2206,2206,2206,0,0,0,2016-01-01,2016-12-31,True,True,,Wisconsin Community Maps county-year API,,0,0
WI_COMMUNITY_MAPS,55,2016,55129,395,395,395,0,0,0,2016-01-02,2016-12-30,True,True,,Wisconsin Community Maps county-year API,,0,0
WI_COMMUNITY_MAPS,55,2016,55131,3860,3860,3860,0,0,0,2016-01-01,2016-12-31,True,True,,Wisconsin Community Maps county-year API,,0,0
WI_COMMUNITY_MAPS,55,2016,55133,9189,9189,9189,0,0,0,2016-01-01,2016-12-31,True,True,,Wisconsin Community Maps county-year API,,0,0
WI_COMMUNITY_MAPS,55,2016,55135,1468,1468,1468,0,0,0,2016-01-01,2016-12-31,True,True,,Wisconsin Community Maps county-year API,,0,0
WI_COMMUNITY_MAPS,55,2016,55137,771,771,771,0,0,0,2016-01-01,2016-12-31,True,True,,Wisconsin Community Maps county-year API,,0,0
WI_COMMUNITY_MAPS,55,2016,55139,4379,4379,4379,0,0,0,2016-01-01,2016-12-31,True,True,,Wisconsin Community Maps county-year API,,0,0
WI_COMMUNITY_MAPS,55,2016,55141,1432,1432,1432,0,0,0,2016-01-01,2016-12-31,True,True,,Wisconsin Community Maps county-year API,,0,0
WI_COMMUNITY_MAPS,55,2017,55001,483,483,483,0,0,0,2017-01-02,2017-12-31,True,True,,Wisconsin Community Maps county-year API,,0,0
WI_COMMUNITY_MAPS,55,2017,55003,359,359,359,0,0,0,2017-01-01,2017-12-31,True,True,,Wisconsin Community Maps county-year API,,0,0
WI_COMMUNITY_MAPS,55,2017,55005,876,876,876,0,0,0,2017-01-02,2017-12-31,True,True,,Wisconsin Community Maps county-year API,,0,0
WI_COMMUNITY_MAPS,55,2017,55007,401,401,401,0,0,0,2017-01-03,2017-12-31,True,True,,Wisconsin Community Maps county-year API,,0,0
WI_COMMUNITY_MAPS,55,2017,55009,4173,4173,4173,0,0,0,2017-01-01,2017-12-31,True,True,,Wisconsin Community Maps county-year API,,0,0
WI_COMMUNITY_MAPS,55,2017,55011,284,284,284,0,0,0,2017-01-01,2017-12-29,True,True,,Wisconsin Community Maps county-year API,,0,0
WI_COMMUNITY_MAPS,55,2017,55013,312,312,312,0,0,0,2017-01-01,2017-12-31,True,True,,Wisconsin Community Maps county-year API,,0,0
WI_COMMUNITY_MAPS,55,2017,55015,914,914,914,0,0,0,2017-01-01,2017-12-31,True,True,,Wisconsin Community Maps county-year API,,0,0
WI_COMMUNITY_MAPS,55,2017,55017,1427,1427,1427,0,0,0,2017-01-01,2017-12-31,True,True,,Wisconsin Community Maps county-year API,,0,0
WI_COMMUNITY_MAPS,55,2017,55019,552,552,552,0,0,0,2017-01-01,2017-12-31,True,True,,Wisconsin Community Maps county-year API,,0,0
WI_COMMUNITY_MAPS,55,2017,55021,1495,1495,1495,0,0,0,2017-01-01,2017-12-31,True,True,,Wisconsin Community Maps county-year API,,0,0
WI_COMMUNITY_MAPS,55,2017,55023,373,373,373,0,0,0,2017-01-01,2017-12-31,True,True,,Wisconsin Community Maps county-year API,,0,0
WI_COMMUNITY_MAPS,55,2017,55025,12130,12130,12130,0,0,0,2017-01-01,2017-12-31,True,True,,Wisconsin Community Maps county-year API,,0,0
WI_COMMUNITY_MAPS,55,2017,55027,1581,1581,1581,0,0,0,2017-01-01,2017-12-31,True,True,,Wisconsin Community Maps county-year API,,0,0
WI_COMMUNITY_MAPS,55,2017,55029,907,907,907,0,0,0,2017-01-01,2017-12-31,True,True,,Wisconsin Community Maps county-year API,,0,0
WI_COMMUNITY_MAPS,55,2017,55031,858,858,858,0,0,0,2017-01-01,2017-12-31,True,True,,Wisconsin Community Maps county-year API,,0,0
WI_COMMUNITY_MAPS,55,2017,55033,870,870,870,0,0,0,2017-01-01,2017-12-31,True,True,,Wisconsin Community Maps county-year API,,0,0
WI_COMMUNITY_MAPS,55,2017,55035,2870,2870,2870,0,0,0,2017-01-01,2017-12-31,True,True,,Wisconsin Community Maps county-year API,,0,0
WI_COMMUNITY_MAPS,55,2017,55037,136,136,136,0,0,0,2017-01-01,2017-12-31,True,True,,Wisconsin Community Maps county-year API,,0,0
WI_COMMUNITY_MAPS,55,2017,55039,2710,2710,2710,0,0,0,2017-01-01,2017-12-31,True,True,,Wisconsin Community Maps county-year API,,0,0
WI_COMMUNITY_MAPS,55,2017,55041,179,179,179,0,0,0,2017-01-01,2017-12-30,True,True,,Wisconsin Community Maps county-year API,,0,0
WI_COMMUNITY_MAPS,55,2017,55043,1313,1313,1313,0,0,0,2017-01-01,2017-12-31,True,True,,Wisconsin Community Maps county-year API,,0,0
WI_COMMUNITY_MAPS,55,2017,55045,752,752,752,0,0,0,2017-01-01,2017-12-31,True,True,,Wisconsin Community Maps county-year API,,0,0
WI_COMMUNITY_MAPS,55,2017,55047,469,469,469,0,0,0,2017-01-01,2017-12-30,True,True,,Wisconsin Community Maps county-year API,,0,0
WI_COMMUNITY_MAPS,55,2017,55049,481,481,481,0,0,0,2017-01-01,2017-12-31,True,True,,Wisconsin Community Maps county-year API,,0,0
WI_COMMUNITY_MAPS,55,2017,55051,81,81,81,0,0,0,2017-01-11,2017-12-31,True,True,,Wisconsin Community Maps county-year API,,0,0
WI_COMMUNITY_MAPS,55,2017,55053,612,612,612,0,0,0,2017-01-01,2017-12-31,True,True,,Wisconsin Community Maps county-year API,,0,0
WI_COMMUNITY_MAPS,55,2017,55055,1848,1848,1848,0,0,0,2017-01-01,2017-12-31,True,True,,Wisconsin Community Maps county-year API,,0,0
WI_COMMUNITY_MAPS,55,2017,55057,828,828,828,0,0,0,2017-01-01,2017-12-31,True,True,,Wisconsin Community Maps county-year API,,0,0
WI_COMMUNITY_MAPS,55,2017,55059,4264,4264,4264,0,0,0,2017-01-01,2017-12-31,True,True,,Wisconsin Community Maps county-year API,,0,0
WI_COMMUNITY_MAPS,55,2017,55061,505,505,505,0,0,0,2017-01-01,2017-12-31,True,True,,Wisconsin Community Maps county-year API,,0,0
WI_COMMUNITY_MAPS,55,2017,55063,3532,3532,3532,0,0,0,2017-01-01,2017-12-31,True,True,,Wisconsin Community Maps county-year API,,0,0
WI_COMMUNITY_MAPS,55,2017,55065,559,559,559,0,0,0,2017-01-03,2017-12-31,True,True,,Wisconsin Community Maps county-year API,,0,0
WI_COMMUNITY_MAPS,55,2017,55067,532,532,532,0,0,0,2017-01-02,2017-12-31,True,True,,Wisconsin Community Maps county-year API,,0,0
WI_COMMUNITY_MAPS,55,2017,55069,866,866,866,0,0,0,2017-01-02,2017-12-30,True,True,,Wisconsin Community Maps county-year API,,0,0
WI_COMMUNITY_MAPS,55,2017,55071,2377,2377,2377,0,0,0,2017-01-01,2017-12-31,True,True,,Wisconsin Community Maps county-year API,,0,0
WI_COMMUNITY_MAPS,55,2017,55073,3349,3349,3349,0,0,0,2017-01-01,2017-12-31,True,True,,Wisconsin Community Maps county-year API,,0,0
WI_COMMUNITY_MAPS,55,2017,55075,933,933,933,0,0,0,2017-01-01,2017-12-31,True,True,,Wisconsin Community Maps county-year API,,0,0
WI_COMMUNITY_MAPS,55,2017,55077,430,430,430,0,0,0,2017-01-03,2017-12-31,True,True,,Wisconsin Community Maps county-year API,,0,0
WI_COMMUNITY_MAPS,55,2017,55078,36,36,36,0,0,0,2017-01-11,2017-12-29,True,True,,Wisconsin Community Maps county-year API,,0,0
WI_COMMUNITY_MAPS,55,2017,55079,26494,26494,26494,0,0,0,2017-01-01,2017-12-31,True,True,,Wisconsin Community Maps county-year API,,0,0
WI_COMMUNITY_MAPS,55,2017,55081,1385,1385,1385,0,0,0,2017-01-02,2017-12-31,True,True,,Wisconsin Community Maps county-year API,,0,0
WI_COMMUNITY_MAPS,55,2017,55083,996,996,996,0,0,0,2017-01-01,2017-12-31,True,True,,Wisconsin Community Maps county-year API,,0,0
WI_COMMUNITY_MAPS,55,2017,55085,1026,1026,1026,0,0,0,2017-01-02,2017-12-31,True,True,,Wisconsin Community Maps county-year API,,0,0
WI_COMMUNITY_MAPS,55,2017,55087,4276,4276,4276,0,0,0,2017-01-01,2017-12-31,True,True,,Wisconsin Community Maps county-year API,,0,0
WI_COMMUNITY_MAPS,55,2017,55089,1697,1697,1697,0,0,0,2017-01-01,2017-12-31,True,True,,Wisconsin Community Maps county-year API,,0,0
WI_COMMUNITY_MAPS,55,2017,55091,134,134,134,0,0,0,2017-01-04,2017-12-31,True,True,,Wisconsin Community Maps county-year API,,0,0
WI_COMMUNITY_MAPS,55,2017,55093,554,554,554,0,0,0,2017-01-02,2017-12-31,True,True,,Wisconsin Community Maps county-year API,,0,0
WI_COMMUNITY_MAPS,55,2017,55095,706,706,706,0,0,0,2017-01-01,2017-12-31,True,True,,Wisconsin Community Maps county-year API,,0,0
WI_COMMUNITY_MAPS,55,2017,55097,1570,1570,1570,0,0,0,2017-01-01,2017-12-31,True,True,,Wisconsin Community Maps county-year API,,0,0
WI_COMMUNITY_MAPS,55,2017,55099,192,192,192,0,0,0,2017-01-01,2017-12-31,True,True,,Wisconsin Community Maps county-year API,,0,0
WI_COMMUNITY_MAPS,55,2017,55101,4867,4867,4867,0,0,0,2017-01-01,2017-12-31,True,True,,Wisconsin Community Maps county-year API,,0,0
WI_COMMUNITY_MAPS,55,2017,55103,480,480,480,0,0,0,2017-01-01,2017-12-29,True,True,,Wisconsin Community Maps county-year API,,0,0
WI_COMMUNITY_MAPS,55,2017,55105,4205,4205,4205,0,0,0,2017-01-01,2017-12-31,True,True,,Wisconsin Community Maps county-year API,,0,0
WI_COMMUNITY_MAPS,55,2017,55107,231,231,231,0,0,0,2017-01-01,2017-12-29,True,True,,Wisconsin Community Maps county-year API,,0,0
WI_COMMUNITY_MAPS,55,2017,55109,2295,2295,2295,0,0,0,2017-01-01,2017-12-31,True,True,,Wisconsin Community Maps county-year API,,0,0
WI_COMMUNITY_MAPS,55,2017,55111,1927,1927,1927,0,0,0,2017-01-01,2017-12-31,True,True,,Wisconsin Community Maps county-year API,,0,0
WI_COMMUNITY_MAPS,55,2017,55113,314,314,314,0,0,0,2017-01-01,2017-12-30,True,True,,Wisconsin Community Maps county-year API,,0,0
WI_COMMUNITY_MAPS,55,2017,55115,1499,1499,1499,0,0,0,2017-01-01,2017-12-31,True,True,,Wisconsin Community Maps county-year API,,0,0
WI_COMMUNITY_MAPS,55,2017,55117,2867,2867,2867,0,0,0,2017-01-01,2017-12-31,True,True,,Wisconsin Community Maps county-year API,,0,0
WI_COMMUNITY_MAPS,55,2017,55119,461,461,461,0,0,0,2017-01-01,2017-12-31,True,True,,Wisconsin Community Maps county-year API,,0,0
WI_COMMUNITY_MAPS,55,2017,55121,484,484,484,0,0,0,2017-01-01,2017-12-31,True,True,,Wisconsin Community Maps county-year API,,0,0
WI_COMMUNITY_MAPS,55,2017,55123,829,829,829,0,0,0,2017-01-01,2017-12-31,True,True,,Wisconsin Community Maps county-year API,,0,0
WI_COMMUNITY_MAPS,55,2017,55125,557,557,557,0,0,0,2017-01-01,2017-12-31,True,True,,Wisconsin Community Maps county-year API,,0,0
WI_COMMUNITY_MAPS,55,2017,55127,2181,2181,2181,0,0,0,2017-01-01,2017-12-31,True,True,,Wisconsin Community Maps county-year API,,0,0
WI_COMMUNITY_MAPS,55,2017,55129,390,390,390,0,0,0,2017-01-03,2017-12-31,True,True,,Wisconsin Community Maps county-year API,,0,0
WI_COMMUNITY_MAPS,55,2017,55131,3547,3547,3547,0,0,0,2017-01-01,2017-12-31,True,True,,Wisconsin Community Maps county-year API,,0,0
WI_COMMUNITY_MAPS,55,2017,55133,8420,8420,8420,0,0,0,2017-01-01,2017-12-31,True,True,,Wisconsin Community Maps county-year API,,0,0
WI_COMMUNITY_MAPS,55,2017,55135,1448,1448,1448,0,0,0,2017-01-01,2017-12-31,True,True,,Wisconsin Community Maps county-year API,,0,0
WI_COMMUNITY_MAPS,55,2017,55137,662,662,662,0,0,0,2017-01-01,2017-12-31,True,True,,Wisconsin Community Maps county-year API,,0,0
WI_COMMUNITY_MAPS,55,2017,55139,4218,4218,4218,0,0,0,2017-01-01,2017-12-31,True,True,,Wisconsin Community Maps county-year API,,0,0
WI_COMMUNITY_MAPS,55,2017,55141,1301,1301,1301,0,0,0,2017-01-01,2017-12-31,True,True,,Wisconsin Community Maps county-year API,,0,0
WI_COMMUNITY_MAPS,55,2018,55001,476,476,476,0,0,0,2018-01-01,2018-12-31,True,True,,Wisconsin Community Maps county-year API,,0,0
WI_COMMUNITY_MAPS,55,2018,55003,316,316,316,0,0,0,2018-01-01,2018-12-31,True,True,,Wisconsin Community Maps county-year API,,0,0
WI_COMMUNITY_MAPS,55,2018,55005,873,873,873,0,0,0,2018-01-02,2018-12-31,True,True,,Wisconsin Community Maps county-year API,,0,0
WI_COMMUNITY_MAPS,55,2018,55007,362,362,362,0,0,0,2018-01-01,2018-12-31,True,True,,Wisconsin Community Maps county-year API,,0,0
WI_COMMUNITY_MAPS,55,2018,55009,3986,3986,3986,0,0,0,2018-01-01,2018-12-31,True,True,,Wisconsin Community Maps county-year API,,0,0
WI_COMMUNITY_MAPS,55,2018,55011,256,256,256,0,0,0,2018-01-02,2018-12-27,True,True,,Wisconsin Community Maps county-year API,,0,0
WI_COMMUNITY_MAPS,55,2018,55013,308,308,308,0,0,0,2018-01-01,2018-12-31,True,True,,Wisconsin Community Maps county-year API,,0,0
WI_COMMUNITY_MAPS,55,2018,55015,847,847,847,0,0,0,2018-01-01,2018-12-31,True,True,,Wisconsin Community Maps county-year API,,0,0
WI_COMMUNITY_MAPS,55,2018,55017,1397,1397,1397,0,0,0,2018-01-01,2018-12-31,True,True,,Wisconsin Community Maps county-year API,,0,0
WI_COMMUNITY_MAPS,55,2018,55019,631,631,631,0,0,0,2018-01-01,2018-12-31,True,True,,Wisconsin Community Maps county-year API,,0,0
WI_COMMUNITY_MAPS,55,2018,55021,1504,1504,1504,0,0,0,2018-01-01,2018-12-31,True,True,,Wisconsin Community Maps county-year API,,0,0
WI_COMMUNITY_MAPS,55,2018,55023,338,338,338,0,0,0,2018-01-01,2018-12-31,True,True,,Wisconsin Community Maps county-year API,,0,0
WI_COMMUNITY_MAPS,55,2018,55025,12418,12418,12418,0,0,0,2018-01-01,2018-12-31,True,True,,Wisconsin Community Maps county-year API,,0,0
WI_COMMUNITY_MAPS,55,2018,55027,1756,1756,1756,0,0,0,2018-01-01,2018-12-31,True,True,,Wisconsin Community Maps county-year API,,0,0
WI_COMMUNITY_MAPS,55,2018,55029,873,873,873,0,0,0,2018-01-01,2018-12-31,True,True,,Wisconsin Community Maps county-year API,,0,0
WI_COMMUNITY_MAPS,55,2018,55031,867,867,867,0,0,0,2018-01-01,2018-12-31,True,True,,Wisconsin Community Maps county-year API,,0,0
WI_COMMUNITY_MAPS,55,2018,55033,812,812,812,0,0,0,2018-01-01,2018-12-31,True,True,,Wisconsin Community Maps county-year API,,0,0
WI_COMMUNITY_MAPS,55,2018,55035,2899,2899,2899,0,0,0,2018-01-01,2018-12-31,True,True,,Wisconsin Community Maps county-year API,,0,0
WI_COMMUNITY_MAPS,55,2018,55037,114,114,114,0,0,0,2018-01-08,2018-12-30,True,True,,Wisconsin Community Maps county-year API,,0,0
WI_COMMUNITY_MAPS,55,2018,55039,2786,2786,2786,0,0,0,2018-01-01,2018-12-31,True,True,,Wisconsin Community Maps county-year API,,0,0
WI_COMMUNITY_MAPS,55,2018,55041,203,203,203,0,0,0,2018-01-01,2018-12-30,True,True,,Wisconsin Community Maps county-year API,,0,0
WI_COMMUNITY_MAPS,55,2018,55043,1326,1326,1326,0,0,0,2018-01-01,2018-12-31,True,True,,Wisconsin Community Maps county-year API,,0,0
WI_COMMUNITY_MAPS,55,2018,55045,848,848,848,0,0,0,2018-01-01,2018-12-31,True,True,,Wisconsin Community Maps county-year API,,0,0
WI_COMMUNITY_MAPS,55,2018,55047,454,454,454,0,0,0,2018-01-01,2018-12-31,True,True,,Wisconsin Community Maps county-year API,,0,0
WI_COMMUNITY_MAPS,55,2018,55049,514,514,514,0,0,0,2018-01-01,2018-12-31,True,True,,Wisconsin Community Maps county-year API,,0,0
WI_COMMUNITY_MAPS,55,2018,55051,84,84,84,0,0,0,2018-01-01,2018-12-31,True,True,,Wisconsin Community Maps county-year API,,0,0
WI_COMMUNITY_MAPS,55,2018,55053,644,644,644,0,0,0,2018-01-02,2018-12-31,True,True,,Wisconsin Community Maps county-year API,,0,0
WI_COMMUNITY_MAPS,55,2018,55055,1962,1962,1962,0,0,0,2018-01-01,2018-12-31,True,True,,Wisconsin Community Maps county-year API,,0,0
WI_COMMUNITY_MAPS,55,2018,55057,889,889,889,0,0,0,2018-01-01,2018-12-31,True,True,,Wisconsin Community Maps county-year API,,0,0
WI_COMMUNITY_MAPS,55,2018,55059,4266,4266,4266,0,0,0,2018-01-01,2018-12-31,True,True,,Wisconsin Community Maps county-year API,,0,0
WI_COMMUNITY_MAPS,55,2018,55061,450,450,450,0,0,0,2018-01-01,2018-12-31,True,True,,Wisconsin Community Maps county-year API,,0,0
WI_COMMUNITY_MAPS,55,2018,55063,3776,3776,3776,0,0,0,2018-01-01,2018-12-31,True,True,,Wisconsin Community Maps county-year API,,0,0
WI_COMMUNITY_MAPS,55,2018,55065,597,597,597,0,0,0,2018-01-01,2018-12-31,True,True,,Wisconsin Community Maps county-year API,,0,0
WI_COMMUNITY_MAPS,55,2018,55067,568,568,568,0,0,0,2018-01-01,2018-12-30,True,True,,Wisconsin Community Maps county-year API,,0,0
WI_COMMUNITY_MAPS,55,2018,55069,852,852,852,0,0,0,2018-01-01,2018-12-30,True,True,,Wisconsin Community Maps county-year API,,0,0
WI_COMMUNITY_MAPS,55,2018,55071,2189,2189,2189,0,0,0,2018-01-01,2018-12-31,True,True,,Wisconsin Community Maps county-year API,,0,0
WI_COMMUNITY_MAPS,55,2018,55073,3352,3352,3352,0,0,0,2018-01-01,2018-12-31,True,True,,Wisconsin Community Maps county-year API,,0,0
WI_COMMUNITY_MAPS,55,2018,55075,980,980,980,0,0,0,2018-01-01,2018-12-31,True,True,,Wisconsin Community Maps county-year API,,0,0
WI_COMMUNITY_MAPS,55,2018,55077,423,423,423,0,0,0,2018-01-01,2018-12-31,True,True,,Wisconsin Community Maps county-year API,,0,0
WI_COMMUNITY_MAPS,55,2018,55078,27,27,27,0,0,0,2018-01-15,2018-12-30,True,True,,Wisconsin Community Maps county-year API,,0,0
WI_COMMUNITY_MAPS,55,2018,55079,28478,28478,28478,0,0,0,2018-01-01,2018-12-31,True,True,,Wisconsin Community Maps county-year API,,0,0
WI_COMMUNITY_MAPS,55,2018,55081,1526,1526,1526,0,0,0,2018-01-01,2018-12-31,True,True,,Wisconsin Community Maps county-year API,,0,0
WI_COMMUNITY_MAPS,55,2018,55083,866,866,866,0,0,0,2018-01-01,2018-12-31,True,True,,Wisconsin Community Maps county-year API,,0,0
WI_COMMUNITY_MAPS,55,2018,55085,1007,1007,1007,0,0,0,2018-01-01,2018-12-31,True,True,,Wisconsin Community Maps county-year API,,0,0
WI_COMMUNITY_MAPS,55,2018,55087,4344,4344,4344,0,0,0,2018-01-01,2018-12-31,True,True,,Wisconsin Community Maps county-year API,,0,0
WI_COMMUNITY_MAPS,55,2018,55089,1846,1846,1846,0,0,0,2018-01-01,2018-12-31,True,True,,Wisconsin Community Maps county-year API,,0,0
WI_COMMUNITY_MAPS,55,2018,55091,125,125,125,0,0,0,2018-01-01,2018-12-16,True,True,,Wisconsin Community Maps county-year API,,0,0
WI_COMMUNITY_MAPS,55,2018,55093,589,589,589,0,0,0,2018-01-01,2018-12-30,True,True,,Wisconsin Community Maps county-year API,,0,0
WI_COMMUNITY_MAPS,55,2018,55095,719,719,719,0,0,0,2018-01-01,2018-12-30,True,True,,Wisconsin Community Maps county-year API,,0,0
WI_COMMUNITY_MAPS,55,2018,55097,1530,1530,1530,0,0,0,2018-01-01,2018-12-31,True,True,,Wisconsin Community Maps county-year API,,0,0
WI_COMMUNITY_MAPS,55,2018,55099,205,205,205,0,0,0,2018-01-02,2018-12-30,True,True,,Wisconsin Community Maps county-year API,,0,0
WI_COMMUNITY_MAPS,55,2018,55101,5356,5356,5356,0,0,0,2018-01-01,2018-12-31,True,True,,Wisconsin Community Maps county-year API,,0,0
WI_COMMUNITY_MAPS,55,2018,55103,469,469,469,0,0,0,2018-01-01,2018-12-31,True,True,,Wisconsin Community Maps county-year API,,0,0
WI_COMMUNITY_MAPS,55,2018,55105,4558,4558,4558,0,0,0,2018-01-01,2018-12-31,True,True,,Wisconsin Community Maps county-year API,,0,0
WI_COMMUNITY_MAPS,55,2018,55107,229,229,229,0,0,0,2018-01-01,2018-12-30,True,True,,Wisconsin Community Maps county-year API,,0,0
WI_COMMUNITY_MAPS,55,2018,55109,2436,2436,2436,0,0,0,2018-01-01,2018-12-31,True,True,,Wisconsin Community Maps county-year API,,0,0
WI_COMMUNITY_MAPS,55,2018,55111,1978,1978,1978,0,0,0,2018-01-01,2018-12-31,True,True,,Wisconsin Community Maps county-year API,,0,0
WI_COMMUNITY_MAPS,55,2018,55113,336,336,336,0,0,0,2018-01-02,2018-12-31,True,True,,Wisconsin Community Maps county-year API,,0,0
WI_COMMUNITY_MAPS,55,2018,55115,1481,1481,1481,0,0,0,2018-01-01,2018-12-31,True,True,,Wisconsin Community Maps county-year API,,0,0
WI_COMMUNITY_MAPS,55,2018,55117,2905,2905,2905,0,0,0,2018-01-01,2018-12-31,True,True,,Wisconsin Community Maps county-year API,,0,0
WI_COMMUNITY_MAPS,55,2018,55119,445,445,445,0,0,0,2018-01-02,2018-12-31,True,True,,Wisconsin Community Maps county-year API,,0,0
WI_COMMUNITY_MAPS,55,2018,55121,559,559,559,0,0,0,2018-01-01,2018-12-31,True,True,,Wisconsin Community Maps county-year API,,0,0
WI_COMMUNITY_MAPS,55,2018,55123,955,955,955,0,0,0,2018-01-01,2018-12-31,True,True,,Wisconsin Community Maps county-year API,,0,0
WI_COMMUNITY_MAPS,55,2018,55125,526,526,526,0,0,0,2018-01-01,2018-12-31,True,True,,Wisconsin Community Maps county-year API,,0,0
WI_COMMUNITY_MAPS,55,2018,55127,2322,2322,2322,0,0,0,2018-01-01,2018-12-31,True,True,,Wisconsin Community Maps county-year API,,0,0
WI_COMMUNITY_MAPS,55,2018,55129,386,386,386,0,0,0,2018-01-01,2018-12-29,True,True,,Wisconsin Community Maps county-year API,,0,0
WI_COMMUNITY_MAPS,55,2018,55131,3680,3680,3680,0,0,0,2018-01-01,2018-12-31,True,True,,Wisconsin Community Maps county-year API,,0,0
WI_COMMUNITY_MAPS,55,2018,55133,8589,8589,8589,0,0,0,2018-01-01,2018-12-31,True,True,,Wisconsin Community Maps county-year API,,0,0
WI_COMMUNITY_MAPS,55,2018,55135,1361,1361,1361,0,0,0,2018-01-01,2018-12-31,True,True,,Wisconsin Community Maps county-year API,,0,0
WI_COMMUNITY_MAPS,55,2018,55137,582,582,582,0,0,0,2018-01-01,2018-12-31,True,True,,Wisconsin Community Maps county-year API,,0,0
WI_COMMUNITY_MAPS,55,2018,55139,4208,4208,4208,0,0,0,2018-01-01,2018-12-31,True,True,,Wisconsin Community Maps county-year API,,0,0
WI_COMMUNITY_MAPS,55,2018,55141,1393,1393,1393,0,0,0,2018-01-01,2018-12-31,True,True,,Wisconsin Community Maps county-year API,,0,0
WI_COMMUNITY_MAPS,55,2019,55001,436,436,436,0,0,0,2019-01-01,2019-12-30,True,True,,Wisconsin Community Maps county-year API,,0,0
WI_COMMUNITY_MAPS,55,2019,55003,331,331,331,0,0,0,2019-01-01,2019-12-30,True,True,,Wisconsin Community Maps county-year API,,0,0
WI_COMMUNITY_MAPS,55,2019,55005,761,761,761,0,0,0,2019-01-01,2019-12-31,True,True,,Wisconsin Community Maps county-year API,,0,0
WI_COMMUNITY_MAPS,55,2019,55007,321,321,321,0,0,0,2019-01-02,2019-12-31,True,True,,Wisconsin Community Maps county-year API,,0,0
WI_COMMUNITY_MAPS,55,2019,55009,4350,4350,4350,0,0,0,2019-01-01,2019-12-31,True,True,,Wisconsin Community Maps county-year API,,0,0
WI_COMMUNITY_MAPS,55,2019,55011,251,251,251,0,0,0,2019-01-04,2019-12-30,True,True,,Wisconsin Community Maps county-year API,,0,0
WI_COMMUNITY_MAPS,55,2019,55013,292,292,292,0,0,0,2019-01-01,2019-12-28,True,True,,Wisconsin Community Maps county-year API,,0,0
WI_COMMUNITY_MAPS,55,2019,55015,850,850,850,0,0,0,2019-01-01,2019-12-31,True,True,,Wisconsin Community Maps county-year API,,0,0
WI_COMMUNITY_MAPS,55,2019,55017,1412,1412,1412,0,0,0,2019-01-02,2019-12-31,True,True,,Wisconsin Community Maps county-year API,,0,0
WI_COMMUNITY_MAPS,55,2019,55019,637,637,637,0,0,0,2019-01-02,2019-12-31,True,True,,Wisconsin Community Maps county-year API,,0,0
WI_COMMUNITY_MAPS,55,2019,55021,1472,1472,1472,0,0,0,2019-01-01,2019-12-31,True,True,,Wisconsin Community Maps county-year API,,0,0
WI_COMMUNITY_MAPS,55,2019,55023,321,321,321,0,0,0,2019-01-01,2019-12-31,True,True,,Wisconsin Community Maps county-year API,,0,0
WI_COMMUNITY_MAPS,55,2019,55025,11892,11892,11892,0,0,0,2019-01-01,2019-12-31,True,True,,Wisconsin Community Maps county-year API,,0,0
WI_COMMUNITY_MAPS,55,2019,55027,1722,1722,1722,0,0,0,2019-01-01,2019-12-31,True,True,,Wisconsin Community Maps county-year API,,0,0
WI_COMMUNITY_MAPS,55,2019,55029,930,930,930,0,0,0,2019-01-01,2019-12-31,True,True,,Wisconsin Community Maps county-year API,,0,0
WI_COMMUNITY_MAPS,55,2019,55031,960,960,960,0,0,0,2019-01-02,2019-12-31,True,True,,Wisconsin Community Maps county-year API,,0,0
WI_COMMUNITY_MAPS,55,2019,55033,915,915,915,0,0,0,2019-01-01,2019-12-31,True,True,,Wisconsin Community Maps county-year API,,0,0
WI_COMMUNITY_MAPS,55,2019,55035,3269,3269,3269,0,0,0,2019-01-01,2019-12-31,True,True,,Wisconsin Community Maps county-year API,,0,0
WI_COMMUNITY_MAPS,55,2019,55037,95,95,95,0,0,0,2019-01-07,2019-12-24,True,True,,Wisconsin Community Maps county-year API,,0,0
WI_COMMUNITY_MAPS,55,2019,55039,2775,2775,2775,0,0,0,2019-01-01,2019-12-31,True,True,,Wisconsin Community Maps county-year API,,0,0
WI_COMMUNITY_MAPS,55,2019,55041,213,213,213,0,0,0,2019-01-03,2019-12-29,True,True,,Wisconsin Community Maps county-year API,,0,0
WI_COMMUNITY_MAPS,55,2019,55043,1349,1349,1349,0,0,0,2019-01-01,2019-12-31,True,True,,Wisconsin Community Maps county-year API,,0,0
WI_COMMUNITY_MAPS,55,2019,55045,901,901,901,0,0,0,2019-01-01,2019-12-31,True,True,,Wisconsin Community Maps county-year API,,0,0
WI_COMMUNITY_MAPS,55,2019,55047,441,441,441,0,0,0,2019-01-02,2019-12-31,True,True,,Wisconsin Community Maps county-year API,,0,0
WI_COMMUNITY_MAPS,55,2019,55049,566,566,566,0,0,0,2019-01-01,2019-12-31,True,True,,Wisconsin Community Maps county-year API,,0,0
WI_COMMUNITY_MAPS,55,2019,55051,112,112,112,0,0,0,2019-01-07,2019-12-27,True,True,,Wisconsin Community Maps county-year API,,0,0
WI_COMMUNITY_MAPS,55,2019,55053,611,611,611,0,0,0,2019-01-04,2019-12-31,True,True,,Wisconsin Community Maps county-year API,,0,0
WI_COMMUNITY_MAPS,55,2019,55055,1901,1901,1901,0,0,0,2019-01-01,2019-12-31,True,True,,Wisconsin Community Maps county-year API,,0,0
WI_COMMUNITY_MAPS,55,2019,55057,865,865,865,0,0,0,2019-01-01,2019-12-31,True,True,,Wisconsin Community Maps county-year API,,0,0
WI_COMMUNITY_MAPS,55,2019,55059,4474,4474,4474,0,0,0,2019-01-01,2019-12-31,True,True,,Wisconsin Community Maps county-year API,,0,0
WI_COMMUNITY_MAPS,55,2019,55061,439,439,439,0,0,0,2019-01-02,2019-12-31,True,True,,Wisconsin Community Maps county-year API,,0,0
WI_COMMUNITY_MAPS,55,2019,55063,3882,3882,3882,0,0,0,2019-01-01,2019-12-31,True,True,,Wisconsin Community Maps county-year API,,0,0
WI_COMMUNITY_MAPS,55,2019,55065,575,575,575,0,0,0,2019-01-02,2019-12-30,True,True,,Wisconsin Community Maps county-year API,,0,0
WI_COMMUNITY_MAPS,55,2019,55067,455,455,455,0,0,0,2019-01-01,2019-12-31,True,True,,Wisconsin Community Maps county-year API,,0,0
WI_COMMUNITY_MAPS,55,2019,55069,784,784,784,0,0,0,2019-01-02,2019-12-31,True,True,,Wisconsin Community Maps county-year API,,0,0
WI_COMMUNITY_MAPS,55,2019,55071,2329,2329,2329,0,0,0,2019-01-01,2019-12-31,True,True,,Wisconsin Community Maps county-year API,,0,0
WI_COMMUNITY_MAPS,55,2019,55073,3470,3470,3470,0,0,0,2019-01-01,2019-12-31,True,True,,Wisconsin Community Maps county-year API,,0,0
WI_COMMUNITY_MAPS,55,2019,55075,997,997,997,0,0,0,2019-01-01,2019-12-31,True,True,,Wisconsin Community Maps county-year API,,0,0
WI_COMMUNITY_MAPS,55,2019,55077,396,396,396,0,0,0,2019-01-01,2019-12-31,True,True,,Wisconsin Community Maps county-year API,,0,0
WI_COMMUNITY_MAPS,55,2019,55078,27,27,27,0,0,0,2019-01-21,2019-11-30,True,True,,Wisconsin Community Maps county-year API,,0,0
WI_COMMUNITY_MAPS,55,2019,55079,29594,29594,29594,0,0,0,2019-01-01,2019-12-31,True,True,,Wisconsin Community Maps county-year API,,0,0
WI_COMMUNITY_MAPS,55,2019,55081,1426,1426,1426,0,0,0,2019-01-01,2019-12-31,True,True,,Wisconsin Community Maps county-year API,,0,0
WI_COMMUNITY_MAPS,55,2019,55083,651,651,651,0,0,0,2019-01-02,2019-12-31,True,True,,Wisconsin Community Maps county-year API,,0,0
WI_COMMUNITY_MAPS,55,2019,55085,972,972,972,0,0,0,2019-01-01,2019-12-31,True,True,,Wisconsin Community Maps county-year API,,0,0
WI_COMMUNITY_MAPS,55,2019,55087,4692,4692,4692,0,0,0,2019-01-01,2019-12-31,True,True,,Wisconsin Community Maps county-year API,,0,0
WI_COMMUNITY_MAPS,55,2019,55089,1843,1843,1843,0,0,0,2019-01-01,2019-12-31,True,True,,Wisconsin Community Maps county-year API,,0,0
WI_COMMUNITY_MAPS,55,2019,55091,105,105,105,0,0,0,2019-01-04,2019-12-30,True,True,,Wisconsin Community Maps county-year API,,0,0
WI_COMMUNITY_MAPS,55,2019,55093,619,619,619,0,0,0,2019-01-02,2019-12-31,True,True,,Wisconsin Community Maps county-year API,,0,0
WI_COMMUNITY_MAPS,55,2019,55095,596,596,596,0,0,0,2019-01-01,2019-12-30,True,True,,Wisconsin Community Maps county-year API,,0,0
WI_COMMUNITY_MAPS,55,2019,55097,1626,1626,1626,0,0,0,2019-01-01,2019-12-31,True,True,,Wisconsin Community Maps county-year API,,0,0
WI_COMMUNITY_MAPS,55,2019,55099,188,188,188,0,0,0,2019-01-02,2019-12-25,True,True,,Wisconsin Community Maps county-year API,,0,0
WI_COMMUNITY_MAPS,55,2019,55101,5172,5172,5172,0,0,0,2019-01-01,2019-12-31,True,True,,Wisconsin Community Maps county-year API,,0,0
WI_COMMUNITY_MAPS,55,2019,55103,461,461,461,0,0,0,2019-01-02,2019-12-31,True,True,,Wisconsin Community Maps county-year API,,0,0
WI_COMMUNITY_MAPS,55,2019,55105,4346,4346,4346,0,0,0,2019-01-01,2019-12-31,True,True,,Wisconsin Community Maps county-year API,,0,0
WI_COMMUNITY_MAPS,55,2019,55107,205,205,205,0,0,0,2019-01-02,2019-12-31,True,True,,Wisconsin Community Maps county-year API,,0,0
WI_COMMUNITY_MAPS,55,2019,55109,2523,2523,2523,0,0,0,2019-01-01,2019-12-31,True,True,,Wisconsin Community Maps county-year API,,0,0
WI_COMMUNITY_MAPS,55,2019,55111,1851,1851,1851,0,0,0,2019-01-01,2019-12-31,True,True,,Wisconsin Community Maps county-year API,,0,0
WI_COMMUNITY_MAPS,55,2019,55113,305,305,305,0,0,0,2019-01-03,2019-12-30,True,True,,Wisconsin Community Maps county-year API,,0,0
WI_COMMUNITY_MAPS,55,2019,55115,1547,1547,1547,0,0,0,2019-01-01,2019-12-31,True,True,,Wisconsin Community Maps county-year API,,0,0
WI_COMMUNITY_MAPS,55,2019,55117,3028,3028,3028,0,0,0,2019-01-01,2019-12-31,True,True,,Wisconsin Community Maps county-year API,,0,0
WI_COMMUNITY_MAPS,55,2019,55119,391,391,391,0,0,0,2019-01-01,2019-12-31,True,True,,Wisconsin Community Maps county-year API,,0,0
WI_COMMUNITY_MAPS,55,2019,55121,582,582,582,0,0,0,2019-01-03,2019-12-30,True,True,,Wisconsin Community Maps county-year API,,0,0
WI_COMMUNITY_MAPS,55,2019,55123,824,824,824,0,0,0,2019-01-02,2019-12-31,True,True,,Wisconsin Community Maps county-year API,,0,0
WI_COMMUNITY_MAPS,55,2019,55125,543,543,543,0,0,0,2019-01-01,2019-12-31,True,True,,Wisconsin Community Maps county-year API,,0,0
WI_COMMUNITY_MAPS,55,2019,55127,2332,2332,2332,0,0,0,2019-01-01,2019-12-31,True,True,,Wisconsin Community Maps county-year API,,0,0
WI_COMMUNITY_MAPS,55,2019,55129,356,356,356,0,0,0,2019-01-02,2019-12-30,True,True,,Wisconsin Community Maps county-year API,,0,0
WI_COMMUNITY_MAPS,55,2019,55131,3548,3548,3548,0,0,0,2019-01-01,2019-12-31,True,True,,Wisconsin Community Maps county-year API,,0,0
WI_COMMUNITY_MAPS,55,2019,55133,8681,8681,8681,0,0,0,2019-01-01,2019-12-31,True,True,,Wisconsin Community Maps county-year API,,0,0
WI_COMMUNITY_MAPS,55,2019,55135,1251,1251,1251,0,0,0,2019-01-01,2019-12-31,True,True,,Wisconsin Community Maps county-year API,,0,0
WI_COMMUNITY_MAPS,55,2019,55137,585,585,585,0,0,0,2019-01-01,2019-12-31,True,True,,Wisconsin Community Maps county-year API,,0,0
WI_COMMUNITY_MAPS,55,2019,55139,4216,4216,4216,0,0,0,2019-01-01,2019-12-31,True,True,,Wisconsin Community Maps county-year API,,0,0
WI_COMMUNITY_MAPS,55,2019,55141,1450,1450,1450,0,0,0,2019-01-01,2019-12-31,True,True,,Wisconsin Community Maps county-year API,,0,0
WI_COMMUNITY_MAPS,55,2020,55001,371,371,371,0,0,0,2020-01-01,2020-12-31,True,True,,Wisconsin Community Maps county-year API,,0,0
WI_COMMUNITY_MAPS,55,2020,55003,244,244,244,0,0,0,2020-01-02,2020-12-31,True,True,,Wisconsin Community Maps county-year API,,0,0
WI_COMMUNITY_MAPS,55,2020,55005,708,708,708,0,0,0,2020-01-01,2020-12-31,True,True,,Wisconsin Community Maps county-year API,,0,0
WI_COMMUNITY_MAPS,55,2020,55007,277,277,277,0,0,0,2020-01-01,2020-12-31,True,True,,Wisconsin Community Maps county-year API,,0,0
WI_COMMUNITY_MAPS,55,2020,55009,2886,2886,2886,0,0,0,2020-01-01,2020-12-31,True,True,,Wisconsin Community Maps county-year API,,0,0
WI_COMMUNITY_MAPS,55,2020,55011,250,250,250,0,0,0,2020-01-02,2020-12-31,True,True,,Wisconsin Community Maps county-year API,,0,0
WI_COMMUNITY_MAPS,55,2020,55013,254,254,254,0,0,0,2020-01-02,2020-12-31,True,True,,Wisconsin Community Maps county-year API,,0,0
WI_COMMUNITY_MAPS,55,2020,55015,710,710,710,0,0,0,2020-01-01,2020-12-31,True,True,,Wisconsin Community Maps county-year API,,0,0
WI_COMMUNITY_MAPS,55,2020,55017,1172,1172,1172,0,0,0,2020-01-01,2020-12-31,True,True,,Wisconsin Community Maps county-year API,,0,0
WI_COMMUNITY_MAPS,55,2020,55019,555,555,555,0,0,0,2020-01-01,2020-12-31,True,True,,Wisconsin Community Maps county-year API,,0,0
WI_COMMUNITY_MAPS,55,2020,55021,1379,1379,1379,0,0,0,2020-01-01,2020-12-31,True,True,,Wisconsin Community Maps county-year API,,0,0
WI_COMMUNITY_MAPS,55,2020,55023,273,273,273,0,0,0,2020-01-01,2020-12-31,True,True,,Wisconsin Community Maps county-year API,,0,0
WI_COMMUNITY_MAPS,55,2020,55025,7970,7970,7970,0,0,0,2020-01-01,2020-12-31,True,True,,Wisconsin Community Maps county-year API,,0,0
WI_COMMUNITY_MAPS,55,2020,55027,1539,1539,1539,0,0,0,2020-01-01,2020-12-31,True,True,,Wisconsin Community Maps county-year API,,0,0
WI_COMMUNITY_MAPS,55,2020,55029,698,698,698,0,0,0,2020-01-01,2020-12-31,True,True,,Wisconsin Community Maps county-year API,,0,0
WI_COMMUNITY_MAPS,55,2020,55031,672,672,672,0,0,0,2020-01-01,2020-12-30,True,True,,Wisconsin Community Maps county-year API,,0,0
WI_COMMUNITY_MAPS,55,2020,55033,637,637,637,0,0,0,2020-01-01,2020-12-31,True,True,,Wisconsin Community Maps county-year API,,0,0
WI_COMMUNITY_MAPS,55,2020,55035,1950,1950,1950,0,0,0,2020-01-01,2020-12-31,True,True,,Wisconsin Community Maps county-year API,,0,0
WI_COMMUNITY_MAPS,55,2020,55037,82,82,82,0,0,0,2020-01-05,2020-12-26,True,True,,Wisconsin Community Maps county-year API,,0,0
WI_COMMUNITY_MAPS,55,2020,55039,2326,2326,2326,0,0,0,2020-01-01,2020-12-31,True,True,,Wisconsin Community Maps county-year API,,0,0
WI_COMMUNITY_MAPS,55,2020,55041,174,174,174,0,0,0,2020-01-04,2020-12-29,True,True,,Wisconsin Community Maps county-year API,,0,0
WI_COMMUNITY_MAPS,55,2020,55043,1191,1191,1191,0,0,0,2020-01-01,2020-12-31,True,True,,Wisconsin Community Maps county-year API,,0,0
WI_COMMUNITY_MAPS,55,2020,55045,753,753,753,0,0,0,2020-01-01,2020-12-31,True,True,,Wisconsin Community Maps county-year API,,0,0
WI_COMMUNITY_MAPS,55,2020,55047,338,338,338,0,0,0,2020-01-01,2020-12-31,True,True,,Wisconsin Community Maps county-year API,,0,0
WI_COMMUNITY_MAPS,55,2020,55049,468,468,468,0,0,0,2020-01-01,2020-12-31,True,True,,Wisconsin Community Maps county-year API,,0,0
WI_COMMUNITY_MAPS,55,2020,55051,89,89,89,0,0,0,2020-01-03,2020-12-30,True,True,,Wisconsin Community Maps county-year API,,0,0
WI_COMMUNITY_MAPS,55,2020,55053,506,506,506,0,0,0,2020-01-01,2020-12-31,True,True,,Wisconsin Community Maps county-year API,,0,0
WI_COMMUNITY_MAPS,55,2020,55055,1720,1720,1720,0,0,0,2020-01-01,2020-12-31,True,True,,Wisconsin Community Maps county-year API,,0,0
WI_COMMUNITY_MAPS,55,2020,55057,653,653,653,0,0,0,2020-01-01,2020-12-31,True,True,,Wisconsin Community Maps county-year API,,0,0
WI_COMMUNITY_MAPS,55,2020,55059,3735,3735,3735,0,0,0,2020-01-01,2020-12-31,True,True,,Wisconsin Community Maps county-year API,,0,0
WI_COMMUNITY_MAPS,55,2020,55061,365,365,365,0,0,0,2020-01-03,2020-12-31,True,True,,Wisconsin Community Maps county-year API,,0,0
WI_COMMUNITY_MAPS,55,2020,55063,2585,2585,2585,0,0,0,2020-01-01,2020-12-31,True,True,,Wisconsin Community Maps county-year API,,0,0
WI_COMMUNITY_MAPS,55,2020,55065,464,464,464,0,0,0,2020-01-03,2020-12-31,True,True,,Wisconsin Community Maps county-year API,,0,0
WI_COMMUNITY_MAPS,55,2020,55067,440,440,440,0,0,0,2020-01-01,2020-12-30,True,True,,Wisconsin Community Maps county-year API,,0,0
WI_COMMUNITY_MAPS,55,2020,55069,664,664,664,0,0,0,2020-01-01,2020-12-31,True,True,,Wisconsin Community Maps county-year API,,0,0
WI_COMMUNITY_MAPS,55,2020,55071,1957,1957,1957,0,0,0,2020-01-01,2020-12-31,True,True,,Wisconsin Community Maps county-year API,,0,0
WI_COMMUNITY_MAPS,55,2020,55073,2492,2492,2492,0,0,0,2020-01-01,2020-12-31,True,True,,Wisconsin Community Maps county-year API,,0,0
WI_COMMUNITY_MAPS,55,2020,55075,856,856,856,0,0,0,2020-01-01,2020-12-31,True,True,,Wisconsin Community Maps county-year API,,0,0
WI_COMMUNITY_MAPS,55,2020,55077,302,302,302,0,0,0,2020-01-01,2020-12-30,True,True,,Wisconsin Community Maps county-year API,,0,0
WI_COMMUNITY_MAPS,55,2020,55078,18,18,18,0,0,0,2020-01-02,2020-12-27,True,True,,Wisconsin Community Maps county-year API,,0,0
WI_COMMUNITY_MAPS,55,2020,55079,24376,24376,24376,0,0,0,2020-01-01,2020-12-31,True,True,,Wisconsin Community Maps county-year API,,0,0
WI_COMMUNITY_MAPS,55,2020,55081,1197,1197,1197,0,0,0,2020-01-01,2020-12-31,True,True,,Wisconsin Community Maps county-year API,,0,0
WI_COMMUNITY_MAPS,55,2020,55083,504,504,504,0,0,0,2020-01-01,2020-12-30,True,True,,Wisconsin Community Maps county-year API,,0,0
WI_COMMUNITY_MAPS,55,2020,55085,810,810,810,0,0,0,2020-01-01,2020-12-31,True,True,,Wisconsin Community Maps county-year API,,0,0
WI_COMMUNITY_MAPS,55,2020,55087,3277,3277,3277,0,0,0,2020-01-01,2020-12-31,True,True,,Wisconsin Community Maps county-year API,,0,0
WI_COMMUNITY_MAPS,55,2020,55089,1577,1577,1577,0,0,0,2020-01-01,2020-12-31,True,True,,Wisconsin Community Maps county-year API,,0,0
WI_COMMUNITY_MAPS,55,2020,55091,103,103,103,0,0,0,2020-01-05,2020-12-31,True,True,,Wisconsin Community Maps county-year API,,0,0
WI_COMMUNITY_MAPS,55,2020,55093,473,473,473,0,0,0,2020-01-01,2020-12-30,True,True,,Wisconsin Community Maps county-year API,,0,0
WI_COMMUNITY_MAPS,55,2020,55095,569,569,569,0,0,0,2020-01-02,2020-12-30,True,True,,Wisconsin Community Maps county-year API,,0,0
WI_COMMUNITY_MAPS,55,2020,55097,1182,1182,1182,0,0,0,2020-01-01,2020-12-31,True,True,,Wisconsin Community Maps county-year API,,0,0
WI_COMMUNITY_MAPS,55,2020,55099,190,190,190,0,0,0,2020-01-02,2020-12-31,True,True,,Wisconsin Community Maps county-year API,,0,0
WI_COMMUNITY_MAPS,55,2020,55101,4171,4171,4171,0,0,0,2020-01-01,2020-12-31,True,True,,Wisconsin Community Maps county-year API,,0,0
WI_COMMUNITY_MAPS,55,2020,55103,344,344,344,0,0,0,2020-01-02,2020-12-31,True,True,,Wisconsin Community Maps county-year API,,0,0
WI_COMMUNITY_MAPS,55,2020,55105,3636,3636,3636,0,0,0,2020-01-01,2020-12-31,True,True,,Wisconsin Community Maps county-year API,,0,0
WI_COMMUNITY_MAPS,55,2020,55107,192,192,192,0,0,0,2020-01-01,2020-12-29,True,True,,Wisconsin Community Maps county-year API,,0,0
WI_COMMUNITY_MAPS,55,2020,55109,2258,2258,2258,0,0,0,2020-01-01,2020-12-31,True,True,,Wisconsin Community Maps county-year API,,0,0
WI_COMMUNITY_MAPS,55,2020,55111,1487,1487,1487,0,0,0,2020-01-01,2020-12-31,True,True,,Wisconsin Community Maps county-year API,,0,0
WI_COMMUNITY_MAPS,55,2020,55113,305,305,305,0,0,0,2020-01-01,2020-12-30,True,True,,Wisconsin Community Maps county-year API,,0,0
WI_COMMUNITY_MAPS,55,2020,55115,1305,1305,1305,0,0,0,2020-01-01,2020-12-31,True,True,,Wisconsin Community Maps county-year API,,0,0
WI_COMMUNITY_MAPS,55,2020,55117,2609,2609,2609,0,0,0,2020-01-01,2020-12-31,True,True,,Wisconsin Community Maps county-year API,,0,0
WI_COMMUNITY_MAPS,55,2020,55119,392,392,392,0,0,0,2020-01-02,2020-12-31,True,True,,Wisconsin Community Maps county-year API,,0,0
WI_COMMUNITY_MAPS,55,2020,55121,498,498,498,0,0,0,2020-01-01,2020-12-31,True,True,,Wisconsin Community Maps county-year API,,0,0
WI_COMMUNITY_MAPS,55,2020,55123,478,478,478,0,0,0,2020-01-01,2020-12-31,True,True,,Wisconsin Community Maps county-year API,,0,0
WI_COMMUNITY_MAPS,55,2020,55125,469,469,469,0,0,0,2020-01-01,2020-12-31,True,True,,Wisconsin Community Maps county-year API,,0,0
WI_COMMUNITY_MAPS,55,2020,55127,2040,2040,2040,0,0,0,2020-01-01,2020-12-31,True,True,,Wisconsin Community Maps county-year API,,0,0
WI_COMMUNITY_MAPS,55,2020,55129,300,300,300,0,0,0,2020-01-03,2020-12-30,True,True,,Wisconsin Community Maps county-year API,,0,0
WI_COMMUNITY_MAPS,55,2020,55131,3041,3041,3041,0,0,0,2020-01-01,2020-12-31,True,True,,Wisconsin Community Maps county-year API,,0,0
WI_COMMUNITY_MAPS,55,2020,55133,6638,6638,6638,0,0,0,2020-01-01,2020-12-31,True,True,,Wisconsin Community Maps county-year API,,0,0
WI_COMMUNITY_MAPS,55,2020,55135,782,782,782,0,0,0,2020-01-01,2020-12-31,True,True,,Wisconsin Community Maps county-year API,,0,0
WI_COMMUNITY_MAPS,55,2020,55137,480,480,480,0,0,0,2020-01-02,2020-12-31,True,True,,Wisconsin Community Maps county-year API,,0,0
WI_COMMUNITY_MAPS,55,2020,55139,3216,3216,3216,0,0,0,2020-01-01,2020-12-31,True,True,,Wisconsin Community Maps county-year API,,0,0
WI_COMMUNITY_MAPS,55,2020,55141,1075,1075,1075,0,0,0,2020-01-01,2020-12-31,True,True,,Wisconsin Community Maps county-year API,,0,0
WI_COMMUNITY_MAPS,55,2021,55001,412,412,412,0,0,0,2021-01-01,2021-12-31,True,True,,Wisconsin Community Maps county-year API,,0,0
WI_COMMUNITY_MAPS,55,2021,55003,292,292,292,0,0,0,2021-01-02,2021-12-31,True,True,,Wisconsin Community Maps county-year API,,0,0
WI_COMMUNITY_MAPS,55,2021,55005,675,675,675,0,0,0,2021-01-01,2021-12-31,True,True,,Wisconsin Community Maps county-year API,,0,0
WI_COMMUNITY_MAPS,55,2021,55007,279,279,279,0,0,0,2021-01-01,2021-12-31,True,True,,Wisconsin Community Maps county-year API,,0,0
WI_COMMUNITY_MAPS,55,2021,55009,3840,3840,3840,0,0,0,2021-01-01,2021-12-31,True,True,,Wisconsin Community Maps county-year API,,0,0
WI_COMMUNITY_MAPS,55,2021,55011,224,224,224,0,0,0,2021-01-01,2021-12-28,True,True,,Wisconsin Community Maps county-year API,,0,0
WI_COMMUNITY_MAPS,55,2021,55013,268,268,268,0,0,0,2021-01-02,2021-12-30,True,True,,Wisconsin Community Maps county-year API,,0,0
WI_COMMUNITY_MAPS,55,2021,55015,735,735,735,0,0,0,2021-01-01,2021-12-31,True,True,,Wisconsin Community Maps county-year API,,0,0
WI_COMMUNITY_MAPS,55,2021,55017,1336,1336,1336,0,0,0,2021-01-01,2021-12-31,True,True,,Wisconsin Community Maps county-year API,,0,0
WI_COMMUNITY_MAPS,55,2021,55019,618,618,618,0,0,0,2021-01-01,2021-12-31,True,True,,Wisconsin Community Maps county-year API,,0,0
WI_COMMUNITY_MAPS,55,2021,55021,1508,1508,1508,0,0,0,2021-01-01,2021-12-31,True,True,,Wisconsin Community Maps county-year API,,0,0
WI_COMMUNITY_MAPS,55,2021,55023,262,262,262,0,0,0,2021-01-01,2021-12-28,True,True,,Wisconsin Community Maps county-year API,,0,0
WI_COMMUNITY_MAPS,55,2021,55025,8805,8805,8805,0,0,0,2021-01-01,2021-12-31,True,True,,Wisconsin Community Maps county-year API,,0,0
WI_COMMUNITY_MAPS,55,2021,55027,1545,1545,1545,0,0,0,2021-01-01,2021-12-31,True,True,,Wisconsin Community Maps county-year API,,0,0
WI_COMMUNITY_MAPS,55,2021,55029,837,837,837,0,0,0,2021-01-01,2021-12-31,True,True,,Wisconsin Community Maps county-year API,,0,0
WI_COMMUNITY_MAPS,55,2021,55031,876,876,876,0,0,0,2021-01-01,2021-12-31,True,True,,Wisconsin Community Maps county-year API,,0,0
WI_COMMUNITY_MAPS,55,2021,55033,802,802,802,0,0,0,2021-01-01,2021-12-31,True,True,,Wisconsin Community Maps county-year API,,0,0
WI_COMMUNITY_MAPS,55,2021,55035,2310,2310,2310,0,0,0,2021-01-01,2021-12-31,True,True,,Wisconsin Community Maps county-year API,,0,0
WI_COMMUNITY_MAPS,55,2021,55037,95,95,95,0,0,0,2021-01-01,2021-12-29,True,True,,Wisconsin Community Maps county-year API,,0,0
WI_COMMUNITY_MAPS,55,2021,55039,2722,2722,2722,0,0,0,2021-01-01,2021-12-31,True,True,,Wisconsin Community Maps county-year API,,0,0
WI_COMMUNITY_MAPS,55,2021,55041,203,203,203,0,0,0,2021-01-01,2021-12-31,True,True,,Wisconsin Community Maps county-year API,,0,0
WI_COMMUNITY_MAPS,55,2021,55043,1351,1351,1351,0,0,0,2021-01-01,2021-12-31,True,True,,Wisconsin Community Maps county-year API,,0,0
WI_COMMUNITY_MAPS,55,2021,55045,769,769,769,0,0,0,2021-01-01,2021-12-31,True,True,,Wisconsin Community Maps county-year API,,0,0
WI_COMMUNITY_MAPS,55,2021,55047,315,315,315,0,0,0,2021-01-01,2021-12-31,True,True,,Wisconsin Community Maps county-year API,,0,0
WI_COMMUNITY_MAPS,55,2021,55049,540,540,540,0,0,0,2021-01-03,2021-12-31,True,True,,Wisconsin Community Maps county-year API,,0,0
WI_COMMUNITY_MAPS,55,2021,55051,89,89,89,0,0,0,2021-01-05,2021-12-23,True,True,,Wisconsin Community Maps county-year API,,0,0
WI_COMMUNITY_MAPS,55,2021,55053,563,563,563,0,0,0,2021-01-01,2021-12-30,True,True,,Wisconsin Community Maps county-year API,,0,0
WI_COMMUNITY_MAPS,55,2021,55055,1848,1848,1848,0,0,0,2021-01-01,2021-12-31,True,True,,Wisconsin Community Maps county-year API,,0,0
WI_COMMUNITY_MAPS,55,2021,55057,762,762,762,0,0,0,2021-01-01,2021-12-31,True,True,,Wisconsin Community Maps county-year API,,0,0
WI_COMMUNITY_MAPS,55,2021,55059,4164,4164,4164,0,0,0,2021-01-01,2021-12-31,True,True,,Wisconsin Community Maps county-year API,,0,0
WI_COMMUNITY_MAPS,55,2021,55061,335,335,335,0,0,0,2021-01-01,2021-12-31,True,True,,Wisconsin Community Maps county-year API,,0,0
WI_COMMUNITY_MAPS,55,2021,55063,3217,3217,3217,0,0,0,2021-01-01,2021-12-31,True,True,,Wisconsin Community Maps county-year API,,0,0
WI_COMMUNITY_MAPS,55,2021,55065,459,459,459,0,0,0,2021-01-01,2021-12-31,True,True,,Wisconsin Community Maps county-year API,,0,0
WI_COMMUNITY_MAPS,55,2021,55067,434,434,434,0,0,0,2021-01-01,2021-12-31,True,True,,Wisconsin Community Maps county-year API,,0,0
WI_COMMUNITY_MAPS,55,2021,55069,693,693,693,0,0,0,2021-01-01,2021-12-31,True,True,,Wisconsin Community Maps county-year API,,0,0
WI_COMMUNITY_MAPS,55,2021,55071,2100,2100,2100,0,0,0,2021-01-01,2021-12-31,True,True,,Wisconsin Community Maps county-year API,,0,0
WI_COMMUNITY_MAPS,55,2021,55073,2980,2980,2980,0,0,0,2021-01-01,2021-12-31,True,True,,Wisconsin Community Maps county-year API,,0,0
WI_COMMUNITY_MAPS,55,2021,55075,943,943,943,0,0,0,2021-01-01,2021-12-31,True,True,,Wisconsin Community Maps county-year API,,0,0
WI_COMMUNITY_MAPS,55,2021,55077,356,356,356,0,0,0,2021-01-02,2021-12-31,True,True,,Wisconsin Community Maps county-year API,,0,0
WI_COMMUNITY_MAPS,55,2021,55078,34,34,34,0,0,0,2021-01-05,2021-12-31,True,True,,Wisconsin Community Maps county-year API,,0,0
WI_COMMUNITY_MAPS,55,2021,55079,27430,27430,27430,0,0,0,2021-01-01,2021-12-31,True,True,,Wisconsin Community Maps county-year API,,0,0
WI_COMMUNITY_MAPS,55,2021,55081,1175,1175,1175,0,0,0,2021-01-01,2021-12-31,True,True,,Wisconsin Community Maps county-year API,,0,0
WI_COMMUNITY_MAPS,55,2021,55083,602,602,602,0,0,0,2021-01-01,2021-12-31,True,True,,Wisconsin Community Maps county-year API,,0,0
WI_COMMUNITY_MAPS,55,2021,55085,771,771,771,0,0,0,2021-01-01,2021-12-31,True,True,,Wisconsin Community Maps county-year API,,0,0
WI_COMMUNITY_MAPS,55,2021,55087,3928,3928,3928,0,0,0,2021-01-01,2021-12-31,True,True,,Wisconsin Community Maps county-year API,,0,0
WI_COMMUNITY_MAPS,55,2021,55089,1651,1651,1651,0,0,0,2021-01-01,2021-12-31,True,True,,Wisconsin Community Maps county-year API,,0,0
WI_COMMUNITY_MAPS,55,2021,55091,93,93,93,0,0,0,2021-01-01,2021-12-31,True,True,,Wisconsin Community Maps county-year API,,0,0
WI_COMMUNITY_MAPS,55,2021,55093,493,493,493,0,0,0,2021-01-01,2021-12-30,True,True,,Wisconsin Community Maps county-year API,,0,0
WI_COMMUNITY_MAPS,55,2021,55095,619,619,619,0,0,0,2021-01-01,2021-12-31,True,True,,Wisconsin Community Maps county-year API,,0,0
WI_COMMUNITY_MAPS,55,2021,55097,1474,1474,1474,0,0,0,2021-01-01,2021-12-31,True,True,,Wisconsin Community Maps county-year API,,0,0
WI_COMMUNITY_MAPS,55,2021,55099,201,201,201,0,0,0,2021-01-02,2021-12-30,True,True,,Wisconsin Community Maps county-year API,,0,0
WI_COMMUNITY_MAPS,55,2021,55101,4373,4373,4373,0,0,0,2021-01-01,2021-12-31,True,True,,Wisconsin Community Maps county-year API,,0,0
WI_COMMUNITY_MAPS,55,2021,55103,401,401,401,0,0,0,2021-01-02,2021-12-31,True,True,,Wisconsin Community Maps county-year API,,0,0
WI_COMMUNITY_MAPS,55,2021,55105,4043,4043,4043,0,0,0,2021-01-01,2021-12-31,True,True,,Wisconsin Community Maps county-year API,,0,0
WI_COMMUNITY_MAPS,55,2021,55107,198,198,198,0,0,0,2021-01-03,2021-12-23,True,True,,Wisconsin Community Maps county-year API,,0,0
WI_COMMUNITY_MAPS,55,2021,55109,2412,2412,2412,0,0,0,2021-01-01,2021-12-31,True,True,,Wisconsin Community Maps county-year API,,0,0
WI_COMMUNITY_MAPS,55,2021,55111,1857,1857,1857,0,0,0,2021-01-01,2021-12-31,True,True,,Wisconsin Community Maps county-year API,,0,0
WI_COMMUNITY_MAPS,55,2021,55113,309,309,309,0,0,0,2021-01-02,2021-12-30,True,True,,Wisconsin Community Maps county-year API,,0,0
WI_COMMUNITY_MAPS,55,2021,55115,940,940,940,0,0,0,2021-01-01,2021-12-31,True,True,,Wisconsin Community Maps county-year API,,0,0
WI_COMMUNITY_MAPS,55,2021,55117,2811,2811,2811,0,0,0,2021-01-01,2021-12-31,True,True,,Wisconsin Community Maps county-year API,,0,0
WI_COMMUNITY_MAPS,55,2021,55119,470,470,470,0,0,0,2021-01-01,2021-12-31,True,True,,Wisconsin Community Maps county-year API,,0,0
WI_COMMUNITY_MAPS,55,2021,55121,537,537,537,0,0,0,2021-01-01,2021-12-31,True,True,,Wisconsin Community Maps county-year API,,0,0
WI_COMMUNITY_MAPS,55,2021,55123,433,433,433,0,0,0,2021-01-01,2021-12-29,True,True,,Wisconsin Community Maps county-year API,,0,0
WI_COMMUNITY_MAPS,55,2021,55125,548,548,548,0,0,0,2021-01-01,2021-12-31,True,True,,Wisconsin Community Maps county-year API,,0,0
WI_COMMUNITY_MAPS,55,2021,55127,2232,2232,2232,0,0,0,2021-01-01,2021-12-31,True,True,,Wisconsin Community Maps county-year API,,0,0
WI_COMMUNITY_MAPS,55,2021,55129,333,333,333,0,0,0,2021-01-02,2021-12-30,True,True,,Wisconsin Community Maps county-year API,,0,0
WI_COMMUNITY_MAPS,55,2021,55131,3349,3349,3349,0,0,0,2021-01-01,2021-12-31,True,True,,Wisconsin Community Maps county-year API,,0,0
WI_COMMUNITY_MAPS,55,2021,55133,7694,7694,7694,0,0,0,2021-01-01,2021-12-31,True,True,,Wisconsin Community Maps county-year API,,0,0
WI_COMMUNITY_MAPS,55,2021,55135,799,799,799,0,0,0,2021-01-01,2021-12-31,True,True,,Wisconsin Community Maps county-year API,,0,0
WI_COMMUNITY_MAPS,55,2021,55137,561,561,561,0,0,0,2021-01-02,2021-12-31,True,True,,Wisconsin Community Maps county-year API,,0,0
WI_COMMUNITY_MAPS,55,2021,55139,3693,3693,3693,0,0,0,2021-01-01,2021-12-31,True,True,,Wisconsin Community Maps county-year API,,0,0
WI_COMMUNITY_MAPS,55,2021,55141,1270,1270,1270,0,0,0,2021-01-01,2021-12-31,True,True,,Wisconsin Community Maps county-year API,,0,0
WI_COMMUNITY_MAPS,55,2022,55001,355,355,355,0,0,0,2022-01-03,2022-12-31,True,True,,Wisconsin Community Maps county-year API,,0,0
WI_COMMUNITY_MAPS,55,2022,55003,312,312,312,0,0,0,2022-01-01,2022-12-29,True,True,,Wisconsin Community Maps county-year API,,0,0
WI_COMMUNITY_MAPS,55,2022,55005,716,716,716,0,0,0,2022-01-02,2022-12-31,True,True,,Wisconsin Community Maps county-year API,,0,0
WI_COMMUNITY_MAPS,55,2022,55007,297,297,297,0,0,0,2022-01-03,2022-12-30,True,True,,Wisconsin Community Maps county-year API,,0,0
WI_COMMUNITY_MAPS,55,2022,55009,3837,3837,3837,0,0,0,2022-01-01,2022-12-31,True,True,,Wisconsin Community Maps county-year API,,0,0
WI_COMMUNITY_MAPS,55,2022,55011,225,225,225,0,0,0,2022-01-04,2022-12-30,True,True,,Wisconsin Community Maps county-year API,,0,0
WI_COMMUNITY_MAPS,55,2022,55013,242,242,242,0,0,0,2022-01-01,2022-12-29,True,True,,Wisconsin Community Maps county-year API,,0,0
WI_COMMUNITY_MAPS,55,2022,55015,786,786,786,0,0,0,2022-01-01,2022-12-31,True,True,,Wisconsin Community Maps county-year API,,0,0
WI_COMMUNITY_MAPS,55,2022,55017,1358,1358,1358,0,0,0,2022-01-01,2022-12-31,True,True,,Wisconsin Community Maps county-year API,,0,0
WI_COMMUNITY_MAPS,55,2022,55019,639,639,639,0,0,0,2022-01-02,2022-12-30,True,True,,Wisconsin Community Maps county-year API,,0,0
WI_COMMUNITY_MAPS,55,2022,55021,1589,1589,1589,0,0,0,2022-01-01,2022-12-31,True,True,,Wisconsin Community Maps county-year API,,0,0
WI_COMMUNITY_MAPS,55,2022,55023,268,268,268,0,0,0,2022-01-04,2022-12-31,True,True,,Wisconsin Community Maps county-year API,,0,0
WI_COMMUNITY_MAPS,55,2022,55025,8969,8969,8969,0,0,0,2022-01-01,2022-12-31,True,True,,Wisconsin Community Maps county-year API,,0,0
WI_COMMUNITY_MAPS,55,2022,55027,1685,1685,1685,0,0,0,2022-01-01,2022-12-31,True,True,,Wisconsin Community Maps county-year API,,0,0
WI_COMMUNITY_MAPS,55,2022,55029,868,868,868,0,0,0,2022-01-02,2022-12-31,True,True,,Wisconsin Community Maps county-year API,,0,0
WI_COMMUNITY_MAPS,55,2022,55031,938,938,938,0,0,0,2022-01-01,2022-12-31,True,True,,Wisconsin Community Maps county-year API,,0,0
WI_COMMUNITY_MAPS,55,2022,55033,857,857,857,0,0,0,2022-01-02,2022-12-31,True,True,,Wisconsin Community Maps county-year API,,0,0
WI_COMMUNITY_MAPS,55,2022,55035,2415,2415,2415,0,0,0,2022-01-01,2022-12-31,True,True,,Wisconsin Community Maps county-year API,,0,0
WI_COMMUNITY_MAPS,55,2022,55037,115,115,115,0,0,0,2022-01-04,2022-12-31,True,True,,Wisconsin Community Maps county-year API,,0,0
WI_COMMUNITY_MAPS,55,2022,55039,2772,2772,2772,0,0,0,2022-01-01,2022-12-31,True,True,,Wisconsin Community Maps county-year API,,0,0
WI_COMMUNITY_MAPS,55,2022,55041,218,218,218,0,0,0,2022-01-01,2022-12-31,True,True,,Wisconsin Community Maps county-year API,,0,0
WI_COMMUNITY_MAPS,55,2022,55043,1292,1292,1292,0,0,0,2022-01-01,2022-12-31,True,True,,Wisconsin Community Maps county-year API,,0,0
WI_COMMUNITY_MAPS,55,2022,55045,765,765,765,0,0,0,2022-01-01,2022-12-31,True,True,,Wisconsin Community Maps county-year API,,0,0
WI_COMMUNITY_MAPS,55,2022,55047,314,314,314,0,0,0,2022-01-01,2022-12-31,True,True,,Wisconsin Community Maps county-year API,,0,0
WI_COMMUNITY_MAPS,55,2022,55049,513,513,513,0,0,0,2022-01-01,2022-12-31,True,True,,Wisconsin Community Maps county-year API,,0,0
WI_COMMUNITY_MAPS,55,2022,55051,109,109,109,0,0,0,2022-01-07,2022-12-23,True,True,,Wisconsin Community Maps county-year API,,0,0
WI_COMMUNITY_MAPS,55,2022,55053,568,568,568,0,0,0,2022-01-01,2022-12-31,True,True,,Wisconsin Community Maps county-year API,,0,0
WI_COMMUNITY_MAPS,55,2022,55055,1811,1811,1811,0,0,0,2022-01-01,2022-12-31,True,True,,Wisconsin Community Maps county-year API,,0,0
WI_COMMUNITY_MAPS,55,2022,55057,750,750,750,0,0,0,2022-01-01,2022-12-31,True,True,,Wisconsin Community Maps county-year API,,0,0
WI_COMMUNITY_MAPS,55,2022,55059,4064,4064,4064,0,0,0,2022-01-01,2022-12-31,True,True,,Wisconsin Community Maps county-year API,,0,0
WI_COMMUNITY_MAPS,55,2022,55061,364,364,364,0,0,0,2022-01-01,2022-12-31,True,True,,Wisconsin Community Maps county-year API,,0,0
WI_COMMUNITY_MAPS,55,2022,55063,3616,3616,3616,0,0,0,2022-01-01,2022-12-31,True,True,,Wisconsin Community Maps county-year API,,0,0
WI_COMMUNITY_MAPS,55,2022,55065,464,464,464,0,0,0,2022-01-01,2022-12-30,True,True,,Wisconsin Community Maps county-year API,,0,0
WI_COMMUNITY_MAPS,55,2022,55067,424,424,424,0,0,0,2022-01-04,2022-12-30,True,True,,Wisconsin Community Maps county-year API,,0,0
WI_COMMUNITY_MAPS,55,2022,55069,748,748,748,0,0,0,2022-01-01,2022-12-31,True,True,,Wisconsin Community Maps county-year API,,0,0
WI_COMMUNITY_MAPS,55,2022,55071,2086,2086,2086,0,0,0,2022-01-01,2022-12-31,True,True,,Wisconsin Community Maps county-year API,,0,0
WI_COMMUNITY_MAPS,55,2022,55073,3217,3217,3217,0,0,0,2022-01-01,2022-12-31,True,True,,Wisconsin Community Maps county-year API,,0,0
WI_COMMUNITY_MAPS,55,2022,55075,872,872,872,0,0,0,2022-01-03,2022-12-31,True,True,,Wisconsin Community Maps county-year API,,0,0
WI_COMMUNITY_MAPS,55,2022,55077,318,318,318,0,0,0,2022-01-04,2022-12-31,True,True,,Wisconsin Community Maps county-year API,,0,0
WI_COMMUNITY_MAPS,55,2022,55078,35,35,35,0,0,0,2022-01-10,2022-12-30,True,True,,Wisconsin Community Maps county-year API,,0,0
WI_COMMUNITY_MAPS,55,2022,55079,25604,25604,25604,0,0,0,2022-01-01,2022-12-31,True,True,,Wisconsin Community Maps county-year API,,0,0
WI_COMMUNITY_MAPS,55,2022,55081,1198,1198,1198,0,0,0,2022-01-01,2022-12-31,True,True,,Wisconsin Community Maps county-year API,,0,0
WI_COMMUNITY_MAPS,55,2022,55083,591,591,591,0,0,0,2022-01-01,2022-12-30,True,True,,Wisconsin Community Maps county-year API,,0,0
WI_COMMUNITY_MAPS,55,2022,55085,912,912,912,0,0,0,2022-01-01,2022-12-31,True,True,,Wisconsin Community Maps county-year API,,0,0
WI_COMMUNITY_MAPS,55,2022,55087,4369,4369,4369,0,0,0,2022-01-01,2022-12-31,True,True,,Wisconsin Community Maps county-year API,,0,0
WI_COMMUNITY_MAPS,55,2022,55089,1679,1679,1679,0,0,0,2022-01-01,2022-12-30,True,True,,Wisconsin Community Maps county-year API,,0,0
WI_COMMUNITY_MAPS,55,2022,55091,118,118,118,0,0,0,2022-01-10,2022-12-27,True,True,,Wisconsin Community Maps county-year API,,0,0
WI_COMMUNITY_MAPS,55,2022,55093,587,587,587,0,0,0,2022-01-01,2022-12-31,True,True,,Wisconsin Community Maps county-year API,,0,0
WI_COMMUNITY_MAPS,55,2022,55095,601,601,601,0,0,0,2022-01-01,2022-12-31,True,True,,Wisconsin Community Maps county-year API,,0,0
WI_COMMUNITY_MAPS,55,2022,55097,1514,1514,1514,0,0,0,2022-01-01,2022-12-31,True,True,,Wisconsin Community Maps county-year API,,0,0
WI_COMMUNITY_MAPS,55,2022,55099,200,200,200,0,0,0,2022-01-04,2022-12-28,True,True,,Wisconsin Community Maps county-year API,,0,0
WI_COMMUNITY_MAPS,55,2022,55101,4465,4465,4465,0,0,0,2022-01-01,2022-12-31,True,True,,Wisconsin Community Maps county-year API,,0,0
WI_COMMUNITY_MAPS,55,2022,55103,389,389,389,0,0,0,2022-01-01,2022-12-29,True,True,,Wisconsin Community Maps county-year API,,0,0
WI_COMMUNITY_MAPS,55,2022,55105,3692,3692,3692,0,0,0,2022-01-01,2022-12-31,True,True,,Wisconsin Community Maps county-year API,,0,0
WI_COMMUNITY_MAPS,55,2022,55107,213,213,213,0,0,0,2022-01-01,2022-12-30,True,True,,Wisconsin Community Maps county-year API,,0,0
WI_COMMUNITY_MAPS,55,2022,55109,2508,2508,2508,0,0,0,2022-01-01,2022-12-31,True,True,,Wisconsin Community Maps county-year API,,0,0
WI_COMMUNITY_MAPS,55,2022,55111,1862,1862,1862,0,0,0,2022-01-01,2022-12-31,True,True,,Wisconsin Community Maps county-year API,,0,0
WI_COMMUNITY_MAPS,55,2022,55113,344,344,344,0,0,0,2022-01-01,2022-12-31,True,True,,Wisconsin Community Maps county-year API,,0,0
WI_COMMUNITY_MAPS,55,2022,55115,666,666,666,0,0,0,2022-01-01,2022-12-30,True,True,,Wisconsin Community Maps county-year API,,0,0
WI_COMMUNITY_MAPS,55,2022,55117,2890,2890,2890,0,0,0,2022-01-01,2022-12-31,True,True,,Wisconsin Community Maps county-year API,,0,0
WI_COMMUNITY_MAPS,55,2022,55119,412,412,412,0,0,0,2022-01-01,2022-12-31,True,True,,Wisconsin Community Maps county-year API,,0,0
WI_COMMUNITY_MAPS,55,2022,55121,563,563,563,0,0,0,2022-01-01,2022-12-29,True,True,,Wisconsin Community Maps county-year API,,0,0
WI_COMMUNITY_MAPS,55,2022,55123,516,516,516,0,0,0,2022-01-02,2022-12-31,True,True,,Wisconsin Community Maps county-year API,,0,0
WI_COMMUNITY_MAPS,55,2022,55125,497,497,497,0,0,0,2022-01-01,2022-12-30,True,True,,Wisconsin Community Maps county-year API,,0,0
WI_COMMUNITY_MAPS,55,2022,55127,2388,2388,2388,0,0,0,2022-01-01,2022-12-31,True,True,,Wisconsin Community Maps county-year API,,0,0
WI_COMMUNITY_MAPS,55,2022,55129,351,351,351,0,0,0,2022-01-01,2022-12-31,True,True,,Wisconsin Community Maps county-year API,,0,0
WI_COMMUNITY_MAPS,55,2022,55131,3555,3555,3555,0,0,0,2022-01-01,2022-12-31,True,True,,Wisconsin Community Maps county-year API,,0,0
WI_COMMUNITY_MAPS,55,2022,55133,7958,7958,7958,0,0,0,2022-01-01,2022-12-31,True,True,,Wisconsin Community Maps county-year API,,0,0
WI_COMMUNITY_MAPS,55,2022,55135,784,784,784,0,0,0,2022-01-01,2022-12-31,True,True,,Wisconsin Community Maps county-year API,,0,0
WI_COMMUNITY_MAPS,55,2022,55137,533,533,533,0,0,0,2022-01-01,2022-12-30,True,True,,Wisconsin Community Maps county-year API,,0,0
WI_COMMUNITY_MAPS,55,2022,55139,3796,3796,3796,0,0,0,2022-01-01,2022-12-31,True,True,,Wisconsin Community Maps county-year API,,0,0
WI_COMMUNITY_MAPS,55,2022,55141,1284,1284,1284,0,0,0,2022-01-01,2022-12-30,True,True,,Wisconsin Community Maps county-year API,,0,0
WI_COMMUNITY_MAPS,55,2023,55001,376,376,376,0,0,0,2023-01-03,2023-12-31,True,True,,Wisconsin Community Maps county-year API,,0,0
WI_COMMUNITY_MAPS,55,2023,55003,274,274,274,0,0,0,2023-01-03,2023-12-31,True,True,,Wisconsin Community Maps county-year API,,0,0
WI_COMMUNITY_MAPS,55,2023,55005,704,704,704,0,0,0,2023-01-03,2023-12-31,True,True,,Wisconsin Community Maps county-year API,,0,0
WI_COMMUNITY_MAPS,55,2023,55007,229,229,229,0,0,0,2023-01-03,2023-12-30,True,True,,Wisconsin Community Maps county-year API,,0,0
WI_COMMUNITY_MAPS,55,2023,55009,3866,3866,3866,0,0,0,2023-01-01,2023-12-31,True,True,,Wisconsin Community Maps county-year API,,0,0
WI_COMMUNITY_MAPS,55,2023,55011,202,202,202,0,0,0,2023-01-01,2023-12-30,True,True,,Wisconsin Community Maps county-year API,,0,0
WI_COMMUNITY_MAPS,55,2023,55013,230,230,230,0,0,0,2023-01-02,2023-12-30,True,True,,Wisconsin Community Maps county-year API,,0,0
WI_COMMUNITY_MAPS,55,2023,55015,763,763,763,0,0,0,2023-01-02,2023-12-31,True,True,,Wisconsin Community Maps county-year API,,0,0
WI_COMMUNITY_MAPS,55,2023,55017,1120,1120,1120,0,0,0,2023-01-01,2023-12-30,True,True,,Wisconsin Community Maps county-year API,,0,0
WI_COMMUNITY_MAPS,55,2023,55019,613,613,613,0,0,0,2023-01-01,2023-12-31,True,True,,Wisconsin Community Maps county-year API,,0,0
WI_COMMUNITY_MAPS,55,2023,55021,1431,1431,1431,0,0,0,2023-01-01,2023-12-31,True,True,,Wisconsin Community Maps county-year API,,0,0
WI_COMMUNITY_MAPS,55,2023,55023,266,266,266,0,0,0,2023-01-01,2023-12-31,True,True,,Wisconsin Community Maps county-year API,,0,0
WI_COMMUNITY_MAPS,55,2023,55025,9024,9024,9024,0,0,0,2023-01-01,2023-12-31,True,True,,Wisconsin Community Maps county-year API,,0,0
WI_COMMUNITY_MAPS,55,2023,55027,1587,1587,1587,0,0,0,2023-01-01,2023-12-31,True,True,,Wisconsin Community Maps county-year API,,0,0
WI_COMMUNITY_MAPS,55,2023,55029,820,820,820,0,0,0,2023-01-01,2023-12-31,True,True,,Wisconsin Community Maps county-year API,,0,0
WI_COMMUNITY_MAPS,55,2023,55031,795,795,795,0,0,0,2023-01-01,2023-12-31,True,True,,Wisconsin Community Maps county-year API,,0,0
WI_COMMUNITY_MAPS,55,2023,55033,805,805,805,0,0,0,2023-01-03,2023-12-31,True,True,,Wisconsin Community Maps county-year API,,0,0
WI_COMMUNITY_MAPS,55,2023,55035,2242,2242,2242,0,0,0,2023-01-01,2023-12-31,True,True,,Wisconsin Community Maps county-year API,,0,0
WI_COMMUNITY_MAPS,55,2023,55037,91,91,91,0,0,0,2023-01-10,2023-12-30,True,True,,Wisconsin Community Maps county-year API,,0,0
WI_COMMUNITY_MAPS,55,2023,55039,2830,2830,2830,0,0,0,2023-01-01,2023-12-31,True,True,,Wisconsin Community Maps county-year API,,0,0
WI_COMMUNITY_MAPS,55,2023,55041,222,222,222,0,0,0,2023-01-01,2023-12-28,True,True,,Wisconsin Community Maps county-year API,,0,0
WI_COMMUNITY_MAPS,55,2023,55043,1243,1243,1243,0,0,0,2023-01-01,2023-12-31,True,True,,Wisconsin Community Maps county-year API,,0,0
WI_COMMUNITY_MAPS,55,2023,55045,817,817,817,0,0,0,2023-01-01,2023-12-31,True,True,,Wisconsin Community Maps county-year API,,0,0
WI_COMMUNITY_MAPS,55,2023,55047,356,356,356,0,0,0,2023-01-01,2023-12-30,True,True,,Wisconsin Community Maps county-year API,,0,0
WI_COMMUNITY_MAPS,55,2023,55049,517,517,517,0,0,0,2023-01-01,2023-12-29,True,True,,Wisconsin Community Maps county-year API,,0,0
WI_COMMUNITY_MAPS,55,2023,55051,107,107,107,0,0,0,2023-01-05,2023-12-30,True,True,,Wisconsin Community Maps county-year API,,0,0
WI_COMMUNITY_MAPS,55,2023,55053,529,529,529,0,0,0,2023-01-02,2023-12-31,True,True,,Wisconsin Community Maps county-year API,,0,0
WI_COMMUNITY_MAPS,55,2023,55055,1847,1847,1847,0,0,0,2023-01-01,2023-12-31,True,True,,Wisconsin Community Maps county-year API,,0,0
WI_COMMUNITY_MAPS,55,2023,55057,775,775,775,0,0,0,2023-01-02,2023-12-31,True,True,,Wisconsin Community Maps county-year API,,0,0
WI_COMMUNITY_MAPS,55,2023,55059,4044,4044,4044,0,0,0,2023-01-01,2023-12-31,True,True,,Wisconsin Community Maps county-year API,,0,0
WI_COMMUNITY_MAPS,55,2023,55061,329,329,329,0,0,0,2023-01-01,2023-12-31,True,True,,Wisconsin Community Maps county-year API,,0,0
WI_COMMUNITY_MAPS,55,2023,55063,3355,3355,3355,0,0,0,2023-01-01,2023-12-31,True,True,,Wisconsin Community Maps county-year API,,0,0
WI_COMMUNITY_MAPS,55,2023,55065,464,464,464,0,0,0,2023-01-01,2023-12-29,True,True,,Wisconsin Community Maps county-year API,,0,0
WI_COMMUNITY_MAPS,55,2023,55067,383,383,383,0,0,0,2023-01-02,2023-12-31,True,True,,Wisconsin Community Maps county-year API,,0,0
WI_COMMUNITY_MAPS,55,2023,55069,851,851,851,0,0,0,2023-01-03,2023-12-31,True,True,,Wisconsin Community Maps county-year API,,0,0
WI_COMMUNITY_MAPS,55,2023,55071,1999,1999,1999,0,0,0,2023-01-01,2023-12-31,True,True,,Wisconsin Community Maps county-year API,,0,0
WI_COMMUNITY_MAPS,55,2023,55073,2849,2849,2849,0,0,0,2023-01-01,2023-12-31,True,True,,Wisconsin Community Maps county-year API,,0,0
WI_COMMUNITY_MAPS,55,2023,55075,886,886,886,0,0,0,2023-01-02,2023-12-30,True,True,,Wisconsin Community Maps county-year API,,0,0
WI_COMMUNITY_MAPS,55,2023,55077,369,369,369,0,0,0,2023-01-02,2023-12-31,True,True,,Wisconsin Community Maps county-year API,,0,0
WI_COMMUNITY_MAPS,55,2023,55078,30,30,30,0,0,0,2023-01-07,2023-12-25,True,True,,Wisconsin Community Maps county-year API,,0,0
WI_COMMUNITY_MAPS,55,2023,55079,24459,24459,24459,0,0,0,2023-01-01,2023-12-31,True,True,,Wisconsin Community Maps county-year API,,0,0
WI_COMMUNITY_MAPS,55,2023,55081,1167,1167,1167,0,0,0,2023-01-01,2023-12-31,True,True,,Wisconsin Community Maps county-year API,,0,0
WI_COMMUNITY_MAPS,55,2023,55083,538,538,538,0,0,0,2023-01-01,2023-12-31,True,True,,Wisconsin Community Maps county-year API,,0,0
WI_COMMUNITY_MAPS,55,2023,55085,877,877,877,0,0,0,2023-01-01,2023-12-31,True,True,,Wisconsin Community Maps county-year API,,0,0
WI_COMMUNITY_MAPS,55,2023,55087,4198,4198,4198,0,0,0,2023-01-01,2023-12-31,True,True,,Wisconsin Community Maps county-year API,,0,0
WI_COMMUNITY_MAPS,55,2023,55089,1773,1773,1773,0,0,0,2023-01-01,2023-12-31,True,True,,Wisconsin Community Maps county-year API,,0,0
WI_COMMUNITY_MAPS,55,2023,55091,84,84,84,0,0,0,2023-01-07,2023-12-31,True,True,,Wisconsin Community Maps county-year API,,0,0
WI_COMMUNITY_MAPS,55,2023,55093,554,554,554,0,0,0,2023-01-01,2023-12-31,True,True,,Wisconsin Community Maps county-year API,,0,0
WI_COMMUNITY_MAPS,55,2023,55095,629,629,629,0,0,0,2023-01-01,2023-12-31,True,True,,Wisconsin Community Maps county-year API,,0,0
WI_COMMUNITY_MAPS,55,2023,55097,1460,1460,1460,0,0,0,2023-01-01,2023-12-31,True,True,,Wisconsin Community Maps county-year API,,0,0
WI_COMMUNITY_MAPS,55,2023,55099,209,209,209,0,0,0,2023-01-06,2023-12-31,True,True,,Wisconsin Community Maps county-year API,,0,0
WI_COMMUNITY_MAPS,55,2023,55101,4292,4292,4292,0,0,0,2023-01-01,2023-12-31,True,True,,Wisconsin Community Maps county-year API,,0,0
WI_COMMUNITY_MAPS,55,2023,55103,379,379,379,0,0,0,2023-01-03,2023-12-30,True,True,,Wisconsin Community Maps county-year API,,0,0
WI_COMMUNITY_MAPS,55,2023,55105,3509,3509,3509,0,0,0,2023-01-01,2023-12-31,True,True,,Wisconsin Community Maps county-year API,,0,0
WI_COMMUNITY_MAPS,55,2023,55107,218,218,218,0,0,0,2023-01-01,2023-12-31,True,True,,Wisconsin Community Maps county-year API,,0,0
WI_COMMUNITY_MAPS,55,2023,55109,2384,2384,2384,0,0,0,2023-01-01,2023-12-31,True,True,,Wisconsin Community Maps county-year API,,0,0
WI_COMMUNITY_MAPS,55,2023,55111,1824,1824,1824,0,0,0,2023-01-01,2023-12-31,True,True,,Wisconsin Community Maps county-year API,,0,0
WI_COMMUNITY_MAPS,55,2023,55113,307,307,307,0,0,0,2023-01-01,2023-12-31,True,True,,Wisconsin Community Maps county-year API,,0,0
WI_COMMUNITY_MAPS,55,2023,55115,686,686,686,0,0,0,2023-01-01,2023-12-31,True,True,,Wisconsin Community Maps county-year API,,0,0
WI_COMMUNITY_MAPS,55,2023,55117,2869,2869,2869,0,0,0,2023-01-01,2023-12-31,True,True,,Wisconsin Community Maps county-year API,,0,0
WI_COMMUNITY_MAPS,55,2023,55119,405,405,405,0,0,0,2023-01-01,2023-12-31,True,True,,Wisconsin Community Maps county-year API,,0,0
WI_COMMUNITY_MAPS,55,2023,55121,523,523,523,0,0,0,2023-01-01,2023-12-30,True,True,,Wisconsin Community Maps county-year API,,0,0
WI_COMMUNITY_MAPS,55,2023,55123,549,549,549,0,0,0,2023-01-01,2023-12-30,True,True,,Wisconsin Community Maps county-year API,,0,0
WI_COMMUNITY_MAPS,55,2023,55125,490,490,490,0,0,0,2023-01-02,2023-12-31,True,True,,Wisconsin Community Maps county-year API,,0,0
WI_COMMUNITY_MAPS,55,2023,55127,2271,2271,2271,0,0,0,2023-01-01,2023-12-31,True,True,,Wisconsin Community Maps county-year API,,0,0
WI_COMMUNITY_MAPS,55,2023,55129,342,342,342,0,0,0,2023-01-01,2023-12-30,True,True,,Wisconsin Community Maps county-year API,,0,0
WI_COMMUNITY_MAPS,55,2023,55131,3297,3297,3297,0,0,0,2023-01-01,2023-12-31,True,True,,Wisconsin Community Maps county-year API,,0,0
WI_COMMUNITY_MAPS,55,2023,55133,7667,7667,7667,0,0,0,2023-01-01,2023-12-31,True,True,,Wisconsin Community Maps county-year API,,0,0
WI_COMMUNITY_MAPS,55,2023,55135,772,772,772,0,0,0,2023-01-01,2023-12-31,True,True,,Wisconsin Community Maps county-year API,,0,0
WI_COMMUNITY_MAPS,55,2023,55137,539,539,539,0,0,0,2023-01-01,2023-12-31,True,True,,Wisconsin Community Maps county-year API,,0,0
WI_COMMUNITY_MAPS,55,2023,55139,3967,3967,3967,0,0,0,2023-01-01,2023-12-31,True,True,,Wisconsin Community Maps county-year API,,0,0
WI_COMMUNITY_MAPS,55,2023,55141,1149,1149,1149,0,0,0,2023-01-01,2023-12-31,True,True,,Wisconsin Community Maps county-year API,,0,0
WI_COMMUNITY_MAPS,55,2024,55001,421,421,421,0,0,0,2024-01-01,2024-12-31,True,True,,Wisconsin Community Maps county-year API,,0,0
WI_COMMUNITY_MAPS,55,2024,55003,295,295,295,0,0,0,2024-01-02,2024-12-31,True,True,,Wisconsin Community Maps county-year API,,0,0
WI_COMMUNITY_MAPS,55,2024,55005,656,656,656,0,0,0,2024-01-01,2024-12-31,True,True,,Wisconsin Community Maps county-year API,,0,0
WI_COMMUNITY_MAPS,55,2024,55007,210,210,210,0,0,0,2024-01-01,2024-12-26,True,True,,Wisconsin Community Maps county-year API,,0,0
WI_COMMUNITY_MAPS,55,2024,55009,3709,3709,3709,0,0,0,2024-01-01,2024-12-31,True,True,,Wisconsin Community Maps county-year API,,0,0
WI_COMMUNITY_MAPS,55,2024,55011,224,224,224,0,0,0,2024-01-01,2024-12-30,True,True,,Wisconsin Community Maps county-year API,,0,0
WI_COMMUNITY_MAPS,55,2024,55013,245,245,245,0,0,0,2024-01-03,2024-12-30,True,True,,Wisconsin Community Maps county-year API,,0,0
WI_COMMUNITY_MAPS,55,2024,55015,790,790,790,0,0,0,2024-01-01,2024-12-30,True,True,,Wisconsin Community Maps county-year API,,0,0
WI_COMMUNITY_MAPS,55,2024,55017,1118,1118,1118,0,0,0,2024-01-01,2024-12-30,True,True,,Wisconsin Community Maps county-year API,,0,0
WI_COMMUNITY_MAPS,55,2024,55019,607,607,607,0,0,0,2024-01-02,2024-12-31,True,True,,Wisconsin Community Maps county-year API,,0,0
WI_COMMUNITY_MAPS,55,2024,55021,1510,1510,1510,0,0,0,2024-01-01,2024-12-31,True,True,,Wisconsin Community Maps county-year API,,0,0
WI_COMMUNITY_MAPS,55,2024,55023,243,243,243,0,0,0,2024-01-03,2024-12-27,True,True,,Wisconsin Community Maps county-year API,,0,0
WI_COMMUNITY_MAPS,55,2024,55025,9131,9131,9131,0,0,0,2024-01-01,2024-12-31,True,True,,Wisconsin Community Maps county-year API,,0,0
WI_COMMUNITY_MAPS,55,2024,55027,1635,1635,1635,0,0,0,2024-01-01,2024-12-31,True,True,,Wisconsin Community Maps county-year API,,0,0
WI_COMMUNITY_MAPS,55,2024,55029,942,942,942,0,0,0,2024-01-01,2024-12-31,True,True,,Wisconsin Community Maps county-year API,,0,0
WI_COMMUNITY_MAPS,55,2024,55031,896,896,896,0,0,0,2024-01-01,2024-12-31,True,True,,Wisconsin Community Maps county-year API,,0,0
WI_COMMUNITY_MAPS,55,2024,55033,775,775,775,0,0,0,2024-01-01,2024-12-31,True,True,,Wisconsin Community Maps county-year API,,0,0
WI_COMMUNITY_MAPS,55,2024,55035,2219,2219,2219,0,0,0,2024-01-01,2024-12-31,True,True,,Wisconsin Community Maps county-year API,,0,0
WI_COMMUNITY_MAPS,55,2024,55037,87,87,87,0,0,0,2024-01-08,2024-12-28,True,True,,Wisconsin Community Maps county-year API,,0,0
WI_COMMUNITY_MAPS,55,2024,55039,2913,2913,2913,0,0,0,2024-01-01,2024-12-31,True,True,,Wisconsin Community Maps county-year API,,0,0
WI_COMMUNITY_MAPS,55,2024,55041,177,177,177,0,0,0,2024-01-05,2024-12-30,True,True,,Wisconsin Community Maps county-year API,,0,0
WI_COMMUNITY_MAPS,55,2024,55043,1202,1202,1202,0,0,0,2024-01-02,2024-12-31,True,True,,Wisconsin Community Maps county-year API,,0,0
WI_COMMUNITY_MAPS,55,2024,55045,774,774,774,0,0,0,2024-01-03,2024-12-31,True,True,,Wisconsin Community Maps county-year API,,0,0
WI_COMMUNITY_MAPS,55,2024,55047,423,423,423,0,0,0,2024-01-03,2024-12-26,True,True,,Wisconsin Community Maps county-year API,,0,0
WI_COMMUNITY_MAPS,55,2024,55049,481,481,481,0,0,0,2024-01-01,2024-12-31,True,True,,Wisconsin Community Maps county-year API,,0,0
WI_COMMUNITY_MAPS,55,2024,55051,113,113,113,0,0,0,2024-01-03,2024-12-23,True,True,,Wisconsin Community Maps county-year API,,0,0
WI_COMMUNITY_MAPS,55,2024,55053,526,526,526,0,0,0,2024-01-01,2024-12-30,True,True,,Wisconsin Community Maps county-year API,,0,0
WI_COMMUNITY_MAPS,55,2024,55055,1994,1994,1994,0,0,0,2024-01-01,2024-12-31,True,True,,Wisconsin Community Maps county-year API,,0,0
WI_COMMUNITY_MAPS,55,2024,55057,733,733,733,0,0,0,2024-01-01,2024-12-31,True,True,,Wisconsin Community Maps county-year API,,0,0
WI_COMMUNITY_MAPS,55,2024,55059,4253,4253,4253,0,0,0,2024-01-01,2024-12-31,True,True,,Wisconsin Community Maps county-year API,,0,0
WI_COMMUNITY_MAPS,55,2024,55061,353,353,353,0,0,0,2024-01-01,2024-12-26,True,True,,Wisconsin Community Maps county-year API,,0,0
WI_COMMUNITY_MAPS,55,2024,55063,3485,3485,3485,0,0,0,2024-01-01,2024-12-31,True,True,,Wisconsin Community Maps county-year API,,0,0
WI_COMMUNITY_MAPS,55,2024,55065,488,488,488,0,0,0,2024-01-01,2024-12-31,True,True,,Wisconsin Community Maps county-year API,,0,0
WI_COMMUNITY_MAPS,55,2024,55067,399,399,399,0,0,0,2024-01-01,2024-12-30,True,True,,Wisconsin Community Maps county-year API,,0,0
WI_COMMUNITY_MAPS,55,2024,55069,852,852,852,0,0,0,2024-01-01,2024-12-31,True,True,,Wisconsin Community Maps county-year API,,0,0
WI_COMMUNITY_MAPS,55,2024,55071,2069,2069,2069,0,0,0,2024-01-01,2024-12-31,True,True,,Wisconsin Community Maps county-year API,,0,0
WI_COMMUNITY_MAPS,55,2024,55073,2936,2936,2936,0,0,0,2024-01-01,2024-12-31,True,True,,Wisconsin Community Maps county-year API,,0,0
WI_COMMUNITY_MAPS,55,2024,55075,906,906,906,0,0,0,2024-01-02,2024-12-31,True,True,,Wisconsin Community Maps county-year API,,0,0
WI_COMMUNITY_MAPS,55,2024,55077,398,398,398,0,0,0,2024-01-04,2024-12-30,True,True,,Wisconsin Community Maps county-year API,,0,0
WI_COMMUNITY_MAPS,55,2024,55078,31,31,31,0,0,0,2024-01-04,2024-12-19,True,True,,Wisconsin Community Maps county-year API,,0,0
WI_COMMUNITY_MAPS,55,2024,55079,24553,24553,24553,0,0,0,2024-01-01,2024-12-31,True,True,,Wisconsin Community Maps county-year API,,0,0
WI_COMMUNITY_MAPS,55,2024,55081,1200,1200,1200,0,0,0,2024-01-01,2024-12-31,True,True,,Wisconsin Community Maps county-year API,,0,0
WI_COMMUNITY_MAPS,55,2024,55083,517,517,517,0,0,0,2024-01-01,2024-12-30,True,True,,Wisconsin Community Maps county-year API,,0,0
WI_COMMUNITY_MAPS,55,2024,55085,788,788,788,0,0,0,2024-01-01,2024-12-31,True,True,,Wisconsin Community Maps county-year API,,0,0
WI_COMMUNITY_MAPS,55,2024,55087,4330,4330,4330,0,0,0,2024-01-01,2024-12-31,True,True,,Wisconsin Community Maps county-year API,,0,0
WI_COMMUNITY_MAPS,55,2024,55089,1723,1723,1723,0,0,0,2024-01-01,2024-12-31,True,True,,Wisconsin Community Maps county-year API,,0,0
WI_COMMUNITY_MAPS,55,2024,55091,85,85,85,0,0,0,2024-01-09,2024-12-31,True,True,,Wisconsin Community Maps county-year API,,0,0
WI_COMMUNITY_MAPS,55,2024,55093,580,580,580,0,0,0,2024-01-01,2024-12-31,True,True,,Wisconsin Community Maps county-year API,,0,0
WI_COMMUNITY_MAPS,55,2024,55095,565,565,565,0,0,0,2024-01-01,2024-12-31,True,True,,Wisconsin Community Maps county-year API,,0,0
WI_COMMUNITY_MAPS,55,2024,55097,1495,1495,1495,0,0,0,2024-01-01,2024-12-31,True,True,,Wisconsin Community Maps county-year API,,0,0
WI_COMMUNITY_MAPS,55,2024,55099,160,160,160,0,0,0,2024-01-02,2024-12-26,True,True,,Wisconsin Community Maps county-year API,,0,0
WI_COMMUNITY_MAPS,55,2024,55101,4344,4344,4344,0,0,0,2024-01-01,2024-12-31,True,True,,Wisconsin Community Maps county-year API,,0,0
WI_COMMUNITY_MAPS,55,2024,55103,404,404,404,0,0,0,2024-01-01,2024-12-29,True,True,,Wisconsin Community Maps county-year API,,0,0
WI_COMMUNITY_MAPS,55,2024,55105,3524,3524,3524,0,0,0,2024-01-01,2024-12-31,True,True,,Wisconsin Community Maps county-year API,,0,0
WI_COMMUNITY_MAPS,55,2024,55107,238,238,238,0,0,0,2024-01-02,2024-12-29,True,True,,Wisconsin Community Maps county-year API,,0,0
WI_COMMUNITY_MAPS,55,2024,55109,2307,2307,2307,0,0,0,2024-01-01,2024-12-31,True,True,,Wisconsin Community Maps county-year API,,0,0
WI_COMMUNITY_MAPS,55,2024,55111,1849,1849,1849,0,0,0,2024-01-01,2024-12-31,True,True,,Wisconsin Community Maps county-year API,,0,0
WI_COMMUNITY_MAPS,55,2024,55113,361,361,361,0,0,0,2024-01-01,2024-12-31,True,True,,Wisconsin Community Maps county-year API,,0,0
WI_COMMUNITY_MAPS,55,2024,55115,711,711,711,0,0,0,2024-01-01,2024-12-31,True,True,,Wisconsin Community Maps county-year API,,0,0
WI_COMMUNITY_MAPS,55,2024,55117,3052,3052,3052,0,0,0,2024-01-01,2024-12-31,True,True,,Wisconsin Community Maps county-year API,,0,0
WI_COMMUNITY_MAPS,55,2024,55119,390,390,390,0,0,0,2024-01-05,2024-12-31,True,True,,Wisconsin Community Maps county-year API,,0,0
WI_COMMUNITY_MAPS,55,2024,55121,507,507,507,0,0,0,2024-01-01,2024-12-31,True,True,,Wisconsin Community Maps county-year API,,0,0
WI_COMMUNITY_MAPS,55,2024,55123,545,545,545,0,0,0,2024-01-01,2024-12-31,True,True,,Wisconsin Community Maps county-year API,,0,0
WI_COMMUNITY_MAPS,55,2024,55125,443,443,443,0,0,0,2024-01-01,2024-12-31,True,True,,Wisconsin Community Maps county-year API,,0,0
WI_COMMUNITY_MAPS,55,2024,55127,2462,2462,2462,0,0,0,2024-01-01,2024-12-31,True,True,,Wisconsin Community Maps county-year API,,0,0
WI_COMMUNITY_MAPS,55,2024,55129,347,347,347,0,0,0,2024-01-01,2024-12-30,True,True,,Wisconsin Community Maps county-year API,,0,0
WI_COMMUNITY_MAPS,55,2024,55131,3464,3464,3464,0,0,0,2024-01-01,2024-12-31,True,True,,Wisconsin Community Maps county-year API,,0,0
WI_COMMUNITY_MAPS,55,2024,55133,8368,8368,8368,0,0,0,2024-01-01,2024-12-31,True,True,,Wisconsin Community Maps county-year API,,0,0
WI_COMMUNITY_MAPS,55,2024,55135,795,795,795,0,0,0,2024-01-01,2024-12-31,True,True,,Wisconsin Community Maps county-year API,,0,0
WI_COMMUNITY_MAPS,55,2024,55137,551,551,551,0,0,0,2024-01-01,2024-12-31,True,True,,Wisconsin Community Maps county-year API,,0,0
WI_COMMUNITY_MAPS,55,2024,55139,4324,4324,4324,0,0,0,2024-01-01,2024-12-31,True,True,,Wisconsin Community Maps county-year API,,0,0
WI_COMMUNITY_MAPS,55,2024,55141,1350,1350,1350,0,0,0,2024-01-02,2024-12-31,True,True,,Wisconsin Community Maps county-year API,,0,0
