alert_id,msg_type
ec2c5a06-b60b-4f40-a60c-5f8ff281ff28,Alert
9a50ed7a-fbd1-40a1-a8c2-1b36955c0775,Cancel
c69fa707-9d1c-4d55-9a0d-25e163bd460e,Alert
a29a5126-3c8f-45d0-ba35-54bed253081f,Alert
9c1e4f49-f1fc-489a-bc63-138da9fbd6b6,Alert
0a9ea82d-75c2-464a-a180-81344b68e9ba,Cancel
01334cda-da5d-4ea5-8272-d5f4e7604d60,Alert
013d11e7-7f1b-4924-9fa7-f024c57e8ab4,Update
9ba9d118-5827-4fbb-9855-dcc68ff7201f,Cancel
5aeb018c-1653-480b-b0e3-8ccc8f4bea63,Update
e57e9396-79c7-44af-b809-b7316475ce22,Cancel
c3c5e463-3775-4bf8-9a40-fedefde4d44d,Alert
59363e27-e6e3-4f7f-b4ee-5773eecffe5c,Cancel
49e0dbc0-9ef9-4279-8771-2ef056fef136,Update
354ac317-6065-4d0f-98fb-56c7c56c3af0,Cancel
04e11c7a-39ca-428a-9393-caace05cbd71,Alert
154d6031-8a78-4bb0-aba0-74022601d2b3,Alert
37372165-b403-48c8-9f6a-2e808b0227df,Cancel
a2efaf24-fc6b-470c-b682-f3f9de0bfbe8,Alert
93896482-5f9d-48e2-823b-29a9a7dc2cd5,Cancel
ab3d340f-88b8-4d57-913f-de9227e2ba44,Alert
abe139b3-7508-4ffc-9fe6-f2f073f80fc8,Alert
27abd8ab-421c-4482-a224-a5157fb53247,Cancel
b13a4d6c-e99d-4d60-803b-914b08b3438d,Cancel
d51f7c5c-5ba6-4452-b971-8ea053e2f100,Alert
ffc3a96f-df07-4bd7-abc5-ca0372e850ab,Cancel
a2667f8e-eeda-46ae-96fa-efed5bea0429,Cancel
720c0a5d-7795-44fc-acc9-ca77ab99114c,Update
2e07d6dd-019e-48b0-bdaf-813eff566fd8,Alert
2057a197-5fcb-4b62-b64e-da8a41369c07,Alert
05e2e939-c45d-4c0a-a802-b15f0ab81bb6,Update
decac35e-24e6-4dd8-b04c-45b6993e5e37,Alert
db96594a-0ae1-4496-a276-474be2d56405,Update
ebdf09e2-98cb-46ca-b4a2-bbc8a3a66991,Alert
17646711-8d5c-45dc-a96e-a52efaacd918,Cancel
cece1153-ba83-463a-b7bb-22d4364420ff,Alert
d7221b3d-4b64-441c-83ad-dbdd3fda7f91,Update
50551293-fe27-4a9b-bd6d-301c681b767a,Alert
4dd2732e-f6c6-46bf-b2ef-586c05187d66,Cancel
9ecb608f-e0d9-410b-a605-465cebb7ca82,Update
9f26ddf6-8cb4-41e2-805d-e7c565ebbb97,Alert
10a266e5-b71c-427c-ac19-df38001d6b20,Cancel
b593b649-297b-4ba0-b81d-e57127cb933f,Cancel
1f69303b-3871-498c-88d8-a59fc2bc894c,Alert
0b8fba4e-89b4-4964-b7ad-a855090c2072,Cancel
b345e78c-a602-4d8e-9be6-ac0326757d07,Cancel
f1d3cecd-88cb-4e71-928a-62736293309f,Alert
568ced85-a972-4315-bad6-ddabfcd3e71a,Alert
b0481ace-8d15-48a3-99eb-aab4184a6515,Alert
3f423393-8e55-4a8e-8f59-40534318b865,Alert
b4e4e4ca-3cf1-4592-aba6-3fda32689399,Update
375caaab-080a-47b8-92c8-e7e61aae7441,Cancel
997c3456-c8ec-4a20-82af-84707ed90e22,Alert
c1b8e5aa-643d-43be-8cbb-8b134245d798,Alert
f852e274-3a83-45d2-ae17-bfa37c967576,Alert
f65d2f09-10a3-4cce-afc5-b3a7d6a4f742,Alert
76b581dc-ba75-46fa-ac2a-6dd30d5def61,Cancel
43b04ef4-8cd7-4b5f-9acb-c410a933dc57,Alert
8303bf95-7f0b-4877-8937-02970ed81fdb,Cancel
171c8953-7aef-4391-a77f-aa0cac2f3f1f,Cancel
7b67cf6d-63c4-4161-a17e-8cc453d50385,Alert
1aea59e8-6760-4b5c-a3cb-2682c223e64b,Alert
cb625040-9879-48bb-9c6c-f1264b9d6c0b,Cancel
53fa657f-c3a4-4b38-93ff-db7eb677d58d,Update
b0c3bab3-f666-4809-95f3-6d92f67abf91,Alert
eebe32f7-386d-4cd0-a3d8-bf63f1d552c3,Alert
b1389862-655c-4411-b543-4c14e0f829ee,Alert
46bf91ef-b41b-4b76-b73e-7293e1aaa756,Update
c40207ed-0ab3-4819-bec6-db6e6eb11f13,Cancel
4b9c1688-a010-44c0-923c-c18fa411b7f8,Alert
2a22729a-2cbb-4bbf-a01f-84a9b1bf88fb,Update
09eb7e0e-b195-41c8-a56c-4e76e9f2052a,Cancel
1e0eaa5b-ea2c-41f8-a377-d2bd1d502eb8,Cancel
2ff04c85-40c4-4186-8bf3-fe8473347dfd,Cancel
d26889d8-2e99-4b20-943a-c925d0f9cab9,Cancel
aecdb7e4-638f-4afe-879d-04f08c5ba29a,Alert
c73ee387-4c2f-4f24-ba4f-38d6d9e01e78,Cancel
1d965738-0600-4491-a81d-b26c02a27c27,Alert
340b1762-5800-4e7d-a129-5cc04765f422,Cancel
47019daf-4c79-45b7-8d11-3e5e33dd0a74,Alert
bd9965f2-86fa-4473-b793-5ee266f5502f,Cancel
1f47d129-1ebf-4757-99d8-438601e2f614,Cancel
bf0a5df3-158c-4e40-99ee-78e06849d5a9,Cancel
7c28192e-4ebf-445f-a2c0-b9c5b090c960,Cancel
541dc3a1-4d50-49cd-8791-ae6c70756cec,Alert
1d1e23f6-3aae-4bf0-8137-17738197fb9b,Cancel
14dfd845-5518-4155-ae51-c8cf39a26ecc,Cancel
01ca7a41-cc1b-4358-834a-dc92ec6da441,Cancel
7adce6fe-6c89-4fba-87b7-9388abc586a2,Alert
df87cc00-7496-45ee-acd8-74ef67ed6006,Alert
9dc2b030-8244-44d9-a3f5-8865d33de9e1,Alert
a0b4255f-05f2-45c7-8feb-0ea653fc5557,Alert
4a0a1201-8481-4370-befa-9ecee1e4f7b5,Alert
b5f9103d-1e59-479c-9555-b0eb2a7e969c,Alert
afa6865e-f17f-42c9-83c6-4e2e38eaae5d,Cancel
04c0d512-8638-4fe6-a423-91767d661b7a,Alert
00e38509-db6a-4764-be90-91d7fb28e615,Cancel
cb07e0ce-4b2a-4eb6-8126-9c00b838d0e4,Alert
a3c93b5e-6385-4a2d-8e5a-7ad43f564869,Cancel
8dfb70c9-ff91-408d-a07c-60cbd86f6d82,Update
b58753d2-8a98-4bdf-b595-5599d57f096a,Cancel
729c48b7-8248-4b16-bdce-ba3251ff3cbf,Alert
e1718a7b-2342-4487-85c5-2bb304ea69bc,Alert
f3ff4433-141b-4a3a-95a1-f19ddad2ee62,Alert
d8071f5a-e7bf-4e08-9fb6-39093b2f2b98,Cancel
0b1637fb-076c-4f4d-a946-42975e8de984,Cancel
f40544b0-ffe7-443b-aab8-fff1ad2c38aa,Alert
e8d1936c-66f0-43c8-a5f8-364a48b2d897,Alert
794bd300-e542-41f3-a373-22492cdd503d,Alert
7672d774-b9e3-4b54-b471-4af5ad36ad4f,Cancel
2dc77f3f-978a-4055-a94b-ccecb1d7e730,Cancel
95f7781f-3f91-49d3-8eb8-270865bd09b2,Update
f7ebbb8c-e335-410e-9822-f7d00e027633,Alert
fe732cfc-e897-40cb-84c7-712872e6ba76,Cancel
d5cad715-c75a-4d08-b5e6-976c04d0c57a,Alert
e3f7d64a-cfba-484b-98fa-3f18bb6ef79d,Alert
6b53754f-f681-40b3-8692-2b3b96f3a5d0,Cancel
2f639d3f-4a95-40bb-b732-6cd8ed3db405,Cancel
d64b3cbf-1505-41ac-b432-fd4ac8ed6968,Alert
ecd9a02a-74cb-430e-af7e-8a64c46e875d,Alert
b51cd23d-1c96-4f8d-a418-ad628cc0a6b0,Alert
c34a60fb-4dae-42c8-b9a1-b2c1b53798af,Cancel
ffd15022-5972-41de-afb2-6460686b2641,Alert
71786c2f-d981-4862-a4bf-c7b950003832,Cancel
0f6a342f-d6c4-4fdb-8849-2d5a99f14bd4,Update
b4d580fc-7fdf-4aaa-b4d8-ff5b99b0a882,Cancel
f203b193-b522-45e5-aba2-b9b2be3500f6,Update
8e3962be-9736-4b0a-a3a5-5eacd0f22c61,Alert
511349d6-e50e-484b-a614-b62c502d5f64,Cancel
f6b64ea9-94d4-4f73-aba4-6697b133d824,Alert
509758fb-6e30-4bf3-9668-980d1c4556ef,Cancel
c4dce70b-2cef-4c14-b449-9834204a0b6a,Update
006651e2-03eb-4445-bf2a-36ec832b11e3,Alert
ba9ccf6d-e6c0-4eef-941d-5968f844e15f,Cancel
53b4a706-5062-4fd2-9a15-ae6217e9edce,Alert
f90aafb9-eb57-4531-9423-9f751938dd02,Alert
09c94fb8-58f9-430d-a287-18d9c05c8685,Alert
46c5df6e-9bea-4522-848a-c6fb0d055f2c,Update
38f7371e-aefc-46d0-8094-bd9b967d4e77,Alert
83cdaac5-9bf8-4671-a482-2eca82ae4c08,Alert
b4d6b43b-f224-43b8-bca5-500ba84f8833,Cancel
c730f4ae-e486-45d4-b03a-20d26e9a37dd,Alert
a8c7a503-76c8-4b0c-adfc-ac4b8135641a,Cancel
598b644c-c052-4bfe-8843-d6dc071e3d07,Alert
f6680d04-c923-4bae-ad5d-2e79935ef853,Cancel
40d21e53-1aeb-40b2-b478-6000c9a18f27,Alert
fd5fef1c-9348-4c2a-8b16-5c7705d5f0d6,Cancel
ce8b2c3e-79b0-4ea4-9d88-cc62b16e72b1,Alert
0ca3078b-2526-4fbb-b421-d4d431d33c4c,Cancel
cb2e1044-dcd3-403c-bfa1-ea251ebdd04d,Cancel
3287a479-9a35-4781-8421-093f7f28fb6b,Cancel
a434f806-0d2a-41b1-a21a-76647451bd0d,Alert
0486abd0-ab6d-4579-a2e8-ae30624dbdca,Cancel
1a410e26-75b9-49a0-ae3c-1eb694a167ad,Update
e4def641-6340-4fbd-9a93-e40b37cca457,Alert
abed8ce5-d001-4b5f-a69c-1ca2373c0e7e,Alert
64b0310e-ab45-42ce-84c4-804417e50cc1,Cancel
17ab1848-5d11-4827-996c-a2d823c2ec30,Alert
ca1c5169-64af-44b8-9fbf-b60291e5ae4d,Alert
024657e3-1b34-4baf-b908-e396d216d011,Alert
6a56c3ec-d406-4fa3-9447-45dd10dd5ff5,Alert
4dea6a3c-9d37-4524-8afd-88372757cbf7,Cancel
88ccb1e5-4a7c-425b-9990-dc8b2f13e24e,Update
695f1718-a06c-4b09-9e5c-9dd1588c6f38,Cancel
b7dc8cc6-4c19-4436-8ab2-9c74b27289d0,Alert
b7b1d14b-badc-49fd-9498-324e3f5c9a0e,Alert
eec7debb-7bb5-4de8-b2ed-9866a36f9818,Cancel
e2fd3f49-16dd-4939-ab31-effb178b85b9,Alert
8996c7d7-5952-471c-80a1-1b9010a83589,Cancel
f6547ff6-b4c4-4ea3-9512-942ec13190ea,Cancel
9e3bec54-de48-48a1-bb5b-05df0babc468,Cancel
26a13a5f-544e-4d0d-8c1e-beac2384e5aa,Alert
503f0759-ce44-476a-82f6-7cc999d718cc,Alert
35b9da87-166f-462b-afcb-bbc7f85c23d6,Update
8cbcb9ef-c922-4885-8561-7a3ca98b1140,Alert
54a08a9f-2e85-4d37-803f-5f3925e9cfde,Cancel
c92a4ea0-6b59-4585-9155-3631d3cef60e,Alert
35e4f80a-1a35-486b-b53d-c5c7a7be3da7,Cancel
345d2507-9e61-439c-a0b7-aee715e335e1,Alert
1c1c315e-bd57-4ff6-b0ca-d7882a5ba184,Cancel
17aac6a2-336f-435d-bc23-1e071c06151e,Alert
e00e6e6a-b6b2-45e6-bee4-09b06aa0b9ca,Alert
80cbf5a4-704d-4a6c-8d97-52c329777a37,Cancel
eaaef747-b540-4d82-83d2-cc90058bb354,Alert
02b7aed9-ca83-43c0-8b08-8cc304aa70b2,Alert
bdc6917d-d62f-48d3-b28d-91f9c4bb9876,Cancel
ad7b95a5-ecef-4629-853e-d9655b0e400e,Alert
2d484022-2b13-4d0b-8cfe-1a8ea23659b9,Alert
0dae59b9-a065-40bf-8336-c37b74731fd8,Update
898f992d-72d3-4099-868c-301f7db6d984,Cancel
8fea467f-15a9-4c16-adce-3cf2954193df,Cancel
353b5b20-11ff-4e55-a27b-b30dd1c14822,Alert
5eba9645-efb9-43db-aca1-be23ce9587ec,Alert
7a92f1e1-a1dd-4053-a0b3-3b6d5d987c3c,Cancel
4cafbae2-8729-477b-baae-c87d5880f64a,Cancel
b459d511-4947-4bf9-8298-ba7b56093f39,Alert
0dfd1d40-a1d9-4c61-93d5-1f60fb9aedf5,Cancel
25331b01-94bf-4529-b595-e78f6f08d5a8,Alert
f36dad12-2768-4d67-8976-619ccc9ad140,Alert
43a83448-d49c-4761-9d92-1a2e911ad46c,Cancel
baa26e42-b321-41cd-af99-caf67f203ee4,Cancel
1b831fba-b18c-44f0-89ca-eacf6fa010dd,Alert
6daf38be-64f5-4b46-b9b0-bc9836164179,Alert
a49d41d9-9be1-4b94-ac9b-c1cf33657363,Alert
fcea817b-87e1-499e-8570-fd35dc57b9ef,Cancel
ecf975f2-939b-41ea-ab33-930dd6d9e2f3,Alert
7f83b2d3-8d28-4b79-a55d-2f266ebd2484,Alert
469b5033-5287-4019-94f3-9b5d12f5d2f1,Alert
7e885cd8-7bae-440b-8272-6d01d6fa8a21,Cancel
20e45f65-be6b-4419-acef-cdb675275b0c,Cancel
f4de440f-fda6-4296-b5a6-9824d7f938aa,Alert
afe3dc64-4ad6-4208-b18c-4a6cd6a4a260,Alert
b2dfed5f-90fc-41b6-b8a7-6d5ec11473ff,Alert
7b98cffa-66cd-4d60-8397-166441a44330,Alert
a9303179-985a-4909-b77a-d954eb730f02,Cancel
cc0babdc-d338-45f4-97d9-af9a842c768c,Alert
3ad2d8ff-265f-471b-9cae-c4f0dbfc250d,Update
b7309b12-edfd-4825-ba94-72bfbad55386,Update
88906f0a-7cea-4c72-9a81-0403319f557d,Update
4f91d31d-f8ac-4945-addb-7a19dd09e218,Alert
6e6e8a09-2dc8-40e0-bbbb-54f0ba888187,Cancel
ce40a6e3-69ef-422d-84ff-784d29c4a2f3,Alert
890546b1-ca22-4a9a-a426-45244d97c3c3,Cancel
cfd6ecea-dd84-442f-9551-0fff0f11244b,Alert
d1e2ec3e-84ad-4d3f-9a3c-2569f3b67703,Cancel
f0015146-6e49-4d3f-b019-d9f79303e4a7,Alert
38f6344d-3824-4096-b815-94251927dfa1,Cancel
777f773b-ced3-4255-a4f7-9c0dda2cd4e4,Alert
f1c00e6f-150e-496c-b095-b07310d6d92f,Update
217c0127-aa1d-46c3-824f-9308f4e7e13d,Alert
784dd2ac-018e-4277-aa8a-e777aa508f7d,Alert
e0348f8d-2bc1-427e-8db7-b1ff69d51a35,Alert
e6d8e32e-c539-4132-8b95-3d8c096fedd4,Cancel
77bc4243-79a9-499c-9611-e30bd4a703a9,Alert
df9dc444-cf03-4efe-95d0-550fcc309493,Cancel
82448488-0593-47ba-aa43-151a57064472,Cancel
8fdb9fad-e962-4cd5-82f3-a3c6258598c2,Alert
aa45c116-a484-4b69-887b-8feed2dd949c,Update
198d8f0c-dd5e-4220-9796-911bda5597d3,Alert
8037ab45-8478-4939-b14b-33feca0a68a9,Alert
de1ac219-2130-4249-88d4-b364e3805cf1,Alert
ad4665ad-a514-4ae3-ae03-64fa44db9c3c,Alert
0fd466a0-00b0-4e7e-99ca-133317eda936,Alert
d8a5d462-5a60-4c2d-88a0-19a4cf16a75b,Cancel
c08f02e9-86ad-43e8-9835-eb8c8b98f16c,Cancel
d5770f3c-faba-452b-af08-75e1d78268d4,Cancel
c3106aca-e5b8-4b8f-88ec-69ea5ae52111,Cancel
14d1d117-877f-49e9-b185-4b7fabdd0568,Cancel
634706d6-2003-48a3-928c-2ab610750506,Cancel
efe10f10-a15b-4df6-abf9-145bcbf62149,Cancel
ad57e0bc-09c4-4134-bcd4-4e45a1e6d6ac,Alert
9ce96aec-809d-438c-9711-10dc4d2b3f18,Cancel
9e859bf7-9d99-474c-bebd-2dc36bae730f,Cancel
20c06335-aa9f-44ad-b803-3f6aa48dbe1e,Alert
48dd019a-7b0e-4184-bddc-6d968eb562ae,Alert
ec2d7359-2dcb-4bf2-8077-5f0804a71f30,Alert
ebfe95c3-2a18-4925-92ab-8e7c4b224c3e,Alert
8c0219ba-986c-4857-9c0f-9fe55fc4e86b,Alert
05c51a5c-e865-4fb1-bb5a-7664128edee3,Alert
bde0d34e-e222-4c79-b252-f064567e3fc1,Cancel
4f039e20-1d07-408a-b99f-b1bb5456db5b,Alert
98a216e2-b89b-46f2-a077-ecc337a9b745,Alert
38702f74-4dad-49d6-8328-a761b3f53187,Cancel
c3acc1cd-5a33-4eed-8c53-cffbda6611e9,Cancel
6666e8d6-a3ec-44b3-ae00-26d62d0b921e,Alert
b16f315e-6db3-4d91-bedb-e494e974e1e4,Alert
22a3aa11-8f61-4fb2-b55e-22d198569579,Alert
5d126d4c-b786-4ccf-a9d7-1e1f260437ee,Alert
c1d8b8e8-5ec1-4b1b-9b66-fd9330344602,Alert
596101ad-5fc1-4839-af81-627f97dcdd32,Alert
9d9ac49c-c1ad-4a1c-b254-f6bbd9a75b07,Alert
412cf538-1909-4553-a5e8-62c71a97d5d0,Alert
eaaad3f6-ad12-4069-bba0-9402731c0501,Alert
b042b76f-adc9-4f80-a64e-aae53c1e7688,Alert
9815439e-7ef8-47c0-af77-565773eb8ec9,Alert
d78f0f5c-16f4-4b30-b3d5-4534c6bf7e1f,Alert
bc19437c-52d1-487d-a740-c973058e24c5,Cancel
90840eef-a4d6-4c1d-8e09-0b71355589da,Cancel
b0b90557-c3cf-43a9-acb0-16dd1a016034,Cancel
1a5fe52f-ec57-41a6-afdd-335dbc9114d4,Alert
1a80eec8-d54b-40be-bfab-52c5bfc1b60d,Alert
4bca58d0-e847-4ee6-a815-5158021c8a8e,Cancel
6f354b43-f288-43c3-81cb-2906da1d246a,Cancel
dc7159a8-f911-46d9-a795-9eacfe7f2cd5,Alert
7d5d6e0f-f3f6-44c2-980b-465dc9a3e018,Alert
ee05ad11-ebd2-4327-912a-7dcdf15e81d6,Alert
b5b77713-d7a3-408d-907c-02feb9ef62f3,Cancel
5511971f-09cd-4552-a5b1-a262e76c060a,Cancel
3f023f27-2f5e-4354-8258-ab989f139a12,Alert
5d648752-432d-4f98-b630-b632d3931f9d,Alert
7c0af867-b92a-4d9c-9108-68e917261e1a,Alert
d4714e77-a620-49ee-add4-88e79d76df4c,Alert
3e1e8627-90f5-44e4-a08d-dad31a98ec8a,Alert
ebb2d3d3-0bf8-4656-844e-cec744d3c6e9,Alert
76f33500-dd9c-4417-936a-238e1065f7d2,Alert
a7c697ab-418b-4d96-b700-5b1f8c2dbd76,Cancel
88864bb3-745d-40ab-af5a-acfadebdfb48,Alert
4dfa13dc-4f20-4cb9-9f04-c1babf19e368,Alert
4a2a3626-6e96-4e3e-bfed-034db0b6049c,Alert
f83c7058-79c3-489c-83fc-f66c6a75c034,Alert
0750fcff-f62f-433b-9b81-7128b556758a,Alert
da4d6859-f7a9-488b-9565-e7080be2a643,Alert
4e011c25-4656-4352-9ba7-7617b4e384dd,Cancel
19b5c806-ba94-4606-9e1d-4165c10aea91,Alert
043755b3-e0f4-41e1-82ec-41a60822c3fa,Alert
ec94066a-c7f9-4956-a00d-875a76e1f6d5,Alert
6a717897-ac95-42d7-877e-ca6fd6b0dfb0,Alert
c22314e7-6b63-4561-b368-952c32427939,Alert
98c6144f-fc81-4c34-b590-a56ecc36e6f7,Alert
9ab781be-0ccf-42d8-bf01-f674eb16edfe,Alert
098a39bb-ce5e-4a62-ab87-9c2ee4983bc0,Cancel
ca1a7207-df0e-4786-8a3f-ccf75b67b474,Cancel
ca3876a1-d654-4898-a4f7-de9d1f754786,Cancel
7e52d668-1037-493f-a880-a4aa358003e9,Alert
d6188e87-5f11-4dc8-9309-43a7659ca51b,Cancel
80636a3e-447c-48c0-958a-35829a533923,Alert
2f46d1f5-8091-44dc-b076-969373090533,Cancel
2383337b-4284-4117-ab9b-635ca7c52b05,Alert
abbf0818-ed5d-4670-9dcd-f9faf8fba7c1,Alert
ea930c1f-4c7b-4fa1-bf0b-82e22b827fb3,Alert
8d9838b5-66b5-4b5b-915d-2f9bd461eb72,Cancel
ea16dc79-c6b7-46df-8003-ed5edd6ba4ac,Alert
1b9dda1d-0f4f-4a2a-80d7-d335b93a25e9,Cancel
7be5ac11-d4a3-40a1-ac91-408d97f4bfa9,Alert
48cfa526-b37d-43df-bfdc-c0cb1ff081e9,Cancel
a7e434ca-1247-4a99-b5b8-24530ecffb1b,Cancel
c9cb71f1-736f-4725-9ceb-9fbbb86b596a,Alert
c799294e-1566-4f60-8105-dd9dee5c3ab2,Cancel
f19366bf-e21d-4936-9a1a-750b275c1515,Alert
00fc1309-80ec-465a-b2c7-df4efcea1933,Cancel
b86df4bb-3fd9-4234-ad17-8d2b3aad6972,Alert
feeec666-8202-4772-babe-25572808e04e,Alert
19ea9cf8-dbbe-4c78-b958-a2875e9ff160,Cancel
fadc37e3-c541-4cd8-a194-8b494a7b3013,Alert
699de2b3-f3ac-43f6-a9d3-23ede9b3d02d,Alert
0b62faa5-fd4d-4d2d-b7c2-46270e9305f3,Cancel
dd0236c8-ab20-41aa-b02f-f12b9de1d31b,Alert
7a52286b-7f56-496c-a86d-a9dfcb9871d1,Alert
14f704c1-9c29-4aa5-87a2-ac6b987cbe55,Alert
5395160c-0fac-4d83-bafd-7493c1e5aa90,Cancel
a5a7fb00-ad45-4145-a63a-2e3f2afacb22,Cancel
26d270b5-e969-4ca1-9e07-1d97e3a43a97,Cancel
51edd02b-3cc7-49f0-b56f-fe1c2c0e7b7e,Alert
84aebece-c495-45d0-814b-e80730607318,Cancel
98311e11-bf82-46db-9419-86fbd43470b0,Alert
d344326b-8241-457d-ac82-92e037473a40,Alert
a7b3da1d-c849-4c2b-9c31-7db358c61be9,Cancel
9169e00a-97e5-4d42-a42f-0a36235019af,Cancel
061d16c4-9044-4fda-a061-963d6e900548,Alert
bae346dc-004e-48ed-9f3c-de0e0c955cf0,Cancel
678f3ad6-2bec-4b6f-96c6-dbbd4c0d0cf4,Alert
3f2825ea-97fd-4884-9cc8-2727ae0679a0,Alert
5f0d8592-2d5d-4638-8c38-3cb85a1945ab,Cancel
e2f150c9-d520-43f3-86b6-3cbbbce49c55,Alert
645a458c-b468-4dcb-af27-5b6b3324017a,Cancel
17e818a1-e72a-4355-9ef3-2ddf8cf05b2d,Cancel
ae7eaa93-9734-4844-ac2c-744474ebec9c,Alert
53113ff0-903f-4b2c-9d7b-ba1c04193393,Alert
32fd71d9-1fdd-42d5-8215-ca16a47abd04,Alert
6dbdf97e-069c-4ab4-8dbe-a19c01788336,Cancel
53179c3d-0ff3-475a-88f2-2c26a9ccbd35,Cancel
c2e83a3c-302e-4886-b261-f10ac3bb26ec,Cancel
e3f20358-ff8e-40ca-81cf-e83829cd1655,Alert
f5dcc137-8429-4d41-98c3-4c98ef761af3,Alert
b0e6371e-10d5-4ca3-a3d7-f155c705d1ce,Cancel
96952e78-cc53-423e-82fb-99170f11775b,Alert
875f98f7-1da3-47d0-b2e4-21981fd4b277,Cancel
c4fc4406-2ed6-4418-b4d7-97c82f73c8d1,Alert
66dc108e-d5b4-4fc8-93d8-2cd093d46ea7,Alert
e8ed401d-cd4e-41ae-aa6b-09d6362e1359,Cancel
0882e8c5-c954-4352-adaa-34f68851f6dc,Alert
064e86c2-a218-448c-9a52-a25301017d14,Cancel
c781f0ad-dc32-4f82-ba17-629957723ab4,Alert
f2b3e261-01c6-482e-aa0e-711c98ec1dca,Alert
1c2d71b8-d1bc-4cc4-a960-8f8aa8778041,Alert
50c7cceb-947f-496f-9184-18c32565b767,Alert
535dabb4-065a-43e5-b8df-f33c907bd5e3,Cancel
e3a92969-c03a-468b-af12-b6eff464602a,Alert
73455f25-5a05-4215-a223-d331ffb82b9c,Alert
6fdfc620-814f-4a29-98d3-ca998e1d46ad,Alert
12ba84a5-4f85-4e85-a8f4-8e543f59f172,Cancel
1a64d972-577d-473c-9356-1c8cc5f57dc4,Alert
8006b033-4a86-4531-8c81-2627ec0db0ff,Alert
1374d3d7-d933-4282-9093-b778899fc2ca,Cancel
986b691a-0caf-4926-8f5b-d7f3cedab33e,Alert
0605e115-6fb1-4e18-8412-a486e29eac21,Alert
3d1a2b82-b645-4f41-941a-c8723938e52b,Alert
c0187f11-7f43-4e54-8d20-97f7309542fc,Alert
77926a1d-432e-4583-ab71-5a9b801e4225,Cancel
b4e31d07-39e1-4ee3-b8f2-4b9c47d7ebbd,Alert
d8394e34-d5e6-42fb-91aa-165fad0ef78f,Cancel
68e86296-1c03-41e9-8b91-581a0c2ca8b3,Alert
8f1accde-28df-45dd-aaab-96086522cff8,Alert
30821664-e168-46e7-976a-87505876ec79,Alert
65a59e13-b778-43eb-8ecf-bd12760b2071,Cancel
efb3d6de-628b-4406-991b-d0f6504e0f8b,Alert
cc7d4860-3189-4f48-b7ee-889e301db09a,Cancel
a68f8432-f8dc-4c2e-a1d1-b28ebda2ff14,Alert
e79cabb5-dca6-4723-91a1-e60c0c8688c1,Alert
3b92b8b9-45f7-48a1-986b-41abfc17027b,Alert
a98ade04-a3f2-4f85-99e3-fdbf813c31b6,Cancel
4b5ff537-5d8a-46b4-b756-017dd1cfecd1,Alert
22540796-6048-4d7b-a149-de8265993284,Cancel
cb75a4b9-762e-457c-8cdc-7f06c8e95d29,Alert
e42adf7c-c8dd-4d2f-9be3-42bbe70e2515,Alert
811891bb-27cf-4aa2-a1c6-e52c28854c30,Alert
e0e207c9-9399-40ce-8056-8b5049fe7273,Alert
768f23dc-32fb-4c76-bff8-8e0672ae1229,Alert
78df094b-37c6-413d-876a-ff32dfd82e1e,Alert
6da8e9fd-e637-4a0a-8a35-eb44977db007,Alert
faaf30fc-0f4a-42b2-8842-55dd55efdac0,Cancel
214e7255-1415-44df-b1da-537a988eacf2,Cancel
1dd34861-80ce-4c6e-8fe9-a506a21f7af1,Cancel
05f18c4c-f0be-4c88-8c33-1625cda3da48,Alert
0adc53e5-6bd6-4304-a282-c6f6421b12fc,Cancel
6628ac93-b62a-4a64-a546-56a748d66afe,Alert
c854d5d2-cbf0-4d60-be24-c86888036c50,Alert
55a2f6f9-5e39-46db-a8e5-2e92496c6154,Cancel
28877f21-c2bd-457a-91aa-904ec7b7e6b4,Alert
c96fe941-eca8-40c5-9b9c-3b82eb4a815f,Cancel
210986b6-22d4-40e1-bc94-f0563941449c,Alert
2911143f-03bc-4b25-8da5-f4f98ecdfe93,Cancel
4aef568a-06a3-44f0-895a-2fb1c24925b1,Cancel
b2828c7a-e512-4aa2-b114-353a02f6381c,Alert
0c142520-abe0-497a-9b35-b5cf0d5d23dc,Alert
c3ae0a00-e357-4e19-bde9-1536deba1cd4,Alert
206e9094-4824-4573-a55a-f805d4c5f081,Cancel
e98ea81b-8a7f-4b3f-a6b8-7f8f747387a1,Alert
72b478f6-1d47-4ae8-aa00-1fdc6817ef0d,Alert
a3c3eb46-7fb1-4f5d-aa67-a2b76b5d9b5d,Alert
126710c8-699a-4ed1-b53a-dc7cc2b0ba7a,Cancel
f76e0f6c-093e-400a-92b8-a0c8c278ea0f,Alert
f037a0ac-f9e6-4805-81f5-89f10525f70d,Cancel
e226afcc-cb87-4616-b8f7-c351598cc735,Alert
b45c81d6-c234-41ab-a9c7-6a75ba8c77bd,Cancel
909ca9e1-5771-4d7d-9bbe-a0a8c4b242ed,Cancel
c4630aa8-0365-4944-90ad-2579c94bfeae,Alert
a59ad2a1-6701-4bf1-95d6-f2b459d28625,Alert
7b96369c-9d0c-4916-9528-555cef6190ec,Alert
7d5a76c6-d961-4f9c-aa41-6a0769f4c8dd,Cancel
3221e5ae-afda-4256-816b-6699610fb2f6,Alert
b7db4e08-f611-4ce6-bfb3-528b94051705,Alert
f123ea8f-5ff3-44dd-bfe7-db64b5dd37c4,Alert
f8724663-abd5-4d2e-b7b2-f52732c3080f,Cancel
c6cbde2d-b304-469d-a2f7-2bdccede37ce,Alert
9030e976-aeb5-4d35-81ac-7a84da3f5502,Cancel
829abd11-96ea-4d97-bb25-15ff4d2132c5,Cancel
badc9725-7163-41b8-bf76-113a803464fb,Alert
3c6d3d50-917a-4cae-bd3a-4d1f2f3c460f,Cancel
fa67c867-cc91-49c6-8769-bed3c1ee2d89,Alert
c53e3aa9-9f99-4185-bb48-310a45fbc4ef,Alert
cbb7d3c1-abbc-45b2-8ec1-4aa7f9b6ab08,Cancel
8ca01329-2dc4-46f1-9c53-32b0a805e9f9,Alert
96c5968e-ccd0-4245-abaf-ad2835956b8b,Alert
95f31d66-c9aa-4f03-83d5-c5dc1f40d380,Update
9cf66f86-a33e-40d5-984c-3a3adf8b66fb,Alert
b62fe76f-0493-4130-94f5-c5374ec04eac,Alert
c921b7a7-5331-48b7-84c0-7f096d9006b3,Cancel
14938a4f-4ef2-45a9-80f8-b7d934fbf578,Alert
9ca0e78b-3d56-4930-b850-8e631c6c5ec4,Alert
46e7c630-bca3-42f5-9ae1-ed90bfbcbecb,Alert
e4c7edc4-2f1c-4eef-8112-90ce71126869,Cancel
7e19d30a-92fa-4cac-b26e-e2e48d1c5c4c,Alert
fac40788-556d-4f52-a9b3-a8cf104c7069,Alert
b03817fa-2781-4723-b40a-55308f5b3027,Cancel
70166f41-4c6a-4dc3-9f49-dbe745dd1f35,Alert
28953cc9-dc0d-47aa-b6a5-5d394855f50e,Alert
8fd1ddc5-869c-49cc-af3a-ccaf7ee39476,Alert
9000ce41-199b-4875-934f-9d9700c6d552,Alert
32806b32-4a2c-4238-80a3-00fb919ca3c9,Alert
4e9265cd-ca67-4c5a-bda1-6ab9b96787fd,Alert
6b1e261c-1300-4d80-a827-7a7fb04b5529,Alert
577742a0-399d-4420-8422-40d1e6ed9359,Cancel
f9bf2646-000c-4db0-b819-15305319ff9c,Alert
bbe5a6a8-411b-4d1b-b56d-ef2280e65c13,Cancel
74cf722d-890f-482d-a2d2-aef0dc18d080,Alert
3dda2e2b-79dc-4cb8-91b3-5a489939d94a,Cancel
ec1c7ef4-087d-4ac7-94a9-d7fe4e783bd7,Alert
4a361b5b-0851-42b1-80fe-251fc930650a,Alert
db3b1501-5729-4683-984d-b1e4a314a033,Alert
1df51d7e-1005-43d6-b1f2-161b5c915aad,Alert
be48d7e4-df38-4470-af44-5c63d6e041dc,Alert
b2e79739-d38f-4579-9e3d-d707b50ebd7b,Cancel
55c91a73-67cb-468a-8691-7064ad15131f,Cancel
a7ef95a8-f5ed-43a3-b3a0-edf7e7f2b5d3,Cancel
651a4b83-19de-439a-ba74-94c6fd02e270,Cancel
4ac4593c-9218-4e18-a00b-92d7982a3bb5,Alert
286e2ad2-ff56-4d90-8393-63d553364d2b,Alert
e2744a35-1478-4f7b-886d-a84aed180f63,Alert
6156e0d5-fefc-4554-845b-c40782f0821b,Alert
6e55c2fe-ab50-49f2-bc44-a717079a3a65,Alert
bdcf16ca-4412-4143-bf2a-c2941043e34a,Alert
dcc3c81b-140b-4bb4-9e8d-fdcb8df508b7,Alert
b22fbed0-a7a2-4624-901b-124cc4495240,Cancel
5397961c-46a8-450b-ba77-4566bbb12de9,Cancel
54ac2c86-0fa4-42ea-bf9a-e9476f0409b8,Alert
fd1eb290-8866-4e8d-997a-b85b165d8cbe,Cancel
15860ebc-526c-4c47-af19-974a4e7b311c,Cancel
c56ad8c1-43b4-4742-9052-7e7d76ff7190,Alert
1f806e8e-8b34-40c8-86be-7d6bad4638af,Alert
0f37b49c-f570-45ce-a5a9-09cc34b6c93e,Alert
f7a56785-bcd3-4f1f-9f98-20da47455a85,Alert
1d817b54-e2c2-4404-9031-526e3848cfdb,Alert
59e449c3-32bb-41b5-a4e8-9f558b6e4e07,Alert
2f80e99c-973f-452f-8aea-553c40514299,Alert
c2f0f4ee-315c-48f2-9a69-69d9b0b41088,Cancel
82e1e99d-49fb-4e44-9f34-052c58283a63,Cancel
e2834f1c-7df2-4949-9f46-1f525b51bcb8,Cancel
a031bb95-49bc-4cfe-bce4-047bab310d1c,Alert
0f0f7f7b-23d2-4027-9df5-1a603db72843,Cancel
d53c7825-fdea-4f8a-8268-2c1a98f84436,Alert
6194e530-8066-4e24-bb6d-60e5178816af,Cancel
0a552f13-e69a-4fe6-8c42-927728b10696,Alert
69d48951-f099-499d-abd7-35fc63016a34,Alert
e86a922a-452e-4c92-8db5-9d8f610e686b,Cancel
28879e50-f107-48a4-91b6-c860fa8a1093,Alert
cff4a1bd-8bb5-453f-b170-8e9297587575,Cancel
e5fbfbf6-42b3-40e3-9d8a-a4d50ac2722f,Alert
f4294492-7afc-4f57-9072-74a06007d360,Cancel
c94c39c7-da28-4fd5-b25d-93029906ae1c,Alert
67d1b288-62e2-4e07-8ee6-c78d6975cb0f,Cancel
3566d8b4-986c-40c5-b3ed-e37c2c8de57a,Cancel
33906fd7-97a1-4303-a517-d8664bad1fe4,Alert
aa575b52-a919-4d59-be8c-faa4d5c30cfc,Cancel
82941e12-73cd-413f-a1c5-fa20bbde9780,Cancel
3ae04fc7-97cb-48a3-a984-1743236950fe,Alert
598684cd-b305-461d-812c-c396c2e3877f,Alert
e677831e-5b16-4a02-ad67-789aa050c165,Alert
27310511-9737-4809-b646-154478299e23,Alert
3558c167-76d0-4a12-aa40-a8b037e4797a,Cancel
81e66aa3-2a9e-40bb-87c5-c4cb4a3feb2b,Alert
2512ed5c-7c62-4239-ba68-5d2c91ec95a1,Cancel
87a59891-b6fd-4444-a99e-9f0b3000c8af,Cancel
7c82b6d9-a516-459d-9ec9-399665914c2a,Alert
99526106-d56b-4a3b-851a-59742f95c45b,Alert
de2ce120-3213-4777-8852-27dd35ff0fde,Cancel
c96048aa-9c78-467d-a532-35bfd0f2c6db,Alert
dad9e46b-6cf4-4f71-bab0-6f89136d3acc,Cancel
89653f57-7c7b-4897-998e-88880a7e9271,Alert
4dc61d80-395e-45aa-8aa4-81b8c1a90517,Alert
a8884f0b-3f67-4a1a-b365-4aa5fe363af0,Cancel
a637b3ac-34ab-4191-a2b4-9bdadae16e2b,Alert
0202d874-4dda-4ee7-8bcf-8dd4cd673caf,Alert
dde796d6-9733-466a-ab89-e5c28008efc3,Cancel
65c42e54-df22-45ee-9238-1c78de956f44,Alert
f82e62f0-eab7-4044-b473-1bd2e0a26040,Cancel
6353689d-2d59-444f-a121-bbf1aa2fc705,Alert
8487e53b-98f1-4f3a-bcbb-484c184fc569,Alert
8cda8f00-87ec-4c0d-9cb0-19a79e44a06b,Alert
7500d7c3-e929-44c2-ab43-80f2b1330e48,Alert
3a9cfcfe-90b1-44bc-b95d-528d86a408ab,Alert
10869ba9-5956-49e5-b31a-bcfc512383cc,Alert
514130be-3914-4ab2-aba1-43dd78d1fdec,Cancel
235111bb-dfd0-4aa1-9e84-2843659c4807,Alert
0d32f599-907b-4840-9292-e51a0323e89d,Alert
a1ef0dd3-fef5-4042-b017-6e7698e5ff5d,Cancel
7f029db9-773e-4ee9-86c2-2eb54cb43ca0,Alert
b2b410d6-a746-42d4-b5af-4f58b08e1b43,Alert
5f3986ca-7a09-44a4-be5f-3e04dbe2ea80,Cancel
0c152d85-6ac0-44b8-828c-4804e51e2382,Cancel
144b19bc-3a91-4eca-b798-804702c93a00,Alert
0e91d6b9-36ba-4762-adda-d93fd1b7f06b,Alert
e0894c95-27fb-4571-acce-a56280a04f36,Cancel
c926d3c2-8eba-437a-88ae-9d8251bdc1eb,Alert
826c096e-912c-43a8-bb18-c699b8214c07,Cancel
f23f8d9b-21cd-4ccc-bdcd-7531297ceb25,Alert
ae5d74e8-8c08-4637-8c7c-172ed8387ae3,Alert
e005ed41-4919-49d9-8800-19c4cdb0a3b4,Alert
c1968b82-d8bc-4122-8e68-a10e9cc1a542,Alert
2d4770f0-d83b-4fac-aa06-039ab67322c4,Alert
16fa8491-e84d-446d-95f0-4ef0f1223398,Alert
40fb746c-c004-44ca-b4df-d217f0abca0d,Alert
d18331b5-7380-4dcb-982f-c3e10f1ce891,Alert
d2399763-230c-4525-99c0-48af120fea03,Alert
336659fc-6b7d-4d18-b400-6e282f377feb,Alert
7b915a48-774c-4a62-8af9-65d5e989c675,Alert
65b90869-1966-429f-a4bc-49d341d64a25,Alert
f8654d5d-1fb3-4b7d-86a1-ee15d8965be0,Alert
7c48419c-7a45-4be8-8c9d-0bd6217913eb,Alert
d7868419-cdeb-4387-93ee-6dcc5c2208d6,Cancel
352a0bd4-c176-4803-9b74-b2328b132633,Alert
59dacfbd-860e-422d-b621-9d468e4ae448,Alert
7c9d12c4-9af1-4e5b-b7c3-5a86a2f291c8,Alert
e1add88a-65c8-469e-9f23-e4ee8ea765f4,Alert
f032516b-d981-47d8-bf6d-f5c411953461,Alert
ec510ca3-e08a-40dc-88f9-aa5a922e914d,Cancel
ac00ce23-1443-46b0-bafc-92685913b623,Cancel
38aed58b-4734-431f-95cd-5e5a3a09377c,Alert
8a967824-2f25-42b5-b47b-454f1ae4301b,Alert
08d493bc-5ffd-4a72-a196-b3f451863824,Alert
c1868f76-6b55-4e76-b614-8cea29b0308d,Cancel
33502ace-401c-4a72-a257-267dc6d37f4d,Cancel
ea5fe3a1-15ec-4245-844e-578e4e905d9e,Cancel
c9b98e68-0752-4855-954c-c94089f5a2c5,Alert
8b3488b0-be37-4160-a06f-b0a9d40d3e6d,Alert
6b241dc0-4497-49c9-b6ff-3e65582dd58f,Alert
3ec49282-f6d1-4ab2-a8e7-48a0573cd10f,Alert
9f5a3a5e-6748-4bc9-bba7-6ec335fd8207,Alert
ddb04cd3-20c1-413a-8798-5bf111491bb1,Update
7acbcec7-d141-4f77-b424-005fd21b5055,Alert
f6a82eef-f3bb-453f-8089-aeb81f576fee,Cancel
ea945513-a540-4c36-ac52-fdb743849edb,Alert
6c8748c2-7528-4aad-bff1-2d5629a6de97,Cancel
4498eb38-3997-4c6d-994b-b634f2b618bc,Cancel
50166995-36cb-4dcd-aaaa-20a242348452,Alert
06658635-c833-42a1-90fa-7e2226ddcf2e,Alert
2d6f3288-dd26-4ffd-ab0f-6f4306e494ef,Alert
b213368b-cd1f-41d4-ad9f-70af16e14631,Alert
b3fb05c0-e0d1-4cbf-8745-90830bf5aa46,Cancel
76fa2877-9760-4e6d-a32c-0e31194a9f73,Alert
af6ee7eb-fa7e-4fb0-8df0-49d6380d4175,Alert
10e6b67f-9719-4899-a9bb-bcc59613c716,Cancel
ed3391a6-89b1-4c70-a347-e4bcf93bdd1c,Alert
f94b1daa-c625-4f42-8f18-c43adbcddfdc,Alert
1233224b-5e4d-494e-9ab2-fabd8eefcddf,Cancel
bf152410-8c4e-49bc-8b4c-34d5242b1369,Cancel
f75c365a-5957-4d18-9bb1-67e636b71223,Alert
4e50f2c0-80e9-4115-bb00-b346a1fcf3e2,Cancel
c8980e2e-a598-4244-9484-f5e0c68b436b,Alert
b06063b8-8789-45db-bac8-31dd42eae939,Cancel
87f15485-26a3-4c06-a9d7-2c17dbd0d14d,Cancel
0447500e-16fa-4f03-aa0f-c7cf44168377,Cancel
f7be3810-9200-4760-b1bf-f1c6ed2228ed,Alert
591342b5-1587-47e5-90ba-40d82e5ab9ad,Alert
cae3c6d4-6e84-472d-bee3-af9fbceae5ad,Cancel
89d45d24-4652-4cb9-aa52-9dd70f599adc,Alert
4df4b498-e787-4d82-aa00-b6f162215ca6,Update
b26145e4-f1e7-419f-b62a-7bcb23885a86,Cancel
76ba0f2e-4702-4e24-8e4d-5924a25863ad,Cancel
3f92a2cb-0a1a-4d45-a322-c8eeaaf60757,Alert
2f52d18e-ce8d-44b4-9241-3be7d235a531,Alert
0015bf1d-574b-49e4-ac50-9fe18d11d091,Alert
a0a26ca9-0da1-4027-8a5a-52175ccd7c9f,Alert
8e530eaf-bbab-4edf-9a95-301729fada62,Alert
cdd4b6aa-d744-44f1-b878-18ecf93264bf,Cancel
4d619369-3ea0-4ce4-80aa-1db8a27ef684,Alert
a6630f16-5c52-4d19-be4e-09fc4c2c4639,Alert
cbe2b4bc-eda5-40a5-93b4-a93173b52008,Cancel
ec39a3d8-2ee7-4b46-98f4-d2b7011bd682,Cancel
c0235735-1df9-4368-9b48-925cec42b637,Alert
6f8cd1c8-671d-4c7f-b240-798ae2afed13,Cancel
afc9c276-fd56-4668-a304-87886a70b7a3,Alert
f61b9b8d-40b4-41d6-929f-d1180065b552,Cancel
a82b290f-0609-4a3f-9159-a00ef35c68a5,Alert
ef2d979b-736b-43bc-b73a-3bde9aa4faf0,Alert
78db277c-e83d-4126-b54f-eefe0f54cf99,Alert
f3383e2d-82e7-421b-8e57-3432b1065bdf,Alert
825ab26e-cbd4-4ad9-bbda-3be16ff9c5bf,Cancel
c93e165b-7f7c-44e5-a516-a9014271bae4,Alert
3a854bfd-8b3d-4e64-bec4-7a2c951f8965,Alert
76483111-7d3f-441d-aae3-b8cad4df93be,Alert
b91e0914-fec2-4dbb-8590-d97dce5638c1,Alert
daf8dbfb-fa22-4d1a-b0f1-4927e03ae386,Alert
199ebfca-223a-4c2e-b93f-3f3a85043aa4,Update
0caf857d-4750-4824-9a5d-ee293f9fe258,Alert
451e9c71-9c2d-489e-8a85-a28596ef7f50,Alert
07ed5d66-eb4e-4161-81b8-f44ae01fb2fb,Update
28a78f99-f08c-43d8-8838-d696a5183381,Alert
40720345-95d0-4902-8d0b-d8b3f2119280,Cancel
d21f6848-3aa2-491a-b311-09d6d3a527aa,Alert
ac1052e6-7be4-41b9-90a1-a1d1939253b5,Cancel
c2124a63-90e4-4c19-a8a7-a485e1ad80bd,Alert
62eeb988-58a3-4b58-9082-9ab9ad1c8c49,Alert
ae599f6d-ceeb-464d-8f0d-79a85a3e0f51,Cancel
dccad458-0a67-45e4-9001-56dc0f8ff9b3,Alert
aad0362f-ca4d-460e-b933-47bcdebe2fd7,Alert
db800b9d-69a8-41e6-a8f5-e5f31f4c2162,Alert
d5b26aaf-8f46-4f35-b0e4-5028b0357398,Alert
f683c131-2feb-4b63-b67e-6d64a676f34e,Alert
1ad4a3e5-5bc4-4905-b53b-109084902952,Alert
ac10f356-a9ce-41e9-acdc-27eccb82bfb3,Alert
a2f03a18-a1c3-4f51-8129-1ea6d311b4e1,Alert
06b9d6e7-ed94-4cae-a4d0-7da7b3b5ebd3,Cancel
d07fc3b2-1218-4712-94d3-d2cf2a6e0ba6,Alert
a6cf6052-e557-4c55-a412-19b936b4dc7f,Cancel
be042f5d-5d58-412b-b250-b8609b8efabd,Alert
e071f7eb-767c-4d12-a501-4b9e8734dc10,Cancel
2d3a61bd-ae7a-4116-a1ef-9397aee6dac4,Alert
11b38017-5166-41e7-a4db-8b122885c2ee,Alert
04f4f7f8-6ae0-4800-aa18-e1e6e3c3ccfd,Cancel
3f94f39b-155b-496f-85dc-bc1587417697,Cancel
7be68980-a915-46c5-b569-708ef3dd2f5b,Cancel
f9a729e8-4dac-45ef-9da9-28db35084ece,Alert
29604a95-587b-47b9-a864-50c917f21afd,Cancel
399cc915-9ca8-419e-b2fa-7c94008d503c,Alert
eea72f24-f0f5-4bd2-89c0-1daef5cb3b6b,Alert
3444f7fb-bf19-4454-9fa9-3c856b836c31,Alert
093e4d2d-bbf7-4745-81a0-7c0e0dc8ba41,Cancel
57f4db10-05f6-483a-8db2-1bbd36f2693a,Alert
bdc26fbb-a38f-49c7-8bc2-14a2204d5919,Alert
d68c290b-200b-4abc-ba99-41a3a652ac14,Alert
df161cf6-c4e4-4f2b-b653-8c6f05c4ab6a,Alert
f15c2353-412a-4cdb-8789-87cf588996d2,Cancel
02387177-c499-4a6e-91a3-d7adcf211f67,Alert
37d64330-f688-4d91-b9ae-fe095591f323,Alert
6f23858e-0872-40ad-8405-e15da97e3e29,Cancel
6e91a018-e1af-49d3-90a2-b5893f92e9ee,Alert
487fc29b-d56a-41da-baba-71ee65917b44,Cancel
85591f74-44a8-48d8-96e9-994a901d9416,Update
b5d46be3-1c0f-4a45-803c-fdb1752c8305,Alert
ed6ff95f-8d53-4c4c-9688-fd72dcca9b6e,Cancel
a1ed92be-2cf8-459d-9f9e-0d409fe1d85b,Alert
46d79e61-7533-4591-947a-9a5274eeedd9,Cancel
adf57a6f-cd7c-4038-bdb0-e9d57446dcc8,Cancel
f17b1288-7826-4849-a852-30aa54577122,Update
db006d20-fbc9-4fb4-8c7b-799345b1c9ff,Cancel
5e617d64-c118-449a-942c-5174817bfe01,Cancel
dba2287c-d5cb-41f9-9ad3-f42f9be11eee,Alert
7a00eda7-7a39-4a51-ab43-b6d763eb7a26,Cancel
ad010bd6-c244-4fc3-9b47-61ff8ba1dbd9,Alert
f56064f9-fec7-44b6-b115-96f6474339f7,Update
e0274d1a-584e-4a72-a0c0-29f7e5bde66d,Cancel
57ae405b-6aef-4226-8434-0bc831fd86e9,Alert
b969e056-729b-4819-9bc5-38f68bd28f9e,Alert
66fcdd77-7b0d-43ec-b041-44fb4740583e,Cancel
d732ad75-b1f8-447a-9bb2-798c1cd99fb9,Alert
69f94e77-5571-4def-9cb7-d5556dcae120,Alert
564dc95e-aaf4-40cb-8513-6184854f9360,Cancel
90deaf77-ced3-42aa-8536-c5de5588bf0e,Cancel
48959b42-4047-4e54-894e-c2acdea47b6e,Alert
3b3d5bc2-299d-4f28-9f54-2691fdbaa148,Alert
fb5e32bf-47cc-488d-9e5e-113c414856ef,Cancel
c7f6d272-5050-46a9-83ef-cf15f21896fe,Alert
649f14a3-6b75-4af6-975b-5e4f7abfbd26,Cancel
8b640639-9396-4a24-83e2-65c894e10c6a,Alert
bf5b5ec4-0035-4247-85d3-41c522ac551e,Cancel
60d199bb-703b-4943-900e-eecd9a937108,Alert
392c363e-943e-4728-8a3e-2537b1a79cd3,Cancel
5d291128-a61b-411b-9f3b-8cbef04fdec2,Alert
a1a872d7-6498-4173-9fc7-8a68586a8dd4,Cancel
b62da9f5-5bd5-4deb-8124-d4404ca15ab1,Alert
75020fb9-0d30-4b7f-be1b-e84b2b29e8b1,Cancel
92f4596e-c78b-4e64-8828-0edbf75e6f19,Alert
691d9a19-5e6a-486b-a514-a4435e98c0ca,Alert
85869dca-74bd-4f6c-80d9-8b50f21c1f62,Cancel
a4931807-7535-4893-977e-5d89aff9d9ef,Alert
833813d1-fa58-4d42-9b06-6368f08b24cf,Cancel
537a33a2-cb22-48e9-a952-a9e05e35aaab,Alert
3b592ef8-8ff5-4c12-a1f5-a5a8d11b4257,Cancel
873de43a-0568-4ffd-99ee-bd2543d96e83,Alert
eb0049fd-a463-40d0-a9e8-f667dbdf81c2,Alert
d7f79e87-1961-456c-971a-d8b3182f01c7,Alert
90052f3f-e59f-4ee6-a06b-a4168db33b39,Alert
dfce5015-7054-40af-af27-8517edc3bbf5,Alert
6024d921-d0ba-4564-951a-da8eb09136bf,Alert
bc0d05ac-cf22-4c67-8940-a967b91eaf27,Cancel
01c026e0-1996-4f9b-83cb-99b8428198b3,Alert
06e32dd3-398c-400c-8fb6-129984a2375c,Cancel
ebabd04b-00cf-4178-acb1-6bd1a46480fa,Alert
84567c82-fce0-40c4-b379-8e18df595c16,Alert
9bbb956c-2351-4170-b810-5bf8d11c6168,Alert
bced61d0-3a9c-4686-9c18-45558f4befbf,Alert
530c16d5-5010-4255-9415-9a751e43698d,Alert
d006733e-7704-420a-beee-68760a129ca7,Cancel
d37360f4-0545-4066-ba1d-dc668eb63d8b,Cancel
95842cb2-6c51-406b-a8be-70c4ccc6dd78,Cancel
78161970-ad89-41b8-8258-e06c65b7ac27,Alert
fc49ea8c-9427-4469-bd33-6f1f186776b2,Alert
6b14dce6-7ce5-4e74-9ba1-f2e1e2455115,Alert
fdaf1d00-9b88-4b77-b49e-aa7fceedf4e4,Alert
d93f4dcb-55cb-4caf-b15d-d0f3768f836c,Alert
2ba03a50-45c8-472e-ab38-37135f2eacf9,Alert
c3fc94e0-10a6-4c52-9d3e-f178aeec08e6,Alert
e29e8e28-5c93-4183-8ae9-aec896f99e16,Alert
5218d010-50d4-4244-8163-81426867f3dc,Cancel
e0e4683a-570e-4406-9474-7b066a80cae8,Alert
d28a90b8-f131-4cbb-b554-4746b64f22ac,Cancel
38f43386-2cf6-49be-9b63-7bda35e699d4,Cancel
ec749abd-a621-4af7-8fc7-c9ba983186dd,Alert
1ed33806-d118-4033-b001-ed6e8f408afd,Cancel
5513eb8c-337f-4a80-bcd7-14010740a4e6,Cancel
26fc3680-3dc9-48af-8067-43cf91482fd6,Alert
8ecd8906-90d1-4596-8a12-6b266d8d51c7,Cancel
3f5266b7-d635-4f51-98ab-2209ce2bb656,Alert
52f70aa6-cfe4-4d19-97c4-2d2619e93480,Cancel
e872ca1e-6896-45a0-9e9f-92c1732e8b5c,Alert
f1f1cc8e-ccad-4f0d-8a1e-3989d140fa62,Alert
04e4d7f2-d313-4a54-ac3d-b20e0e355676,Alert
d31092cd-7668-47ad-bcbd-28fa0a77ebf5,Cancel
a193962e-c69e-4fa1-83e1-ab25a21418a0,Alert
b1124a8b-9ed9-4e93-90b4-eecb902b8a80,Alert
6986cac4-96bb-430b-b2ab-5f2cd1f7a093,Cancel
7f4758b9-a4c6-4968-9205-59b441ba80d1,Cancel
13bfda6a-49e3-45bb-b01a-339d519eaca1,Alert
8de9c20d-2011-4c72-98e1-93d238d133c6,Cancel
65988491-fc21-4a69-8596-18e25e62bfbc,Cancel
a4d1dd35-9c68-41dd-a472-38d0a4540a2b,Cancel
031ac55e-3de0-4604-87e6-accc732d7483,Alert
deb6d248-dd4f-4c11-a762-12d04c0089d8,Cancel
c011ce1d-ed22-424d-81de-e62ad45398c6,Alert
f17210c7-c295-4fa1-adcd-3ee65cd9899a,Alert
807f8d18-7f01-4613-b806-ab948ae38629,Alert
9e763182-13ff-48bc-8979-6dc5b9c76931,Alert
e0e5a0be-0d2f-42d4-86f0-2a724c38ee90,Alert
d518aca8-516e-4585-a3a2-8baab3afe063,Alert
188c33b8-b96a-4a5c-858c-d81fc6adb315,Cancel
1caaadb2-15a4-4eb3-b819-38b1df5de6a3,Alert
38d7c053-c6e0-43d5-a3fe-ccc60efcdcab,Cancel
a41172e2-df52-4747-8e90-4ccd8e956777,Alert
49d3a853-7079-4009-bcb6-91b2801180aa,Cancel
7bed3ad8-79a6-4c94-bcc9-18a01d84cb51,Alert
ea6c2cb0-e053-449e-a7f5-75855a9b6245,Cancel
d29768f8-0924-4976-a9f8-f101215c7cd4,Alert
1c5abb7b-fbc3-4a91-a57a-847e946e583c,Alert
88e8aaec-4a7c-4d02-ba58-20c375abae5d,Alert
3753e5a7-b822-422e-81f4-aac7c0259701,Alert
6259d911-17b1-485e-bbbd-82f1ae34e0c8,Alert
b3ebd25f-3d80-45d3-80c1-41cd6165aec8,Alert
3b2c41cb-d5f9-4483-87e1-8fee70cb92bb,Alert
33d3bca6-0151-4643-8fa0-fcc66c3cf79f,Alert
0db56088-4524-438b-a3ff-d2c1ad95679d,Alert
dad472b1-493c-42a4-bb2e-3bbf8b71c2dc,Cancel
9ad2c137-21fa-4cb5-b54f-ae0df5543436,Cancel
54865ed4-aed0-4c22-8723-dbe4a7bc18f0,Cancel
d75f56c0-b2d0-4154-9660-73b5a9fef897,Cancel
e9eaa14a-8ccc-48a9-a3e8-2f6db5f477ee,Alert
535363c2-2e48-4e55-974b-f656c0889222,Alert
7cf4a886-6b30-42a2-8f88-2856b595ecba,Alert
d6c8ca8c-c4d8-435a-81ba-16e8ec222b19,Alert
54294388-a23e-4628-a36e-da0e5bfa227e,Alert
88b0abba-355f-466b-ad48-2fa2eee81a0c,Update
07e2990c-0ac4-4a4f-91f9-3b73d9a9424a,Alert
7bafc462-5115-4d7d-b04c-8f1a1928e179,Alert
dd14e41c-0591-448f-8998-5471f867c3e9,Alert
df8ceba1-a2a7-4e05-9c7b-959c92971f4d,Alert
9e77f097-015d-4b64-8c7d-84d7a3e8f42b,Cancel
5e0f8110-ed94-4775-8d1b-e08e567c9c2b,Alert
51535710-1136-4100-99f8-da7045da6948,Alert
f26ea4f0-fb4c-4205-a671-e6db22e58166,Alert
77c7c1e2-563a-4215-84eb-1cef40110447,Alert
e6159e0a-5e66-4edc-a452-48605f44c68c,Cancel
866fefcc-b028-4bb4-bd3c-4daf33d70538,Cancel
ad335cd7-24b5-42f0-922d-b98287afb32d,Alert
6aff50e8-cb6c-452c-ac19-b69015090e5b,Alert
4c20a98e-8831-4d33-9e89-a2f3729041a4,Alert
0138f36a-17d6-4f98-a9d8-2d087f6a5908,Cancel
bf7f46d8-30f6-4ecb-89b2-b485d5466b07,Cancel
ed86bb3c-e0b3-4e80-b742-30dee7233fa0,Update
c3d7c958-6453-4db1-b018-e7fa68fd883f,Update
ff7153a1-154e-4ddc-932a-f5f53ef2aa69,Cancel
e776cd4c-b2fa-4820-b9f9-df90e032b48e,Cancel
913ae7c7-5a5e-4c63-b5ef-1492fd849044,Alert
20ccbb2e-e0bc-4d88-8ab3-d3ad7d30e15b,Update
8b83d04c-affc-4829-8ced-18f4d51403ae,Cancel
621fe853-c5a3-485b-b846-52852042e1a2,Alert
5a0b35fc-3a56-45da-9e26-1033a05191e0,Alert
875546ab-53bd-416b-b477-e6273cb531d2,Alert
194093cd-8a7a-491e-b1d8-e9a18b7174dc,Alert
5bec3543-2d11-49fd-af3f-94733e0eca11,Cancel
743ee835-2881-4f55-a6ba-34e4d3acb390,Alert
8b99d9c0-0def-4154-8a6b-795fefdb7c9a,Alert
1eac6967-24a1-45b9-be09-ee3bd29ebb8a,Alert
9219dd55-4dc1-4682-85c2-0a50544864ce,Alert
8ec8f702-f7d7-4550-bbe1-086ba7060c79,Alert
8d14d72c-99c7-43ff-bf8a-05febf984f3a,Cancel
9aa36cbb-2ae2-479a-86c4-6395433f101c,Alert
cc1a16e8-5e70-4ac7-bcc0-ef0d4034664f,Alert
5efbd491-c93f-49f0-a60c-324d3e4513d3,Cancel
c473cfd0-a351-406c-b6da-232f15b3504f,Alert
265bb862-f42c-45eb-8d68-9e671c7d0a2b,Alert
75afa65b-7428-4f09-935b-77ad33970f6f,Alert
3769e3c6-e6f1-490f-9e84-569ff0617bba,Alert
3c8edad1-8eb7-41fc-b693-30b09bdca52b,Cancel
35223232-5c78-4ccc-8407-9ad2e57bb160,Cancel
0afaf99f-f5ba-4c8a-955e-e8ddc546801b,Alert
829f84b5-24b3-4745-a6ec-7b1dd9c192b5,Cancel
11d71ff9-6d40-479d-822e-2230e5fbb358,Cancel
c80e4846-2501-4eca-8a89-3c01348386b4,Alert
52df7d7b-4a1e-43a3-a238-3edc6c962119,Alert
0c9e37ea-a435-497f-be24-fa2449816c68,Cancel
90ba98fe-87c0-4847-b6d3-169807621f0e,Cancel
08edd012-70e7-4993-ab69-45957dfa9bbe,Alert
4ac3ab26-6967-41ef-bd24-dd1e79db8aea,Alert
dc46e950-6474-4b24-a9ff-4b6456a57251,Alert
6d21caa6-4710-4268-8fb8-4b6f99b8c49b,Alert
b95a2a0a-8475-44e1-ba10-b5ce42f39b6e,Cancel
a24667e8-bc71-4fb0-a5de-7ca954b19390,Alert
adfb1ea2-c21d-4d51-a4a0-98d3c4b879b4,Alert
302cf1c9-ee4b-4126-9a29-397221a62996,Alert
f821b19a-71cd-4e1b-b32b-db839221d6ef,Alert
31557417-9984-4b5c-91ab-e690d1ba8f65,Alert
5f56930d-386e-4334-aa9d-2394f44bfc73,Alert
55e023cc-c306-44d8-9e1a-d0dceba1f4e1,Cancel
270205c9-b404-44c1-8b4e-89d62c848e37,Alert
cc15f6c5-e751-4170-88c3-bee4bb852667,Alert
36a65d2c-9b18-4d28-a34d-be30d177da86,Alert
ac5b39d8-874a-4707-9199-ba6b2339f9cc,Cancel
4f582ae2-1ca0-4eb3-ba58-a2d947fdb045,Alert
94552272-49f0-45b2-8210-8ab4f5fe046f,Cancel
79201926-0206-416a-b786-756fc19f1b73,Cancel
882c8c85-d741-48c1-97ee-68568d65e1c1,Cancel
2e2d18f9-cc53-4afd-b882-ae81f46160d4,Alert
e1a51668-d319-4a5f-a2b3-f27b02fe9fc2,Alert
1bb5e7d6-7c47-4210-956e-dcb0cb6dd167,Alert
f22c03f9-f715-4cdc-b3d7-8edafd1cd88a,Cancel
8af375cc-020d-44f8-9a49-ba1b960c78cb,Alert
73ae62b1-05ba-4c94-bd72-fb709c249e74,Alert
90404ceb-c816-4678-af11-0dd8e6a2a14a,Alert
01280417-2ede-4e26-bb49-7184e3f5ca55,Alert
623bed77-c007-4f8b-9c7d-c4776e2a66a9,Alert
692670bc-5d93-4535-a64d-776daf1c2cf1,Alert
f84ee1ee-691f-45b9-b6ca-f68d3f5829bd,Alert
9d2b2d22-0fd8-4ed1-8bf9-24436947055f,Alert
901fec48-eb7d-4427-aff0-1a652e93db15,Update
e92b17f4-dad7-4763-9d9e-67df86cb1ad8,Alert
e1c5a0c9-36dc-44fe-9877-a7a04dcf456a,Alert
1c59c58e-5669-45cf-a3e6-5f1d3b81c16c,Cancel
11f2ce2a-7ef0-4431-822b-622d2cc2e154,Alert
fc13add4-05a5-4739-bbd3-5c12141f3435,Alert
4f08b6ca-55c1-4b89-a084-4e3e1add54ed,Cancel
4738a865-b383-4fb0-82fe-249f03453996,Alert
cc0bef56-8907-433e-962b-1d2b1324f0cc,Cancel
1131506d-67d2-4d6a-bd12-678ead803f4b,Cancel
0e7751dc-579b-4bb7-8527-6de8143fc4ff,Alert
0221687b-a8cc-46a1-8aa2-394ba9355eab,Alert
5913928a-ebab-4b41-8d64-7f45a0729232,Alert
fbcde6bb-4f84-4c0d-a8f3-fcfeef36f7db,Cancel
11cc841f-23e0-4bdd-bf7a-af316004b929,Cancel
b42895a0-17bc-4103-b145-4e96dbeb861c,Alert
d649b380-4e32-4d99-81b1-aa93b6ba5249,Alert
d58a9a88-df3f-4291-8b02-c76b903e9c9f,Alert
6c3b64b0-0072-41fb-8b66-dec552a5fca8,Cancel
23900d28-bd3d-4b3b-9791-ec7a02269a30,Cancel
a608ae61-c316-4be2-b8cf-f572509d86fc,Alert
1b74c4cc-7d6f-42f8-9a51-b50bf9cf2d82,Alert
c76b457d-3523-4aa8-a50e-1247399f4726,Alert
a27df955-d668-44aa-9d25-23c7bf6276c6,Cancel
f183f8c3-ebab-45bd-adac-ac21be0548e7,Alert
09e42b0d-82e6-4756-9c6d-83fa81c63c0f,Alert
cb84cbee-fcbe-490e-9f5b-76c2627e455c,Alert
00980447-beff-4c9f-b1bd-46e63bc9215d,Alert
4e629197-439e-4f4f-89eb-02be4cb49479,Alert
6b583aff-87c3-4532-8dce-d416487a8fa0,Alert
d1b9c6b7-75f1-4517-b580-fc4599945824,Alert
3059d993-029f-4c36-b9a2-1b9e5150cd41,Cancel
6650747d-1fd0-4918-b541-c07afbd353f4,Cancel
d62759e9-be3c-42ff-b16e-e39cf04d2a87,Alert
f15793f2-5d8a-4ad7-b036-7d78c9dad51b,Cancel
133f3161-8efc-487c-bb5e-13e42b270086,Alert
3c4d3840-dacf-4566-b712-d1cd1e16cb8e,Alert
d7fd327c-dba0-4ac7-b8bc-d84727a8c951,Alert
bcd679dd-1f97-4a58-baaf-a5ff6ca95941,Alert
5b73fd7f-bd61-4187-bfb6-507a43a2bd6d,Alert
be139007-cbc3-463e-8a14-3ff8a632ee25,Cancel
0f67b7d3-6e20-4527-be7d-b2d04c6a6c8b,Alert
b6d79845-2e62-4c59-9f93-a7a612f9c042,Alert
51abceff-5487-440d-9bca-61ab0d26d21c,Cancel
b69917c5-954d-42ba-9336-6fa73b85604e,Alert
773334b3-1834-41fc-9ee9-23f25a64c64c,Cancel
cbaa4857-55d2-4fd2-ba3b-9d205eed5473,Alert
d593e6d9-ab31-4353-b4fa-c636b1bb1554,Alert
b06acc81-0d41-47c0-ae29-ffb3fb3aa004,Cancel
956eba17-d231-4845-95a9-81e8aad9c8ed,Cancel
19bed2ad-74b4-4655-bf9c-984f0acff41f,Alert
04e21613-5807-4639-8462-2bc5d255452d,Alert
783e32ba-9a44-4e11-aaf1-c611087eeeed,Cancel
bac1e16a-1404-404c-b168-9b87a52c3f98,Alert
28789698-59a5-451f-8361-d5fb649fa60e,Alert
1db60fd3-60f7-44b3-9c08-8c8026cda737,Cancel
35a65afa-5232-4927-8c68-c995c017d5ea,Cancel
ffbc2510-2b9d-45fc-b39c-f8a3019caa1b,Alert
65182806-a10c-4c3d-804c-5753fb47a991,Cancel
14541fd6-bcfc-4462-80ae-385fe4d0c214,Cancel
f355f3a6-4e08-462c-8236-09839671b6cb,Alert
66c9d2ad-2d61-4f88-8c0e-aac186c9e437,Alert
863da386-453d-4ac7-8fd9-5f543a68f2c2,Alert
f21b2b0c-3014-41df-b208-dbe33e8f2a04,Alert
45e58901-90a4-472a-a2c7-8b487daf1dc6,Alert
4fe2cd08-678a-4938-be90-dbf693c6ead2,Cancel
cba8f96e-7eb5-47c4-a24e-370d59b3faf0,Cancel
934d1db6-5a11-4c81-8e00-b498ac86d810,Cancel
33c61b19-4d32-4b85-acfa-3b580d53d256,Alert
7c5808ba-e6ce-4d66-a8b5-361918bf66f7,Alert
49bde897-7635-4cea-b70b-b0f1379f708a,Cancel
f4744b24-9b0a-4080-b654-ef814d51dc44,Alert
395f9826-3cfd-4a20-9ab6-e582bbd3a62a,Cancel
11119465-3bd1-43f6-8648-b4ae8edf5e74,Cancel
6a3fccd8-b409-4bfd-a652-42b5efecf78d,Alert
835399cf-1823-442e-a4d4-475b610d850c,Cancel
b482befb-48ae-451e-a414-8933cd63a5a0,Alert
a3f7ce19-05ef-43ed-a653-6ddc63151bc7,Alert
78cb1292-7c7b-43f2-9244-a9e5b49d7b75,Cancel
28aa5300-83c2-45ee-8fe5-a61b1b30edeb,Cancel
8462a5cf-39ea-47bc-8545-8424794b56ed,Alert
e10ce80d-d01b-4e41-b129-80d50f3cdb6e,Alert
a79000ce-5e6d-4366-a556-f585e56c9a7c,Alert
5052659f-8a20-462f-9288-b6cdb0770626,Cancel
ed1865e9-df94-4b58-b163-739eba18ab87,Alert
a749a507-a534-4632-b36c-cba1ef4c555f,Alert
2a480b9f-5d80-4366-93ee-9eb713bd0281,Alert
0d8c7cf1-f084-49d6-a351-6be90f771661,Alert
88d33a5a-1680-46ee-91f5-e45219b2db2c,Cancel
62877f44-d4f2-4f3f-ba03-c7cfe4d36ab7,Alert
5b50073f-4263-4bbf-b9bb-cafbc7a1bacd,Alert
066a2cf6-82fe-4ecc-b05c-140fb08f023a,Alert
39a12ef3-0fb4-4252-86d9-4072b1725cd9,Update
f8ce766a-56d3-45d9-9cf7-34fc8d121b08,Cancel
cf6ece45-33b3-4840-b6af-865c307f4405,Alert
987d576f-2b71-44aa-939c-c3ef49ec7f3c,Cancel
7d91ad5d-24f5-4dc7-ae9d-f22c2c8b361b,Alert
a8c301b1-1955-44a5-956c-dce22f8d6bba,Alert
201d4f1b-60ff-476f-b75b-da014e5852ee,Alert
6fdc47fd-6154-41d8-bf88-4f81ab4ac52c,Alert
0a644382-bc14-4391-bcb3-8eb2ccea4d89,Alert
eb8dfc56-bf0e-46da-874c-1c0b9cc1882e,Alert
bc2a6a7e-22bd-4cff-8dc8-a2886319b845,Alert
44933935-79ab-4bfa-8b77-8cdc483ddba6,Alert
02d3d2f6-3788-400c-b17a-0cbfb9d07c35,Alert
7a2aac8f-0030-4c8b-bce8-9101c7d9f3e8,Update
3b4171b0-0e9e-4d86-a84c-e68fdbc47c67,Cancel
3f5e5f93-f166-40d2-8774-198c80948817,Alert
3c543742-2d82-479f-8a9e-3934b9be3120,Alert
2275638e-283d-465f-ad2b-904bc8994156,Cancel
74aa46c9-264f-49b4-9cc6-fd8eb09c26fe,Alert
026a8b29-94e6-412c-958d-d0cd0d30b493,Cancel
addf2184-a72a-41c7-a8a8-14bf1a6d51cf,Alert
bb873575-9153-4112-8f42-7c2f428bb950,Alert
4b8ad992-6d22-41d7-b742-82062bef34bb,Alert
a711d484-a6d9-4c4e-8363-330e7b7b6200,Alert
4fa99b31-7ff5-4e4a-840c-6e7c9a75265a,Alert
2fd878b6-6eb5-44f3-b56c-928f6c716cf6,Cancel
f6b0e7f5-1459-49cd-85be-c63e20cfb020,Cancel
acdde061-2c4e-465f-bcce-05617c4eab4b,Cancel
79221b83-e509-4b03-9659-68829210d18e,Cancel
22674286-eb77-4c26-8f7b-51d21a865d0a,Cancel
d094366a-b027-4756-b3d4-473c810141cb,Alert
7a2ffe1c-14d5-414f-aaa9-bf62dded1544,Alert
50bd374e-478e-43b5-a3a4-015fd1db3c65,Alert
ed186c7b-42ab-4beb-8061-6e07957cb67a,Alert
5960f0b5-bec5-47be-b8ee-38410e9c292c,Alert
23c44514-e8be-474a-aef0-eab344917749,Alert
55ce0cdf-7282-4047-919a-e52dc082f202,Cancel
4cbd8df2-7700-48a7-81f0-978a353a9941,Cancel
94ecc0f8-f769-4ac4-8d08-deee94fd7a9d,Update
925cd173-2aae-49e1-8f8c-2ea996dcccc5,Cancel
2dd95253-f80c-4477-accf-641b4531c336,Cancel
435ed92e-18d6-485d-879e-ef838745bf72,Cancel
fa1f7a36-7621-45db-98b9-8ebdc5116b4f,Cancel
5d9398a0-d802-49f2-bc25-cccfc139783c,Alert
68a0e085-17e3-4a73-8ea4-e028d395bfd8,Cancel
5f486758-68a3-4a24-a0bc-1a44afb64aa1,Alert
f1015ec5-e7d5-45ea-b547-416a03b52860,Cancel
9602794c-fbd2-474c-b741-aabbe6fc9a10,Alert
8d421a68-fef3-4c41-9801-27e90fb11784,Cancel
31813ce0-0df2-4566-a315-feb0fe2e774a,Alert
4636a3cd-73ff-4cc2-a538-c60c49dec232,Alert
cbeda0e4-a5ed-4d34-91b3-588d718e9882,Cancel
1652a4c7-39bb-4410-a520-2db11bc721e4,Alert
22a8e438-b644-4d09-bb90-f7e69a4b7190,Alert
84fb7a09-d00d-4378-8231-7436209f4a09,Cancel
a72d7f7f-4f5a-4055-89e3-10f18da21f40,Alert
91927bd0-26ac-402c-bda1-5a357ef84d17,Alert
186e56ca-4ed9-4d3e-9c41-287e77f4922a,Alert
d08fe53b-0f2b-4472-add8-e49224b0fd3c,Alert
d3fa2683-a57e-457b-817c-ab54a10f0b83,Cancel
74e1712b-6514-4df5-b343-be6033f0f757,Alert
669d0934-194c-40d6-99d3-0440a4cb918f,Alert
b8904066-9882-43a4-9aa2-0e4022b77988,Alert
b471ccf5-7dbd-4747-abe1-4ab3551a73fc,Cancel
b01e5e48-177a-4522-ba75-7d4020039bad,Alert
6d7c3bc7-4cd7-48ad-8730-5b5fcfd0b57f,Alert
3dbc7806-c3d7-481a-8c8a-7f14dec48722,Cancel
5201e7a2-1516-4237-9272-db3fc2a126e1,Cancel
1a87e8df-8014-4380-8666-2f0beb8398eb,Alert
e818394e-98e7-4768-975a-a250d1979132,Alert
2f87acc7-335d-42b9-8da0-7c6e282bd0c5,Alert
bd4693ee-dea3-4209-9226-a40d85f8e1b0,Cancel
d65ce330-1df2-47c9-a514-bc8876d34b00,Alert
f74d620a-b854-40d9-a969-264eccdf00aa,Cancel
d733cf5f-f921-47e2-b5fc-45800dca5721,Cancel
a2a87e4a-4ef5-4d84-8908-89b1ac21516c,Alert
e4e90a32-a8cc-4013-95d0-2cb108c4004c,Alert
4b85f269-8695-4cd0-8107-bc7fb719cb0f,Alert
96b69d22-1ad1-44f9-a7bf-2a083055a70f,Cancel
62f27c87-0efd-43df-b68b-bbc983f7fbaa,Alert
128d20ab-1ecb-4e8a-ad18-16c356753faf,Alert
03868673-33a1-4056-8f12-5f3bb0c3f59a,Alert
356e0142-357b-41c8-82c5-ab300711b5d9,Cancel
cca5dc4e-8040-495a-bcd8-b53a8740b1e4,Alert
a0970968-0526-4b3a-a73d-8c1d772417c3,Alert
c283b861-a4d7-45bd-b695-2f1d503332cd,Alert
ceb27d83-d758-4833-b341-7878d84b1bae,Alert
288f7375-7779-47bf-aa87-b2d88bef2cb0,Cancel
a1a8da78-b0c2-42ba-8050-7fa778e4f58f,Cancel
f0bc3e94-5b26-461b-9467-19e2153b41b9,Alert
fc74d959-49fd-4500-add9-635f7201b993,Cancel
746947de-dd33-4a24-8d60-2eb25b9ed0b1,Cancel
4bea817d-3443-4053-aa3c-ed789fe2d460,Alert
4ccb8b62-d496-44d6-ac23-e171b13f4b5e,Alert
79126d9b-1211-4e34-b898-699372538cc1,Update
0d69e360-5b6f-45ee-8bcc-47c116f78997,Alert
baa8c9ff-21eb-48fd-b7f4-50014f497c64,Alert
3d1be354-a934-4dc2-8041-458785f1be2f,Cancel
f46a580d-add8-4b9f-a12d-e4457f081104,Cancel
8d6c2c2c-cff5-49b3-abfc-14c7f572f93c,Alert
d12a504f-3820-4faa-950b-3daa9b08abfc,Alert
92fb125d-c057-492d-a2cf-f746757bfd41,Update
77356a53-32b4-4a56-847d-4d2016546af2,Alert
320676eb-117d-4d6a-b34f-a34d79cf192b,Alert
287fc233-aced-4c84-be16-7e74c1b7db09,Alert
41e36aa8-d927-45fe-9f61-4d25a0fd2cd7,Update
ce699143-2c1e-42d7-b8c5-50fc07acc7f5,Alert
b16ee3e0-cb85-49bc-a671-715842fb3321,Alert
fd0b49f1-1aeb-4a7c-80c1-9a84ffe43796,Alert
74acdc20-50cc-490b-9fc6-0dcb3bb58199,Cancel
8cd3cdd0-b9fb-47ab-9873-f140896897d0,Cancel
0da7b5d4-ffe8-46be-b34d-5e1b3a79a358,Cancel
9385f018-8eea-4741-88a5-def0ec096328,Alert
0a52a6c8-3ef1-4b89-b781-c8362f4dcd6c,Update
398c3977-ecc4-4c75-8033-3c1680d55a64,Cancel
1530c143-ab64-4cc7-a65d-223f2bb9f0e2,Alert
4960e220-0a57-4e99-9aff-e172b68eee0e,Cancel
9942bb78-5d73-4071-a7df-62a3e71208d2,Alert
2b0deed4-8865-44db-8c64-f573ca435beb,Alert
d86bff66-e806-4113-8030-faaa35be1a06,Cancel
2388393f-540d-4551-9710-7a859c957a23,Cancel
8d0469ed-5402-4ff0-a407-f19b0ff38a22,Alert
14e9117a-696d-4c56-b5ee-b9c06cd8cb95,Alert
e6d395a8-2d9b-48c4-87aa-710b5688dbe2,Alert
9d1801a2-dd2e-4544-8c13-aaf30c0df0bb,Alert
5b9d5710-94ae-4f2a-a1bd-415439414ed1,Cancel
36e0bc6f-5ca2-47ab-9cec-d4597f53ae71,Alert
9a9d118d-b9ff-45df-b394-c9d65b696c96,Alert
d96743e2-91a1-448d-bec9-2310a00627e2,Cancel
b4bd8de0-7b1b-4633-804f-7a691cfd6555,Alert
cde2f26f-e0fa-477d-aad6-c263e20d2a61,Alert
0d399d69-5fbb-4ed9-bade-55a323909ec8,Cancel
dde720f6-196b-45cf-aa81-adc487d88f71,Alert
3dc0ff5c-f3c0-4d34-804c-490900d3584d,Cancel
15672002-1e26-4578-88ea-e8cbd3d71451,Cancel
cd7679c8-a268-44f8-ba34-01fe01b29e11,Alert
5ec441aa-d6d2-4f00-a2c2-72260f44697d,Alert
2cc385c2-9cbf-4658-a444-962023b9b9c4,Alert
7e448b98-0fef-48bf-86a8-854337c44e33,Alert
7f129390-8d5a-451d-a3fe-3e555a9749c9,Alert
595d1b63-1e24-404f-b706-a6d1620ba51f,Alert
beb19e66-2e22-4437-9d75-1fc1a336a10c,Alert
6056bbaa-b1b7-4646-a05f-55bd65fea04c,Alert
4cf7e12e-0517-4521-931d-bb638e6ea3e5,Cancel
647f5ec1-3334-4d46-b8f8-556bbae04d86,Alert
21d4e952-06b4-42a6-9d46-e81547db0b89,Cancel
dd5cdbec-adc0-4409-9b75-19fc922cd6f1,Alert
2d078daf-3153-4d05-a6b1-712b8d32439a,Cancel
344b4d69-8a4e-4f71-b0f9-2dd8969ac031,Alert
80c3f897-7f44-4e6f-bde7-1313fad7747c,Alert
3cc44bf2-078b-44dd-a33b-2e5fdd3391ea,Cancel
5e7c7187-4640-4261-b589-5e25995810f4,Cancel
6d6b7ded-0cdb-46bf-9bd4-991a24ec29a3,Cancel
6525a9fd-dfaa-4a09-b8bb-94c3b5aa55d0,Update
8e7c17ac-2c08-4937-bf80-73829bcfbe6e,Alert
2ff6b08b-f9b2-4237-aad8-c91cd7ae6bd1,Cancel
ddbb323f-6026-4fa3-a336-09d531ea92db,Alert
ababfc44-604c-49f6-87c1-ef1a6d456791,Alert
ac1b11a0-e073-4d82-ac1a-3796fa6a276e,Alert
dac422d7-08cc-4e1b-9e6d-70dfdcfd7192,Alert
02c7fc76-9fa4-43c3-a4d9-608fd4a55d51,Alert
fdc18180-6579-4c61-9158-e9ca98dec4f3,Cancel
dba026d5-331d-4444-a962-02c1849ebae6,Cancel
9e822b5c-25bb-482e-8e8c-2953f2493eb3,Cancel
d1536ac9-3da3-45f4-b556-f59b25977222,Cancel
5aa59516-cf60-4f2d-8bdc-39bedd28275e,Alert
8ec85bfb-fbe7-4637-ae85-91725e748b07,Cancel
dd8cb4c5-f11e-4ba8-b192-981b47446bc4,Alert
e0b16272-d43b-49af-8bdf-c7020c0cf9f4,Cancel
987a93d7-fa4a-414e-a89b-b643de1e7c1e,Alert
61a57302-ac4f-4cbe-bac2-d3906e16b295,Cancel
d2814610-454c-4ba5-a45b-b8f6333df030,Cancel
0cdbb396-1f01-44ad-8147-34cb76818b72,Alert
10f867b9-1907-4a97-afb1-14b2465eb76d,Alert
dc7df8ab-7b76-4649-b49d-0ea764f5843a,Alert
a824309f-91c8-41f4-8de0-656188f75c2a,Cancel
4c6f67cc-dc6b-4545-ad0a-960fe2a7032c,Cancel
272f7a59-620f-4616-8fb9-2af1c8ac1f79,Cancel
4b246815-1fe8-45ad-94e6-18a5f98cdd4e,Cancel
c0cb0f94-0322-47d8-b986-fa653c6f0d46,Alert
6f691431-d751-4178-8d13-4645466ed14d,Alert
c94d3ee7-1fab-44b8-af80-ce5bc4d8b614,Alert
9c1e2b26-ef6d-40ed-b96d-12bd8b8437a6,Alert
23f15721-9da3-4d11-93c4-1e5450dd22e5,Alert
1f7b9310-e028-4ebb-b3dc-6e1d176e0f12,Cancel
205d03be-d8d3-4d85-b07c-85f5c77a03aa,Alert
23f7e226-9b65-4d5f-901c-d496a5137fb8,Alert
f5bbbf17-3150-4b9c-9ee9-7c454c3a3bc9,Alert
1ce48f75-be41-4318-ab8b-7e8bf0f46c92,Cancel
68d54b93-441b-4e1c-8d8d-f40c43732982,Cancel
965f8271-69e2-42d7-ba9b-e956862a35df,Alert
b61895c1-9edc-41fd-ab50-51fe570213b4,Alert
b93adab2-2695-4eaf-b2ca-5e945dc5d307,Alert
32291392-a045-4b20-9f64-788568d6299b,Cancel
aeb2b78b-b571-44ff-9fb6-082ec8d28dcb,Cancel
87caba57-6c4a-4a8f-b177-9fcef08bffb1,Alert
3748fd47-b765-4508-be1b-e568fe20e894,Alert
6228c25c-78a0-475e-8663-25084bfbae54,Cancel
56e0c4a6-9f51-4315-a1f2-8465abdb79b8,Alert
c431f278-648b-4fdd-a194-406b854a355e,Cancel
7d343eac-f641-4428-9de3-af43e4ce2026,Alert
e7553c68-a0aa-4d91-8970-66b5f335acbf,Cancel
a4718302-549b-4f0c-8236-9b936d5cb698,Alert
6426762e-3290-4427-8f9e-afa8332ffb6f,Alert
325e4b90-92ad-45a3-954d-769f0257b24a,Alert
daa2fba0-7919-4603-bec1-cd3be44c5e6c,Alert
6567c5af-6564-4857-82e7-7a3777086177,Update
137efde5-b6c7-43d1-b16e-ed1ba50ce508,Alert
9759b716-585a-4bc2-9069-f9fe3c96079d,Cancel
e899b4ed-a991-4482-b1e6-478e90f75010,Alert
f61dade8-8094-490e-ad65-0b7546374f8b,Cancel
58dd340d-9a76-45c5-85fa-0fc10cfaca92,Alert
44f22ab5-cfea-4dd8-907d-e51498ba80dd,Cancel
751ab397-ed73-4742-a87d-2615d83a6c31,Cancel
ccb31a8a-7a2e-4491-a67c-1a4e4dca0566,Alert
71b1b55f-de62-4783-82f4-f2df4f5150d4,Alert
f25833e8-fec1-481e-8571-656e71c6d5f5,Cancel
ca85ba3f-9d54-4382-85b1-beea6ce1fe5f,Cancel
06992e94-3630-4351-a8a0-7736a6ce095f,Cancel
ea05fc81-069e-491d-bce1-db62cd2f834c,Cancel
c4fb56c1-1dc9-4a29-ad80-1aaa06601569,Alert
415f143f-2b4b-4172-80f8-4872daf7507a,Alert
6ab6e88a-1290-430e-8306-716c8a2b2ca2,Alert
a00bdc23-aa3b-47ba-b53f-aead0d20b3df,Alert
042feda2-f0f2-41d1-ab0c-6a9ba5502885,Alert
c50014db-76eb-46fe-99fe-e056e14af3d6,Cancel
c0e95cdf-9345-4846-9676-87f6da241bb1,Alert
35f1d088-1bed-4d78-be0e-6d65b5181800,Cancel
c3d66899-bfa9-4fd2-a80b-b7709168ad31,Alert
174ceea0-a1f6-4187-a81e-b15fca413028,Alert
5545f1b8-0f26-4934-b7aa-fda09f15a9ef,Alert
7fbcdad9-7735-4d93-8698-0d23c9415080,Cancel
41012283-3ccd-4792-834d-1d9cb708492d,Cancel
764468a0-5bc3-40f7-b548-987e95241970,Update
f8508869-8ea1-41a0-a780-26d3eb43e068,Alert
5b12a28f-c08a-4742-a003-91f906a71fe0,Alert
e5bb811f-a4eb-476d-9300-ff695f8eb3f4,Alert
8ece2154-6bb3-4252-9f1b-7e8345376dca,Update
f5301b86-3f3e-486e-b414-87f7343eee71,Cancel
6ae0c634-4c8f-408c-9582-0ec9d40c3842,Cancel
e41103bb-51e1-4d5d-adff-c530be315c88,Alert
3f0bec89-1766-49bc-8496-cb0b642c95f7,Cancel
3769abd5-758c-4737-af83-579c22101456,Alert
d26290a8-099a-4f51-889d-19b3700f011a,Alert
5577b072-701a-44ca-92da-1b3cdd0b6170,Cancel
bcb9fa06-3f64-4d08-b444-51dfdce73754,Alert
45484337-b910-4bc8-980e-d58c76ff8a8b,Cancel
c2f68776-45f3-40ff-b587-647541df2041,Alert
c88ed121-f926-465e-af66-7aff61d3dc2e,Alert
683474e1-d928-4bc1-affd-f50b686cb300,Cancel
4cdba99e-bab0-4ed0-9dc7-b1d7e84c07a9,Alert
87f82d5f-91fe-422c-aaaf-218bcb61e5a1,Alert
7d8fece4-52c2-4713-8f97-8c0ed726e890,Alert
c40702c4-280b-4ff0-b427-5f2978c1d491,Alert
c7dc59ab-f278-490c-92bf-1714747c90e8,Cancel
e4ff08ed-bd2b-4df4-bde6-836743e2e2f4,Cancel
a4451344-9d34-4913-a96b-ac96fab11ad7,Alert
652ea21f-7df3-4d5b-b799-cf9af41df9d4,Alert
7d8ea105-b883-4995-a152-ed0fee6f2c07,Alert
a47ba6f0-1e78-44eb-8e79-6c02e2e7e018,Cancel
b8a00557-f69d-463e-8a1a-6a424dc1e564,Alert
75d279ed-54e1-4af6-8da4-725bd92f05a1,Alert
2f6504ba-cc29-4d8f-9c1b-1e3cd592d996,Alert
fc09074f-95c9-4cca-bb48-9614d43811c6,Alert
eb20598a-d2a4-485f-ad1c-35d95853899b,Alert
e7dae63e-17b9-4dfa-8293-2af115a6f925,Cancel
8fbb5070-9dca-4e0c-bd20-965e595042db,Cancel
047f700f-3eb2-4e12-8232-28db532caa2e,Alert
0b6b7d0c-f267-4141-8ba3-2872e70f6355,Cancel
6ad9d812-7e34-447a-91bc-4207b4245427,Cancel
ee5f26ab-f42d-4b1c-8f6c-dfe733f8fd02,Alert
25ef2137-bc7b-489f-b261-61980f6a8572,Alert
bd9171ac-842a-4c55-b155-5a5d22f7b955,Alert
fdba13d3-2486-4bc1-afa0-cc8b32f820d1,Alert
4c8fd297-1636-41e8-8e5e-c16548212e5e,Alert
25119430-c418-44c4-9145-d60cf6a4b9eb,Cancel
b21e3553-4c87-447b-87ca-98ed3eafe842,Alert
ee9cb9d6-667a-4580-9605-4050d531ff85,Alert
48d42cff-cc84-4b61-ab85-4c5b83b52fe5,Cancel
e52f6843-127c-40dd-8653-0bc13a5204ee,Update
9d47bfa4-9321-481b-8e93-1359b3020980,Cancel
ec8b9743-8e9f-4438-a4c5-8429477c7f4c,Alert
00651e97-aba6-4964-9126-2b82c85ab482,Cancel
9018d4b1-8574-4b82-b766-007b915f8db8,Alert
8d31515a-0a1b-411b-9eee-3dbe69476258,Alert
db6c35f6-367b-456e-a45a-04ebca12192e,Alert
170eb501-296d-409e-8403-be78e1bac1ee,Cancel
7f50a892-e4d7-4715-a522-4a4af064f2b8,Alert
9e035c84-0390-4bd7-8624-f057a0faf100,Cancel
31377dc3-976d-422b-8c14-19fcbb777ec5,Cancel
c4b2e297-9ae8-4c9f-add7-abd14dfda8c0,Alert
e971074e-ed87-4ea4-8c96-cfb9d7d693d6,Cancel
0e453ac0-e935-4217-9e06-1204224ce5e0,Cancel
87d1c503-a18d-45b0-a2e8-a305dfe00e9f,Alert
6025af1f-7c4e-4f51-bca0-eb84587c1223,Cancel
56f29171-df8c-4620-b2bf-e5960c7a35ad,Cancel
e9b980f9-129a-4a83-839c-c6c8cf185c07,Alert
18783ed8-1b3c-4102-88f6-24465968750e,Alert
920b5c1b-46f8-4f7a-9f4c-506581dd4bdf,Alert
c42975d1-2457-448d-9bef-e535e92890ab,Cancel
4125e902-e81c-4a29-827c-119739cf2f1e,Alert
aabf6f60-bbde-42bd-a415-7e91d37adf3d,Cancel
96ced035-53de-43ca-84a3-be10bdd59ac4,Alert
1fd02161-0347-4492-93d8-203d99a3b2ed,Alert
5c8fc0bb-bb5b-4c76-b103-a270527b490f,Cancel
75b4487e-d89a-4908-8023-445ae3751f28,Alert
82b5b264-5d9b-4340-892e-2eb763081441,Alert
ec461baf-99cd-41b2-9d4a-e4adcdbcd73a,Alert
6876d7d9-8da4-479f-bb86-bbb386b46cee,Cancel
b09495bf-f221-42f1-bed0-434fbe9019c9,Cancel
10b3808b-36af-4257-bf82-c636d6a6d336,Cancel
cfa02297-38bb-4f27-8d5d-15f8adac9efd,Cancel
f384302f-385d-48e0-b495-4ad8450d1e87,Cancel
11700579-0596-4781-b386-3cf0948fdc3d,Cancel
42dff56d-798c-47f6-b29f-cb00dd98ed75,Cancel
837d061a-2751-4661-98a5-ace75f33b9fb,Update
3e3600e4-7e18-4686-bb8d-f18070b59aaa,Alert
12115a73-9159-4783-86ae-c8ed83ff2160,Alert
027b2d2c-6365-4baa-aff0-e7635638e3cd,Alert
c7d8fd59-1244-41f3-b59e-a51d87472051,Alert
399b6f74-5347-4760-ae0e-f9441f6b7e97,Alert
c8fd8234-dde2-4b1f-bf40-ce8f83fe78f6,Alert
476c64c5-a769-4ab4-931f-e7ed2a34d2c2,Alert
69218045-fa23-4434-a3a8-ea498108156e,Alert
82960cb9-25da-43aa-92a5-da8635b17330,Cancel
760189fd-c498-4a8a-be13-6edaf2bdfcd4,Alert
715c474b-e72c-427f-aacc-6783e6bd5da9,Cancel
30337115-689c-4b32-9a12-adb7985a6a89,Cancel
7f588b5a-471a-456c-986c-419d78131730,Alert
31293058-16e0-4ed1-9ce6-647be843103b,Alert
daf9d80b-2517-4dad-af9c-2cfa8827df03,Cancel
805ecea2-ea2e-4677-a4a7-8d39426c9b76,Alert
0971d287-2852-4ae2-b2c7-3cefa339c9db,Cancel
1e1d1806-85a1-4b70-8114-efd546136c0e,Alert
944d1a13-279a-42b1-8c49-758b042c504f,Alert
ea0b3b3c-645c-4094-9ada-3e389980a56b,Alert
7d4174cb-9822-4ad9-b01f-1d59e2bea40f,Alert
080166ba-a19a-4bcb-8d91-6fb91ff915fa,Alert
299ef852-c9a5-4595-a78d-6dfc8aa86b3f,Alert
eb6ce5db-db42-41e8-88de-678500ff5286,Cancel
b9b1571c-daf3-4287-8bcd-b3a48ff1b282,Alert
47c7d6d8-d02e-4e1a-af32-bb0bbdd17099,Cancel
e16564f7-ec91-4dd8-a332-2d455f56cb7d,Cancel
806cb308-f3e4-4703-81c3-93eee889023e,Alert
ec9d293f-29b1-4a3a-a5e5-d5dc466acc35,Cancel
6ffbd2bb-5270-4a6f-9f6e-388a1ffc209a,Alert
354db132-7ff4-45cd-bd1f-1012e3caa255,Update
26003e5f-8121-4cdf-998c-16d044fb6f60,Alert
fe4a1d14-10c8-4116-8daa-c36486f4ed7b,Alert
9946d900-79da-4b4d-8212-911db168ab74,Alert
1de71a43-ec04-414a-a83b-4eeef5cae297,Alert
2b795461-46de-49d4-b3e6-367f4918ad3d,Alert
7e9fcbe7-902f-487d-907a-8582e7d1f817,Alert
469f6695-c082-4aeb-8d57-ca11ad37888b,Cancel
098e03bf-0237-431a-9e85-f9e53a6cf6cd,Cancel
e9b61569-37da-4b73-b286-4d30f39ce5d1,Alert
0fddccb8-a757-4c6a-9abc-3f935af3f7a3,Alert
21339cab-05f0-4caf-a215-d29e2b115f49,Cancel
379dc9ec-881f-4784-82b1-877a90376450,Cancel
2db2759a-1e4e-4e49-afee-1f51c7c15b52,Alert
2d309e9a-78a4-41ef-bfea-4000fcaa4db3,Alert
d762b9d9-f803-42c3-8c40-76a06028732b,Cancel
1115e9ba-166d-4187-94ad-ce7bc4ee9bcf,Update
d412401b-1f46-4a67-8e01-f903129f329b,Alert
0ce4d969-a696-4e68-9f09-9e8ad2a4ec28,Cancel
00289504-f3f6-46e4-8b62-02e158ade9c4,Cancel
2ff36e0d-267d-4981-bfce-89f2638f9770,Cancel
f3c3edbc-d291-4427-ae05-73adc6c7a267,Alert
beb5c996-da74-44a8-aa88-8c1b9431dd38,Cancel
b106035d-549e-419b-9cba-4093a7f67506,Alert
8e6bc271-87ce-4543-b8ae-ee36446f36d6,Alert
dfa0623b-212f-4e0e-a5e5-505ee16b8bd0,Cancel
3407894a-899a-49e4-9a0e-c7fdd17e59e2,Alert
5d992690-12d5-47ff-8fe8-5bd93bb59e1e,Cancel
6734ce00-f49c-417b-828b-eafc7ab59c1e,Alert
9ae542a9-5df1-414f-9f89-1e5a52a4d66c,Alert
f014e1b3-8eba-40ca-a288-1a539f55e774,Alert
d65dff02-9026-49a1-9fdb-30003b88745f,Alert
77bd069b-742a-468d-88de-4b5bdc55d9db,Alert
9c530397-01bc-4e9f-b337-8faf6c900fa5,Alert
e4c399a8-1357-4346-bccd-faafcd80201f,Alert
ab95bb78-73dd-4710-bfd4-3c40d791cc73,Cancel
9b85858b-1ba9-4a3d-a18e-f8a62b1b6f68,Alert
ecdda069-7c3b-424f-aea5-41a277ffcfa6,Alert
6958ae3f-9ac8-448f-b274-001673e5a4ed,Alert
66f67b16-ff69-44a3-8da6-af95243eec62,Cancel
07f4be5a-0f6a-468e-b13a-9371bd75cdfe,Alert
c911a598-03e8-4af3-9320-00555dac238a,Cancel
0652301a-b178-41d3-b808-3b599f0645b3,Cancel
618e3162-b79e-4a32-8bfe-ff5ee81d011b,Alert
2ea926b2-a495-413b-8e8e-c75e9b86c88b,Alert
d3a48464-1747-4cb6-9df9-137081ce1f9e,Alert
0503698e-3761-465f-97b3-3bfc27b42c51,Cancel
18d23db8-ad06-4071-ad48-2e74bfb513d5,Cancel
8f88c0ab-393b-460e-87f8-05e4e3faf46f,Alert
19f5993b-b36b-45bb-a6eb-96bee2d3eed9,Alert
3a7691a1-bb84-40e7-9709-8fb41ba36fb9,Cancel
d8a5a2c2-aa56-4e06-a840-92de8d1857f2,Cancel
285d7f44-ce24-4818-ad75-ffd4d7b93259,Alert
13ba4f27-474c-459f-8141-bdbba48662d2,Cancel
5df12c95-8ad1-4458-aa39-b3ab1b519f9d,Alert
5f6389cd-7617-47aa-b4ac-d6835af44143,Cancel
8ba090ec-0c39-43ce-9521-60ab80d0973d,Alert
6c4b33fd-7009-4b08-b245-b9b2251aebda,Alert
1114b772-6043-4c4e-8e1a-be70d8a686e4,Alert
957636c0-2587-4358-a3ac-0cfa951f9799,Alert
b8e866c7-74d6-43ec-92d5-35417860e294,Cancel
086cf977-8732-4778-baa4-9c7d3f997c5e,Alert
167f9245-ef21-4726-bce5-d23f43190cef,Alert
daf46518-f602-40e1-b315-aef33919a242,Alert
28a6f6ed-823a-48b8-a690-98e3c389c7b2,Cancel
ae7f4e77-f0e6-4324-b7a9-e1ae4e58d6a8,Cancel
e2e4ba8d-f8ba-46f2-af44-840c13e255ee,Update
a98da8c3-4c99-4de6-8603-a8ca99869d8d,Alert
f603e6ab-d048-4663-8aaf-ba4767da2b6b,Alert
a5b5fa42-c376-4f87-ae4d-d4b62ea40a5e,Alert
9a1ac586-cc37-4a3b-9d08-d621c6ad59f9,Alert
61c94a5d-f92a-4cab-8eac-8c67dbb7aadc,Alert
38f70e9f-0aff-42c8-b35f-388283268257,Cancel
d10274aa-0d80-42af-9ba9-3467e0b0d240,Update
143bcbd3-cdb8-42aa-bcf4-0beb3c90fc7b,Cancel
651448e1-2564-4f42-88f7-b3f586595d3c,Alert
060ec5ef-91c4-440a-b5dd-6eb5173240b4,Alert
62de4bc5-5495-4491-ab2f-d251ecceac7f,Alert
1190f1c1-ded3-44f1-8d52-3a66b3f2a3c3,Alert
cdbbfa8f-9968-4550-8eec-383cfee3fb84,Cancel
ee67292b-f394-43ee-b946-9e7c113337d2,Alert
e6c6c635-8b3a-4b4d-b582-d7c28e084f3e,Alert
5c6e961c-d7d4-4686-8339-f03bef1bf734,Alert
97369ee1-0db0-4ebe-a32e-de619c1c51db,Alert
fb9c1753-5c12-45de-9b9f-9b995ec5394d,Cancel
3f0a82b7-7336-4814-bba7-cf68936d2574,Cancel
a8d3d2c0-97be-4c1d-88d8-5978c3373089,Cancel
e4282c53-a1ba-466b-b9cd-7d03def4b25a,Alert
3034ef5b-f9fa-4d30-8f1d-be8c84aadee4,Cancel
004c249b-432c-40ce-b607-52f7a4534650,Alert
b5dac2be-cdfe-4bb5-85db-930614f2d275,Alert
af6629a9-a3a0-4c75-9df4-72703d15994f,Alert
84a7b82c-c514-4834-b9da-f9fdf0280749,Cancel
3c568b54-c86a-4f5c-9d6c-7eb4477dd4fe,Alert
f9aba047-852d-488b-a93f-2775fb2a6fb9,Cancel
6afdcfc6-320c-4ef0-ae53-4c8264f99054,Cancel
d057185c-42a9-46c2-9db3-8356a4a82148,Cancel
cc49b871-e85e-4b3b-8936-e213e2d172fa,Alert
91a4e39a-e32f-4418-ae7d-10ff7b026ce2,Alert
4f0cc94e-e48b-4ade-b15f-18f7ea51fbd3,Alert
323ef2ec-8dcf-4b9f-80a5-f8f18ea06313,Alert
e0ee812f-d811-4b37-bbe7-bc38ebf443ce,Cancel
518045d0-e385-44cb-ab72-64bbd25feaef,Alert
08ca3530-5664-4f75-9b09-9a6eaf473d54,Cancel
9b8519f0-59ea-435a-a4c8-d2b567af6579,Cancel
f50a996a-c69f-4281-a7e2-c05210ef8e3f,Cancel
4e1db199-2f6a-4e23-9fb9-f6406dcdf61b,Alert
3a3d9463-f3c7-4293-990e-7d2e3becd75a,Alert
d405cfa6-a9a4-42db-a42c-391687f20971,Alert
ce8126aa-5ec2-42e0-ba21-a70128ccbc06,Cancel
f853db61-08e8-4b83-95cc-27c8740e34eb,Cancel
87753dde-966f-49b5-b0bf-15a85de0f97e,Cancel
caa7fc15-f331-46e3-8376-1eec3838b1cd,Alert
0432cfbf-e3c3-46de-b659-17da4287bb4d,Alert
6e094cd2-6b1a-45f1-b432-77bf6926e6db,Alert
6fab494c-73b8-4d66-84ea-2d97deca42c4,Alert
184a3f12-c5f0-4b91-82e3-c71c811770e3,Cancel
b8b94765-5d51-4e8e-a6cf-3f87b6c93d3d,Alert
aa430063-f6c9-49ee-8fc3-5eb46570ab60,Update
39ec028f-ec99-4e1a-ad20-c6659faa8773,Alert
250d8bc0-1409-46e2-ab45-2076d1445907,Cancel
33e2bd02-7ea3-4129-984e-26d45621cb84,Cancel
68002c36-6cfe-4ec2-8643-61aab835e8eb,Cancel
ff54d48e-1708-4408-bd64-1b23800be269,Alert
e1391f00-7576-4f10-ac81-744371d1a552,Cancel
19848f34-b814-432a-8978-8afaaa73d3bd,Cancel
24d9917f-ff1d-4203-a9fb-1dd10d937c6a,Update
e5244543-46b9-4595-ae28-4cc7b5c67b5f,Cancel
68678e56-e57d-4a8d-81ee-7cb9a9ecd6a5,Alert
bba215ee-3fba-41eb-bb02-7df3d2f084e6,Alert
c124dbfa-ab70-4c0f-9374-8e9f4f25e5e6,Alert
fec62cc1-f92b-4a12-9267-f7fa56b4a4d7,Cancel
4690b283-5ad1-4557-8453-c497637586e3,Alert
211b1585-b2db-4127-ac78-344c511aed87,Alert
e4b7e5ec-1074-4a75-9c86-449278f6c3e0,Cancel
9a284eeb-4c29-4c26-9e6e-49a224730339,Alert
fcf6e8e7-a7cf-48bd-ad71-87dbd091da56,Alert
cf664494-6f8e-4526-ad86-64344c416505,Cancel
2ba492da-b36b-439a-a3b8-372cce4e3e0e,Alert
a2027c83-1a7d-4de8-8b15-696bd68df85f,Cancel
c2604826-0e47-423d-b54b-983c6ac8f461,Alert
5522b653-f01a-493e-ab2e-f71769b9dbff,Update
32b9468f-3940-4c5a-b6b4-494b5b97aad1,Alert
c7e04f48-84c5-49b6-93d5-2d97b178851f,Alert
82794bbb-95de-4f15-8493-c93d7ab4423a,Cancel
1f86fc5f-b5d0-4930-ae0a-fb2af43709cc,Alert
d9540c33-3765-4e10-bb3c-dd2c7554e21c,Cancel
7201f2cd-5e96-4032-b776-3a423d3a58b5,Alert
6aa09cc9-042c-4ab5-8c94-aa3a8bdb5b8d,Alert
7d5c81df-80c3-43c1-b0a6-8225cd26b34c,Alert
c8f556db-4211-48dd-a36d-c364af2404a1,Cancel
4abfc483-366d-482c-be3c-80b1425850cf,Alert
16e03452-37ea-4cfa-9192-ad46c04d485d,Alert
0c94bd07-b86e-4d59-85b6-422f232f1667,Alert
61a3bec4-dce1-4624-b75b-bdf7acda5e53,Cancel
b87f9054-b090-454f-b75c-bd9eca9f097c,Cancel
e3910eb3-20c7-4d9c-93ec-f975736a5df7,Cancel
9115e97c-c4d5-49fb-b423-f1d24f2696b5,Cancel
2e8c0fad-124c-4561-bbfa-5b2c72d58195,Cancel
1c6ff7df-0da4-4cc0-8e42-26c75808e58c,Cancel
35cae432-d903-4981-a585-03d13b850c4e,Alert
4cc9ffaa-01bd-47af-9146-ea7e45960c69,Alert
da228a3b-01b4-42dc-a802-c0ea42a17ff9,Alert
4158f808-1006-4e68-b8b5-6c90a4cb9b30,Alert
988ae62f-edf0-4c27-9fbf-0754b9fd422d,Alert
1480aeee-61fe-4931-b563-f3f363a8ad88,Alert
791981d4-6f17-43c1-94fe-ee31cf71e185,Cancel
5031af78-a295-4398-8345-95833e45dcbf,Alert
25737feb-419f-4df2-b0f3-6a6bca183293,Alert
5541682d-eb68-4907-979b-c054a4af537d,Alert
820c0d8d-2d39-434f-bb88-0f7822442c0f,Alert
24b06c56-8a3f-45ab-95e4-314867221bb8,Alert
d92346d5-2995-4bf8-80fd-a3a7332b91f1,Cancel
89267706-757d-4c7d-9f86-e1477bedd25c,Alert
c2a13e97-e7f6-4b9c-9bf3-ccdf31a4fdbd,Alert
2c526b62-e912-4730-ab68-f8c282b23655,Alert
7835595a-edeb-4816-9356-9ea6f76de6b3,Cancel
d8990eca-7652-4c65-95c1-a8b3935c4330,Alert
2d154f19-9598-4176-9b2a-8952f0c98cb1,Cancel
4ac26c3b-7ec8-469b-a888-03db55026397,Alert
db4d378b-4b4b-4223-91a5-ab22e59ba9e5,Alert
1b3a5b71-89e4-4d75-8f9d-724fa52bef6d,Cancel
999a09f4-9c16-4ea4-88a3-d799c2606e48,Alert
4613d241-2725-42ec-af46-203aa2b1238c,Alert
862049f4-944c-455a-953d-135e79b3892d,Alert
e4379e41-5d49-4359-974e-3d3f3c94d2fc,Cancel
ea3b25b3-e9a4-473d-a24d-0104faaa12be,Update
7b811b6f-248d-4e2d-ab2c-a1a5e0adf7ae,Cancel
eb5cc445-bea8-4521-a73b-cfa3b4724415,Cancel
fd816572-c386-4145-87ac-c419027ebd4f,Cancel
6270836f-92f5-4c3b-b170-6900f68125fa,Alert
29789b76-8ac2-4518-9387-121c3d7743b6,Alert
7e2f39b6-6c3f-4dd3-8e8a-89bdf6b7cf8a,Alert
aff8e725-b288-4d5e-83da-2b4af30a8408,Alert
c9351141-9f79-4085-9073-a4f234e444b6,Alert
e40379f5-5a6f-49ae-a102-4a45ff894dab,Alert
24711093-7d87-47c9-be67-f170b9bfa39d,Alert
5e1f45ec-c92c-4906-9f02-3c5947fbe629,Alert
10b2889a-2ff0-476e-8f06-7c08286c6ded,Cancel
77263d85-ffa4-41d2-9a94-3871e793d9b4,Alert
d84e2d5b-7559-4104-85ef-cbbce4bc5c47,Cancel
62cb8f60-9fbe-4ef2-86fd-88c1bea89535,Cancel
c7b0fb3d-0ea2-44b4-b6aa-be80a75e554a,Cancel
7cd13f27-b471-4bb9-9ba2-27280d97b65d,Alert
8d768e85-6ced-48a2-9391-fdce61ade99b,Alert
307837ec-7e5c-4b3f-b951-9517ce4a5dac,Cancel
b567f7ef-de60-40aa-ae1a-ed2aa8167cdd,Cancel
6f25ee3e-c28a-485f-9d9d-c4320f519005,Alert
0b50eaea-7e8c-4649-88f7-35061a6054e6,Alert
be34041e-33e7-46fc-beca-03b8e65c8037,Alert
2c992902-0435-4071-baf1-4c3efaf9df61,Cancel
4d83442b-b1c5-44c8-8908-05452428e262,Alert
ba71fc94-8abd-412a-b755-5a2dd8620e2c,Alert
70e69cba-2939-4d0a-853d-c4de1d6f796f,Alert
2700c2e7-dd01-4573-954b-39b62207472a,Alert
bafda923-6eec-45b3-a816-0a4da31e6a4e,Cancel
0aea7311-20cc-4d31-bf67-60b4032ef549,Cancel
639277c6-12df-4032-8022-97ece0baf27c,Cancel
4ec27616-ce6d-4156-9710-3365154db596,Alert
97248aa9-d945-43f3-9350-fa325036b7cc,Alert
ea8ef690-3895-40b2-b36d-45fa210aa1a6,Alert
56a1b363-de85-45eb-a1ca-199e09ed98c4,Alert
0b365938-2ffb-4fee-8ca0-2f196cf5343d,Cancel
156377b5-4a81-460c-bebb-e63bed9daec0,Cancel
9fa693bf-f1d2-46e9-bffd-47841c72dcee,Alert
e7356443-025b-441f-bdae-79f1506fbe6f,Cancel
15757bb5-157d-477a-98f9-23769db9e1d5,Alert
be9e9c9a-5086-4d15-ad08-0d2dc6c5952d,Alert
938368b2-eacb-43c1-ad66-de0acb57bb90,Alert
c989190d-d009-4ff6-b053-4e66b07302d1,Alert
a581f10b-b2ea-4770-9155-08a3c27831d5,Cancel
9244dd24-b4b7-4f72-93f6-00619bf30cd1,Cancel
0a004ece-ca00-4c99-ab5f-c96b57d05bd3,Alert
2cbd65dd-66d8-43c5-98bf-06e715cc8484,Alert
de1cd09b-a5e8-49b2-8c44-a0d44dd0fe49,Alert
ec627178-bbab-49c2-9d99-0b40039523d2,Cancel
4895396f-58d2-46c5-92f3-7b21c898fbb9,Cancel
b8551d00-28c3-474a-abfc-ce6110c95847,Alert
3dea0c0c-d76d-4a58-8574-8c56986e450f,Cancel
2df4b2bc-2bbe-4a31-9435-d2ceaab8ebd3,Alert
653f308a-fbb3-4152-92c3-e94387bd7366,Cancel
e81849e0-f405-427e-bdfa-99a7f83df76a,Alert
a69ef1d0-72d2-460e-85e8-1537031298c0,Cancel
db4e6ce9-7333-442f-93f4-212a21d4394e,Alert
650e1525-8ccd-4659-9f46-5e6cd08df55c,Cancel
227aa5fe-b396-4708-af33-4e215f9149cc,Alert
e9cd1f21-148e-47eb-b3e4-adaacc08cca4,Cancel
9c4f744d-2444-4ef7-9857-5adc1ac6fd7b,Alert
a913e87d-be44-4664-afcb-8f00b707809c,Cancel
79613f34-66ac-4b62-9131-e8a4d74f0b5d,Alert
e7c5a29b-9dda-41d2-943c-ad74506bfeaf,Alert
4027c804-27e5-48e7-ac00-61475bca5567,Cancel
e04165cc-43ec-4568-bc9f-648787b7d870,Alert
6b1bcce1-2f22-4119-823c-48c4591814e1,Alert
1d17b41f-818f-429d-ab44-9308b3450c15,Alert
931764da-0bf2-443b-af98-ed632805e5e3,Cancel
e48db125-e2a7-43ef-9cc1-b445abff5154,Alert
0a61608d-aead-4dd3-806e-47b514d73a57,Alert
808ee7b2-dfff-4b8b-9e8b-e389ec572565,Alert
ed859d90-98b7-480d-a1ff-2c31b2258cbd,Cancel
6f0f7237-8bcd-4eae-9f89-beac2466c6c4,Alert
d8700bc9-6251-49fd-bfb3-0015a7d2b5b6,Cancel
2fb556fb-a313-4dc2-9ce0-f8f059444f86,Cancel
473e7a66-c90c-43ff-9057-aa98ee6980b2,Alert
81c75494-90d1-404f-b905-99f6f8938feb,Alert
82f4e80e-48c1-4260-822a-5c29d5d5b9b1,Alert
c6c21a52-5e94-487d-924b-f581000b92f1,Alert
1fc19cdd-5a09-417d-aee8-d8e3e9edf42a,Alert
870c3241-68b1-457d-94ef-77a4c4519ee1,Alert
412170b8-f34d-48f0-a0f9-8b7f06e6a0c1,Alert
6cf6e770-5300-4c46-8cec-6c6b74ee9aa1,Alert
f92d6f1e-908f-4104-af26-ff1c5a3330a3,Cancel
42a878a6-4ec7-4a7e-a11d-1259f5e03265,Alert
32c85acf-30f7-494a-940a-64bccffcf79a,Cancel
2eb89ce6-881b-412c-98c6-2677cbea1a9a,Cancel
aa2e670b-8de7-4bfa-9cbe-dae56111dea5,Cancel
6026ad25-e831-4d87-91b1-fef67c4a283e,Alert
af0e5a28-4434-46c5-bad8-e1aa85b06af9,Alert
752aeeb2-98e4-4a74-a954-04d3b3745dc2,Alert
12409402-743e-479d-81b3-3f6c101ccdd1,Cancel
ad05c86b-a2cb-4cd9-a523-5750d52e364a,Cancel
bff4e1f6-2aea-4618-8b8a-3dbd454511ae,Alert
39e8d0d6-39aa-4718-af45-f4604996270b,Cancel
99f3e485-c268-4d66-89ce-9a9cfc602781,Cancel
03931c81-fd53-4908-8e95-bb533b49c1d2,Alert
04f47c62-e645-4684-a55f-5dc02e9ea43c,Cancel
7c2da079-baca-4957-96ae-a89efb7a157e,Cancel
5240620f-da17-4f8c-a5fc-71574bbe1d6c,Cancel
d9d109a9-f696-4862-96b6-b5d486402a36,Alert
f8ed6890-3c7d-42df-896f-cdc3cbb6d188,Update
d0f723f6-d56d-4d2f-9306-6e5afa200897,Alert
bf73e65e-a25f-4070-a8b6-5d40407429e5,Alert
4627411e-c290-42b7-9d67-bdd6407f0c9c,Alert
a1d32b59-b006-4434-a274-074b38072004,Alert
54a59a10-30c9-4de7-9035-37ab818c334d,Alert
97e418d7-9eb3-4044-943c-925c16c97aaf,Alert
8bab6a0f-2243-44f0-b9c9-78aadefc056d,Alert
91a7558b-8562-40de-b58b-7dd6d58a8c85,Alert
11d7a328-24b8-46a5-b84a-6d0e22bda8bf,Alert
eae41a8c-9842-40f4-97cf-99297642921d,Alert
e4539254-31c6-468a-8d37-121d5d2b04a7,Alert
57b428d0-af37-46e7-9aa6-68ed89710da9,Cancel
213c916c-8495-4298-affa-59bbefd7ddd5,Alert
b7285bd2-c997-4959-bda2-08f9f1832b35,Alert
ff901f60-60f8-4f6f-ae84-b3dc7a718b8c,Cancel
2f94d290-63bb-4edf-82da-8f3fa18b2cae,Alert
2945f98e-bc35-40ea-a62f-59ece8b2d8cb,Update
b8a687ef-067c-489c-a428-14bd7578078a,Alert
f1ddd158-4075-4f47-aa19-e24c1ed205c5,Alert
3e45df25-5a95-4a2a-bf88-210f7d145efd,Alert
aecb12c5-7636-495c-8ce0-cf616ab3a712,Alert
0eaab702-e305-4ff4-901c-68f8431079ae,Alert
168a934e-23e7-4e86-aacf-21264e513326,Alert
909f6e0a-8741-479b-9765-ddb40d20aa2e,Alert
bbc70895-5767-470c-a557-df7e79f842de,Alert
36e43d15-8c53-4a0c-a3da-bee3d8a0af3f,Cancel
532d9441-4c48-4f44-a7d3-79024a116933,Alert
f2f220a3-d7a3-4377-99dd-b3157ebb6355,Alert
780bb705-caf0-44d1-a161-8a6bcf2877a1,Alert
be7d9462-bc39-4677-a446-f003a4d92a92,Cancel
e105d491-a979-41d3-aa91-2848bd7c9af1,Cancel
e3e6a678-6ac8-40ad-904e-c29508efc39b,Alert
189ecc91-cb11-43e6-9268-7019170d56ad,Cancel
1d88c258-da45-42a8-8b75-1a1e7784409d,Alert
cc368d11-dce4-4eb6-a435-92398cf6fd5c,Cancel
c18836d7-7519-4430-ae6f-9d43b3694ee7,Cancel
c5ccd870-64a6-41b5-be39-4c3f25d028f1,Cancel
93fea723-4681-4b3b-8015-a2a3d70526de,Alert
2ee58466-5341-4408-8df6-b47c838a09f2,Alert
18f1ee7d-1771-4e71-81ed-6fbe8063e6b3,Cancel
c72c347b-32bf-4854-98e5-c22988edea63,Alert
1cf472b5-7a57-43be-be34-e42988d40824,Alert
1c533277-a6db-4393-bc9e-101002b310a5,Alert
626384d3-84bf-4db6-82a7-1619c7f31323,Alert
c28bf38c-dd82-47e9-85ad-fed292d870ae,Cancel
935f9c2b-04a8-4f5c-b444-cf860d8d1ea2,Alert
7212d830-44d2-46b0-bb2e-43b4d6a75c36,Cancel
fd4a23e6-82c0-4593-a774-7a53c814be25,Cancel
542da61d-e1f2-4904-9e65-fa5b885ea5df,Alert
d66f8447-89e4-43c7-a3ab-4933bd492c11,Alert
fac9c3c6-992e-4c2b-9bc0-b76d44078751,Alert
44b9837e-3aaa-4dd9-be1c-6f2e8a8c6e38,Alert
dab0cf9e-8adf-4e20-876a-43e7036fc1a8,Alert
971e63ff-54f3-4777-bd2c-62a55ad82fc2,Cancel
9b35218f-2b3a-4d19-a4be-e753d19cfb08,Alert
f8444c47-0e0b-42da-bb8d-14821c847a84,Alert
bdaa17f6-589a-4f8c-8814-57d8692575b9,Alert
0be74b2f-1119-44a2-8011-b5556b9205e6,Cancel
ec364ba8-0ed3-4528-ad9b-7f966d54bbbb,Alert
ec80cfd4-7614-4ac1-a5cd-5693ef89c3e4,Alert
098b778f-4a21-47aa-b51c-b9205d54d5a1,Alert
5f4e7c84-ed87-4ca8-a59a-3ddd1830ba56,Alert
342eddf7-ff1e-4930-b083-77e40a87a73f,Cancel
70f0a96c-2791-4180-9351-8035138b9827,Cancel
44d32d95-2421-42e9-b2c2-5ba356568255,Alert
6da77674-b69e-47a3-af4a-040dcee6ac4d,Update
3e7cdfaa-dea7-4285-b1fa-2bb781ac0d6a,Cancel
5de35561-b0d2-4a09-bcff-f45b131a55cb,Alert
e2c10e7c-d6f6-4c6f-97ec-f87986394f97,Update
24bfdbe5-37a9-4d66-bd98-ddc8a0c5b6b8,Cancel
b421f2d1-58ed-4dad-a8d0-068cc682c591,Alert
e0afa30d-1c47-4c77-afe5-3335deb42bf3,Cancel
d37959b2-bce0-4e2c-988f-9ed93c320ef0,Alert
16236b20-0bc2-43ae-9d73-b826daade799,Cancel
ced1bc65-7cca-47b2-ac8e-1fbb169a10a7,Cancel
471284a7-a87f-41b2-85b8-01932c765278,Cancel
6ae8958b-4761-4630-9780-56e5899d96d2,Cancel
c223cd15-d861-48bc-9170-4d5780f88d1f,Alert
038093f8-1f0f-4ac6-b8e7-aae841476f21,Alert
924926b6-482a-4680-9d21-f3844f3072f6,Alert
3fa99e83-30a3-4e92-a880-23c15c909fb9,Cancel
77146cbb-283e-462d-ac42-445fb06c915f,Cancel
f4f8b374-0e35-4aa3-980f-f09aff1eef21,Alert
eb156da6-444a-4bdd-8c50-f48709bfbfe0,Cancel
e167fa0c-7e17-4540-a946-b76e275e4903,Cancel
d1834817-6cf6-417a-923a-df4b548e9691,Alert
8fe11b05-5b97-44d3-a86b-09d12b5818bf,Alert
b7dad49b-5c9c-4848-98a9-e7545e8608c0,Alert
388dfb0e-e6ba-494a-928b-a9e4d6dda4bc,Cancel
d32dde9a-7f94-495e-8e17-0be0f7b1792b,Alert
bb8ffa0e-e32f-4a95-9949-1623de216d0d,Alert
dacae4d6-718e-4219-861c-8683225283ba,Alert
811d37b0-97b3-406a-a208-b0bd5981c8ed,Alert
3f025e9f-30dd-41a9-b10a-a6cabbc02f50,Alert
3a40d5b1-e190-4599-94f7-a3f4c59ccde0,Cancel
807a390a-9ebb-4cbf-b062-726605dca839,Cancel
7bbb7dd4-09e5-4e13-a238-71f3548fe3ad,Alert
e4fb7460-ec2d-493f-8dbd-2520f23144b7,Cancel
92668353-facf-4158-bd48-1e1995242774,Cancel
94209ac2-880a-4086-87f5-4d04787d0cd2,Alert
e2eb84f5-3a75-42c0-a90b-1b8ae86b3318,Alert
315a30ae-2a66-4609-b6cf-4fa2147a2e4c,Alert
eb9607b3-1af5-46a1-93e2-b0fe731eef6f,Alert
879dcae0-4358-476d-9323-b541318529ec,Alert
c513b4b0-f6a0-45e5-8f5a-48184f057bca,Cancel
49628905-7119-422f-92f9-468d53ba373a,Alert
37bb334d-5888-4bec-b2fc-ca23644f94a4,Alert
dd841891-e600-4a39-a73b-e4a9bbd2b7af,Alert
3389f421-3877-4046-85f0-a9184fe7b756,Cancel
34eb9c7a-24c5-468a-9990-e1a83fd2a4ce,Alert
cb2db595-7aa2-4fb4-b921-dbe56e9de7cd,Alert
14f230bb-5049-4ba4-b5d5-6eaffe1cdfdf,Cancel
55af609a-72fc-4a83-bc31-f632bf40cf51,Alert
35c1a024-665c-4ee1-9289-8fe1c00bd7e1,Alert
861824ec-88a0-4063-aa44-47f9cdf6a4bc,Alert
997af200-b5bb-438a-91da-139148c72375,Alert
0444f3ec-f9a3-45bb-8835-ff3590b6b84f,Cancel
28f21db8-95ac-41b8-8d57-40a3c35fc0f0,Cancel
be9c68ee-8b62-4207-bc82-71c2b572a628,Alert
e16ce7e8-74c0-4bf6-859a-6ffd0dbbbacf,Alert
7b99d876-2465-4ea8-b77c-f72fc40a9bac,Alert
fe269ba9-9503-4bc0-925f-a0bc33efeccf,Alert
bf5f4e0b-7ed7-4ca4-b76a-93b556bd7906,Alert
c2a900de-c70b-47dc-b7a4-9ec033a8a496,Cancel
cfbbe084-eaf3-4d82-8092-aafcf236f757,Alert
698b1ba3-4a91-4043-b731-966437496af1,Cancel
4681cff0-a620-4a67-a655-1378a9261d0d,Alert
0ce0c503-9e8a-4e97-ac86-f3590bee6f25,Cancel
ed9f5f44-3bb7-4b78-875e-62dd72c8ca93,Cancel
eea277c0-c783-44f8-b718-0e0d25383392,Cancel
6aaa57ef-f4ae-4b94-b8ee-2d177f7258b0,Cancel
62bf950f-bee5-46f5-b8be-bac126ef9617,Alert
8609c947-6b59-485a-91b0-2e6799454da7,Alert
4cf4a616-7b1e-4e77-9b2b-3c64a9d47516,Alert
9a3b1ae0-03b6-47b8-a1be-065918d9603a,Alert
7efa1975-4fc6-488c-92de-78ac3ced7f16,Alert
3620ac7d-cfdc-4dc1-855b-5f3f41dd5c85,Cancel
68cb4355-a64c-4409-94e3-1639d8b3f7f7,Alert
2bfbd45f-0100-4536-8e4f-79e928738e7f,Alert
9ba67187-5568-4387-a98b-5254ea1ade89,Cancel
35781128-c5a7-47e9-840b-9edd92e17e49,Alert
c7579cdf-252f-426d-9aac-09992c966c58,Cancel
b93646c4-41b1-43a4-aa15-65768e9afa49,Alert
240e8595-fab0-44a0-8d9e-c30ddb2a3d38,Cancel
1014d1c8-4dab-4252-885c-ad2b0ed97b53,Alert
6ffe0d50-3376-455f-aa88-c69b069d3187,Cancel
69ceb8f8-349f-4acd-9a96-986093146979,Cancel
e1464631-015e-4bb9-aa56-522a1f07a4e5,Alert
f143fcc2-6a4f-4d21-ba98-6702645d229d,Cancel
99a1735a-7f13-42ab-aa42-1711f9125337,Alert
d4270820-d2be-4c56-98a5-caa9ba8ad1f4,Alert
2d879fb5-e772-4a38-a2e7-d5df78b982ee,Cancel
5f51fd9b-2309-481f-9200-ca688d6d5051,Alert
6c0bd33a-f0f4-4309-992b-c48a11e939a6,Alert
baf217af-ef37-4a01-99f0-56935f6f2e0b,Cancel
3af64ed9-c18c-404b-9826-2386304df770,Alert
f4f0f49b-df38-4bde-9179-c2dbd81a898f,Alert
8b600d48-bc40-44ac-bcae-841f9f2d5676,Cancel
0745777b-3de7-4e7a-ba6a-174344b05297,Alert
af8834a5-1064-443e-9c19-c58a9f9228a6,Alert
51bf789c-5a08-434f-b37b-48a5b4b02d19,Alert
b49502d0-331a-4a11-a63d-603aa2ef752f,Alert
08ab0bf7-1c75-4921-9ae1-8cfb68903da1,Alert
6de00247-4f58-4eb1-b9f2-371bdabece88,Alert
087e7628-e95b-4c2a-b33a-889030758e61,Cancel
53a4ad58-fbc1-480f-8f23-e539ed6d068c,Cancel
529517df-3420-46a6-8424-a090f4420238,Alert
300a14a1-d115-411e-9516-ae0d349cd645,Alert
e855f267-5399-4f7e-9be6-bc0d9ae6218d,Alert
dca883d8-4768-4abf-a220-4cfc96e69302,Cancel
fc8d633b-8cf3-4f96-bb89-65471debc555,Alert
ed171e72-ed65-4f35-9e88-5670e3676ccc,Cancel
8b99de71-3233-4d0c-887d-473bc54f25e7,Alert
2592d94a-3fe3-4bc8-8654-7eb82ab9ab67,Alert
14864278-152c-401d-bf9c-a21502a00d9f,Alert
f0bacf72-a48f-470b-8ad2-37751f68e50a,Cancel
a83eb28f-7f1d-4839-a908-3b0881c75adb,Alert
67045111-a0b4-48e5-b21e-312934cdf87d,Cancel
547b4496-e144-4b12-b8d3-49631cfc06a5,Alert
5c47f84b-3ce2-40f8-aed9-9d6bcfacb9fa,Alert
36deadc9-179f-4be7-8f8a-5ef012a09139,Cancel
1e2a4707-2f65-4775-b76a-88a712abc022,Alert
6a045eaa-640a-4d49-89f4-dc639ba4014a,Alert
a78bc702-2eda-4f73-ab04-43497b96277d,Alert
b123c31a-7d6e-4379-a96c-7234d73fa03d,Alert
8615ae7d-cd4f-46a0-86e5-d597b4d81512,Alert
a68b9b09-91c1-419c-a771-f388093d9b34,Alert
3dafd19d-8545-47b5-ae32-724ebc1d7e8e,Alert
16d0b432-2f06-4cf3-8231-856b99dc15cf,Alert
c6772e8a-fdec-4727-aa6e-3f78001b590e,Cancel
46a651d3-d026-45f0-b811-d7f06b72957a,Cancel
262480f0-b363-4e30-9ecc-bdf93aae15a6,Alert
a97c68ee-b87d-4881-bfd6-57b8ad71e268,Cancel
6bf02bd6-f5c7-4221-a5e3-601f6f35ee15,Alert
08c7f12e-7895-4439-a00f-de3b9df601ba,Cancel
c9316cf6-330d-496d-b3fd-e4cafc994ae8,Alert
549349fb-5edd-4367-9848-65a6611a35ee,Alert
740f0f48-8176-4437-9d42-8b98ea6ce800,Alert
73f75fdb-1795-431b-b3f0-1f7e0ff714a9,Alert
a6ed011d-e456-4081-9888-ca77422d7b4d,Alert
d5548309-1ead-4f03-872c-781d7d2b9427,Cancel
dff56f8a-4439-4c69-b2ef-ea2c91b101a4,Cancel
5e28b4f3-c2db-45c9-b478-4d34c992752d,Alert
37e19789-0ff5-48c2-9cf4-b7d322b8ff69,Alert
23973902-c1e8-4980-86f4-5f96270238af,Alert
12e6118d-95ef-45a2-bf06-db48742f57cc,Alert
460daac0-33cd-4109-aa3c-04fafc64317b,Cancel
e5355509-7185-4a5b-a69a-3e465b552092,Alert
21a54342-9f65-4ab5-9020-7c37d2fb7419,Alert
ddcb911c-5bfe-48a2-8147-01235a15cf8f,Alert
8ec0af49-cbae-419a-afc9-816d1faa3bf8,Cancel
0a1578e4-2dab-42fb-8e37-dfa21fa12225,Cancel
9347b7a9-f0ea-4257-8273-183e6ce0feec,Cancel
ca803f78-1207-4e42-a15d-208eea3f51cb,Alert
bb9bbf20-2854-4d8a-9b24-8bd4b5d03cf8,Alert
2548f31d-862d-401d-8ad4-8f90793cf824,Alert
75b840f7-200f-471c-8410-a44ab4212356,Cancel
0b6309a1-391d-435d-9ecb-c2016b386021,Cancel
434bac66-b637-4246-b218-1790963b630f,Alert
a2219ff5-b26f-4c82-8e0f-0494ba9a71fd,Alert
4ea1d4a3-baca-416f-9a3f-4b7cd7a5a74e,Alert
f8720c70-a002-45ee-b863-fd208183ddd8,Cancel
f315495d-842e-49a6-8f84-dea24cf26868,Alert
8b86de62-23c7-4f19-9169-db30fbebce08,Update
58f9c718-7d43-4d1b-b093-4851f976f2de,Alert
d37f0770-baf4-461c-8532-6f4d5b99e6a6,Alert
f776c991-d456-408f-8071-b83b788e5b3e,Alert
25a5f6b5-76d0-4606-b4ee-6786d2e75692,Cancel
2c6e10f4-0660-4809-b830-6db86acedeb3,Alert
cbf83031-fac3-4601-ad1b-278fbbb87cf2,Alert
ed90997f-c8bc-4a87-a017-e284897cd956,Alert
395c3533-e282-48d3-8f55-fde085a0eecb,Cancel
59ac8a85-4609-49eb-bd96-7f398c6c489f,Alert
c2e08079-5358-4110-9ae6-38e1e95e9344,Update
dd4966ce-0195-442b-b43d-ae2a51f69c17,Cancel
950e30dd-bcf7-4a0f-9586-589094d9b187,Alert
03094af1-ad48-4aee-b0dd-36ddd4f21cf9,Alert
60a067f5-10c3-442a-85f6-4297bd93c5b2,Alert
589ce8b5-66aa-4b0b-b56d-8807b04b3353,Alert
71129f28-681e-4935-91f5-ede5c2dd3826,Alert
25f8e942-4056-450a-920b-eae4bba2366c,Alert
0acce353-1173-46e9-b7cd-71c74fad088f,Cancel
bf36df5a-8fc6-4951-9db1-97d9820703bd,Cancel
57377838-8cbd-4b04-8f65-4c8f208d4f09,Alert
71405dc8-affd-45fb-892e-4d76bd3ea7be,Alert
78297525-39c1-43e6-985a-357916a8d238,Alert
8bb20d5f-de25-4b5e-ac0e-e7349ca8cce0,Cancel
03532648-b1b5-4935-b2c4-09b0d0fa22f3,Alert
067e0086-d4bc-4a2d-949d-13fae5a81092,Alert
ebb51a88-ce6f-4368-b112-cbc0c19ae2ca,Alert
995cdba5-46fd-4dc1-ae1d-984b949cec61,Cancel
40220578-f049-4e9e-aefb-419c6b2b7067,Alert
38121ab7-32c5-4a95-977c-46b19c4caaf4,Alert
866c2f26-69b9-4284-8bb5-bdf6e531f6c8,Cancel
ad225d7f-6e28-4248-a4ae-2cb02fe7eeff,Alert
76ccd873-8fae-425a-a998-9aa244a4b279,Cancel
68534969-ab6e-43b4-a9c0-9604767c57ef,Cancel
de296791-44cf-477f-ac3b-e4aeb9042382,Alert
0de60162-8be5-4e80-9eb5-437476b62a23,Alert
b8a4a197-13bd-4681-876c-7444564a362a,Cancel
e12084aa-bd4a-4202-ad60-0bed9367941f,Alert
a22198e9-ca4e-4ef6-974e-f40bae79bea6,Alert
64a2a0bb-adfa-460f-a3fc-6ab5cf67cd56,Update
27514010-6568-4ab9-b517-f9154b82720c,Cancel
c6129fc4-59ac-495d-bf9f-3c310fe47cce,Alert
246972af-1608-448a-96a8-e5300c8ee16f,Alert
ae94fdea-708f-49d8-b142-d864bd32c04c,Alert
9097c26d-4f91-4ab7-b2d2-fbec49a13177,Cancel
9412efa9-26e2-4e79-b53f-e71bb1dc1c55,Cancel
4c966296-4b28-400f-81fd-4ff26d294a41,Alert
880bb4c5-3327-48d3-bb60-e49258dab696,Alert
b38c235b-765e-412e-9d26-7067ab5cba03,Cancel
dc242d6b-2c40-48eb-a956-4be2ce628dd1,Cancel
540c9780-aae0-46e6-8906-4c2de46d7ad4,Alert
110c8d26-e58d-4da0-93e7-b7081d06072c,Cancel
d0c33c15-6356-49d0-a4bb-5cb1e18b6e80,Alert
42b06c69-2fc4-4b86-8916-c3bd77bfb05b,Cancel
1ec26811-decc-462a-a806-4ca61a949685,Alert
2429aa3e-64a0-440b-8e8c-d29eac10a41b,Alert
e3b9c7fe-403e-4172-8b21-2ef40280a14c,Alert
787c288f-93dd-4c35-a678-5d8550f7cc55,Alert
37f53474-b026-42f5-ae28-3d1192d34186,Alert
1ffbecd0-99c0-4604-8a57-35edee6a2c1e,Alert
6cf804f7-c326-4295-acce-fa3ff12e8e60,Alert
5c23f35b-6407-4b8c-9bcb-83b028007125,Alert
122ef4cc-1074-4671-92d8-0b5c31900cfb,Cancel
ba93a596-eeed-4c27-8a4b-01d16a13e5ae,Alert
5181af42-d0ac-404c-89de-c244bdc5d4d4,Alert
d4c480ed-ba65-42c7-a5a1-4339ce4c183b,Cancel
440aa401-8794-4301-93e9-b530bbbcb432,Cancel
10bd72ec-2de9-4f49-8841-67cc4f9c5f10,Cancel
17ca1d03-2a34-4930-8f72-282dadde0279,Alert
202253b0-8937-49dd-b931-a8e51d14c820,Alert
db55f664-7894-47a1-8c24-accb8ae3c9cd,Cancel
17943c03-fb70-4719-90a8-3df1c71e646a,Alert
a7c138ba-033d-431e-9b72-f3d3f1b602ea,Alert
8882d693-a429-4a7d-aeae-a163e42cd8f8,Cancel
994f2885-8d2b-4ed6-b322-2e14fb9df6d4,Alert
6c2d62e1-040f-4bb7-9da2-7a7d429efa8d,Alert
a2338d68-8bc2-43ca-b4a5-9b1c34088517,Update
54bec90b-0087-43a2-ad12-cb8175ffda01,Update
5007d631-2215-41d8-8df3-48fa178ac12e,Alert
5d0e679d-812f-43b5-ab5f-5b4f8309f207,Alert
d953c63b-bd73-440e-af40-73abb5518536,Alert
c37d0c86-e7eb-4a3c-8313-2ec8fec90d29,Cancel
e8382e94-43b8-4532-8fcc-1a5e9273b754,Alert
2cf8f94c-abd2-4481-b6e4-f1ffa1d3eaff,Update
5590f92d-0cc6-47b6-9f37-80bd634aea9b,Alert
03b5ff73-ad39-47db-b0ce-a18ed1d5d2bb,Alert
f534165c-00a1-4237-ad49-91131fcba58e,Cancel
686b9461-3bc9-42ea-a4fe-00ac2c04d978,Cancel
3e871314-fbbe-4b45-b507-a021aa356ce2,Alert
bad87b63-a2ef-417a-9c87-4c2a6d8b6ae5,Alert
70fc27fd-987b-4a28-a8ea-64ea1e38a366,Alert
2bbca861-5ae6-4d2b-b8c6-bebe28f28f89,Alert
c8e1918f-86d0-4497-a0bf-f962328251d0,Alert
98d7475a-f9fc-4315-9e76-3920ca030ee1,Alert
8f44b0cf-b6e7-4d2b-9430-deed86a1d7ef,Alert
7f257c67-78ba-4afb-a554-f51b8b570d77,Alert
ee68f62c-5ac5-4b5c-ba03-3d10413aa61c,Cancel
7a221a4b-a94c-4e56-9579-3be4d906e49d,Alert
a9d1b93f-795d-4a0d-967b-648b7fe1d401,Alert
b8c34f63-02a8-42bf-8a41-db2c90cd7dfb,Alert
cef4edaa-cae3-4b4f-942c-7deb340b17a9,Alert
d9aa379e-b1c4-437b-9659-690e6a4d05da,Cancel
8cc9c644-f352-4880-a05b-3147376f2c53,Alert
a3f7a59e-e4b9-43ed-a027-e7425045bd35,Update
9314e3ef-8f40-4355-812f-178f53db2264,Alert
6d765a04-aabd-4112-bb77-a075c1a167c1,Cancel
aaaa1949-3bb8-439a-b9cd-00648ac901fb,Alert
2f95cd28-46d5-4567-a994-5710a03a2912,Cancel
de0b59d8-0ad8-4b60-8900-9805d7b65c7a,Alert
c9cba779-f3a6-464a-a660-fef5c1d77b2c,Alert
018c221e-395a-4717-a157-320ae57a5296,Cancel
d924dd99-181f-401f-bc0d-cad6d7e1704e,Alert
015a768c-f60b-4872-bf13-0cebcdc1411f,Alert
6ddf031b-2ba9-497f-a17d-0bd21602c3ac,Alert
fdac700c-6afe-4c32-82f3-12155cd7d85a,Cancel
82df260a-31e5-4130-bb49-b1045ddbbcef,Alert
b81eb6da-47d8-48b1-9b37-bec341737b3f,Alert
fe1f2c5e-cb58-4573-a8e2-c3a121f7b599,Alert
b253dc35-51de-46b3-a0e6-868c13d75793,Alert
09b2b934-151e-490f-b7d0-cbe7b5e21da3,Alert
231af658-0092-4069-88b2-9e62cfe8ce79,Alert
94ceb15e-e718-47a6-8a71-07990a85827f,Alert
379ce3c1-a141-4b68-9bc1-54499faf4542,Alert
dc4d88c1-45ca-4705-943e-cafd6ec33b02,Cancel
fd72eb8a-49ac-4a7a-87cc-668bb3fbaa68,Alert
d4448c4d-2d30-42ae-9abc-1f0cf8befeb2,Update
4375faaa-d7f8-4f20-9d04-af8e611b58d8,Alert
42f6b2d8-8fdb-4000-91b1-a7868c3c27f3,Cancel
d718aa5f-61d9-47af-bc35-6c27357d8979,Alert
ea8795c8-6641-4570-aba9-4698caa43b49,Alert
f7903aac-9f8e-4b0a-8ef2-74ccb0f0f210,Alert
d166c943-0124-470e-aa13-36112e0b7ef3,Alert
7517b92c-a31b-4c3c-bbc7-bd6b9f2468e4,Cancel
1eb84982-c830-481c-b3d1-e40d52952019,Alert
c76bbec1-f32d-4e57-84d2-d46625c5f5cd,Alert
53e5bf4f-452d-47e0-8504-c6c5dfb1f129,Alert
0a13539b-5a92-477e-9782-118c33009b1a,Alert
5c430ab8-cd91-441e-a242-3f01668b3d65,Cancel
0f6cb803-9a25-493d-9b14-d1740a868e23,Alert
52481046-cdda-4711-aa02-cf4c57bd0487,Cancel
eb88994d-ffd8-4760-a2e6-99483a13489a,Alert
f9201f62-6c47-4248-9d82-26a1a758b775,Cancel
4ed21fa0-a5ad-4ee7-9ca4-2b99d9159671,Alert
e726d708-efa6-4e25-98f9-0b60c903751a,Alert
51d34ca4-cd8c-4d02-b36f-668ae5782795,Update
5ad6910d-c0c1-4d5d-af39-719c4898495e,Alert
d87a28e4-3fe6-49fa-a891-88954208bce1,Alert
3714a0e7-b643-40e8-9327-77c3fccf5b2c,Alert
45778e80-9b96-43eb-8e8b-b74fec170c6f,Update
09d7df17-d9b9-41c1-a51c-20a57e415aa9,Alert
4fe698c0-c4c8-43a3-ac28-3888722b2e64,Alert
5c969009-ce7b-47e8-9eb0-7b97cf6541e1,Alert
82f3666b-fdcd-4ecd-a690-f822fe762e35,Alert
503e7fac-e0c2-4a8b-afa3-85411ad3385b,Alert
2e63871d-d667-4a6a-9b5c-8250333da318,Alert
284f31c4-3fba-47f8-ba2d-86e45542c4b5,Cancel
5da82d59-71b0-4308-abef-73d6e0036162,Alert
ac0b14ea-d518-46d2-96d3-1cb4dae651e3,Cancel
00ecabe9-143f-4310-ad56-33a180bf5c74,Alert
fd249af0-ed40-4cc7-b396-f9c6912e6729,Alert
6d95059a-2ece-4319-9255-f6f994e3c0fe,Alert
9c76faa7-d46d-4121-b275-510369e15d30,Alert
9ce02a57-c4db-44d0-b9be-c3c3a76d9e7a,Cancel
81cec1e1-ebf7-43b1-867d-46a413dfa839,Alert
1a9338c7-c1d6-4284-aa0c-4a9b54c07bdd,Cancel
c7a9d1a5-6641-4402-85af-8fbe7a25dbca,Cancel
753b53bc-42b8-4828-b94f-e4307798651d,Alert
dca977c7-a13b-4177-9723-fd3ec1c59d4f,Cancel
9ec7be13-b7f3-411e-8df1-54fa622ed1d6,Cancel
4a905a17-d02f-49aa-a158-fad46bc25e3a,Cancel
deef11ca-b5fb-452f-8fde-dfef971f1285,Cancel
f2242078-34a0-4819-86d9-125eacd0b9f3,Cancel
a92df7a3-f0bf-4a3d-b232-efea2129b806,Alert
0b545ab6-fba0-4a2e-afe2-a791f2318cf0,Cancel
073df169-e00f-460c-b30f-fa0bf1a65234,Cancel
7d54a935-e3d4-42b2-b1e3-6160252a637a,Alert
38291688-30ef-43c7-a27a-4649c7741f37,Alert
2cd93d2d-261a-4f59-ba5c-c5c446eeb6d2,Alert
0b281ae1-becd-4f1e-a8af-f0ffd4672594,Alert
70974e89-3261-4c3b-a272-3546fdf4e279,Alert
b0de82b5-172c-4416-918c-86285dc8d926,Alert
2e758273-4ac3-4ce4-9209-f7b779bf5f68,Alert
b9710e7a-7f2a-49fb-b864-b8a501973800,Cancel
170b390a-4629-4e2a-93d8-8db81b8efa2a,Alert
ff7be3ce-8bb3-4d26-ae85-c2db31da09bf,Alert
ab706e66-6099-400d-a283-b4915f47c1a0,Alert
0c46017e-0a2b-44f8-8b6c-ba681b2aca02,Cancel
af5a5602-ce06-4214-99ca-fa098acd6101,Alert
605d26c6-96ca-4383-9f56-b9b062626bce,Cancel
3f47c24a-797b-4a82-9787-10e344795359,Alert
cf907fca-11e9-4eb7-a96a-45d8243a9132,Cancel
28cb5c2d-ea77-4625-b10b-05a5dd789406,Alert
a1f3b8f0-0e95-418e-a573-8be0ad0450c0,Alert
72b4f401-75f0-43c8-9854-43f223bd2c3b,Alert
b58e2840-65b0-49cc-93c2-fdea3ca95c33,Cancel
2d079229-bb10-41f3-a045-fb7c14f65827,Cancel
6a1539a6-24f9-4ab2-b07a-4681cf310282,Alert
93a99b27-1e10-44a6-8caf-c6b75dba9708,Alert
bd075d02-93c2-46c6-9bbd-539fd1ec9315,Alert
e1cb8f44-80b0-47aa-901e-ff0dfa938cad,Alert
7d741d64-1e14-4c41-92b1-a8d6a62d4644,Cancel
cb1e03cb-2a7b-47c7-95e8-70a4109b60d2,Alert
630f04ea-fd06-4120-b31c-655a222ee83d,Alert
691542e3-955b-4df1-a6be-e94d3debada9,Cancel
2adcb6a9-a876-41bb-aeac-4d487794f722,Cancel
ea22ca18-ebd1-42a5-98dd-e30faecfe6de,Alert
b97d4da0-f406-4de5-b225-78ecf83268e8,Cancel
9f1fc56d-8065-4a49-b594-fbf417b44403,Alert
1c577fb9-b498-4391-8aec-5e24682e6aff,Cancel
60bc4908-ce6a-40d5-ad7a-d4219e584d8e,Alert
a6c87fc1-aa57-4a96-a299-1dd3c6c543fe,Alert
39bf8282-c05a-494c-9911-a5037df6905b,Cancel
2ea1b6c0-415c-4a50-ab87-5143168598e8,Alert
8da4b0f9-6fda-4114-8931-a953dbf0b411,Cancel
0cd2b159-43e8-40eb-bb2f-df3e3327fc75,Alert
89538def-440d-45fe-9d20-6489493a4d91,Alert
10cc5ee2-61c2-4abe-b8e7-078532b670dc,Alert
47ae1b29-daa3-49aa-93d6-5cd446ed2d9b,Alert
d680b456-7d25-4610-9a1d-17ed29295e06,Alert
f20d6752-6c57-4f3a-872c-fd98711b15ae,Alert
4ad06fdf-8697-4840-9163-b35ff8af7ca9,Alert
313be0ba-187a-4c0e-a9c1-0acbd6879f28,Alert
44dc12a9-34cf-41cc-bd48-2e57c55b114b,Alert
f40bf7c2-45a0-42e6-b0f6-57dcb5f38833,Alert
10ff5991-f010-45fe-ae5a-9a04b088a779,Alert
9e0c5aa5-4a50-4328-842a-bba409f9fdce,Alert
e9b22c7e-5076-4fb9-a7a7-2fda97c9e355,Alert
92f92475-9141-4e9b-9cf2-5d7dcf320306,Alert
ff1bd541-4744-4d35-a89b-17b37de3cd24,Update
92b32903-025c-47c5-bd8d-906d2f43727b,Update
af26fd9d-3793-40f8-8191-2eb38f0f7916,Alert
19300dd3-f0cd-4bf3-95df-db27966d442b,Alert
98f4f123-e658-4d3b-a1dc-413013fcf9e6,Cancel
2f02b5ad-6517-490c-99b2-dc7c1c905586,Alert
e1419601-cb85-4cfe-ad05-f6811653aa8a,Cancel
5d722af9-7254-421b-8a70-569075406df3,Alert
053f7e8a-1e00-47a2-964c-ba9c2cf13341,Cancel
16a9d3db-5f56-4eaa-91b0-1966f70d077e,Alert
0a812eaf-5d9f-4a64-838f-8c3ebac9e147,Alert
62f33bf7-3d10-4cd8-84d5-c0acd5d8f58d,Alert
4969646c-fb97-4bd4-a567-0e2cbb9941a2,Alert
a0614f7a-e407-46f5-b5d6-53856e784926,Alert
721f81d4-85a3-41e6-b65a-2f41d48a6b99,Cancel
88ac6d4b-37a5-4241-bff7-29299424acb1,Alert
e3ff97ab-9a91-409b-91ef-8a91e4e0e2bf,Alert
5a30c5c1-fca6-4eb3-898c-8ecd19c426d1,Cancel
b2259e93-5dcf-4daa-b704-b6fa80ac88d4,Cancel
095fbdba-f950-444c-9a3a-b83545fbcba2,Alert
9b24d4ed-abaa-4946-9be2-ac78f7feeb38,Alert
93de5d54-aa09-4086-84ed-3d6c91608a26,Alert
8279db07-3093-49dd-856c-279b2a71d61a,Alert
7e344730-785a-410b-8172-97b222afa977,Alert
2d87624d-6939-4eb4-b59b-ef058b9c0c09,Cancel
2b29813a-0892-41e2-8979-7942fe70e3a5,Alert
29dbf0b6-af73-4ead-b7ca-f6c3a862077d,Alert
1fe6cec9-1f9a-4f1f-bbbd-1ff71d672736,Alert
90516d1a-db6a-488b-95ed-96ed9d8f63d7,Alert
be35aa04-9b2f-4a1f-a4b1-94b0aac70db1,Alert
46d8d6c5-fd71-4223-8e2b-c427aca7f5f6,Update
56461c01-824d-4dfe-bf8d-59dfb75e3179,Cancel
82c74c51-4048-4b52-a339-79ab64c5b276,Cancel
4109f02e-cecb-4a9e-aa32-9bcab9549995,Alert
0ae583c3-cee9-46cb-843d-86443711acdf,Alert
a19d6466-bcaa-40f8-a524-7321b1ad54be,Alert
c1ce12a8-b21f-4a84-9e17-fc9e618b539f,Alert
994a7c25-03e3-44d3-a7c9-e115e961a80c,Alert
9a352d9e-eb9a-49c8-94d7-756465722b35,Alert
39a96c38-bf25-4818-b427-e68f14e336d6,Alert
415cac20-35ee-4bea-9204-5410545f73d2,Alert
293514c7-9505-4545-919f-e60fb7d73b8a,Cancel
eddc8077-aa91-40cc-a5b0-d5c303950080,Cancel
e81d5fbf-65a8-4ba8-a739-6ff062b6daa3,Alert
83e6d7e5-b5a5-4b72-9fec-599d0fbf4bbb,Alert
639f348b-e51c-456e-81f1-a26363c87fc1,Cancel
6456a61c-eedb-4ff1-9906-f7c7f44d1445,Alert
58a4ec8f-7c76-4c3d-8b67-df4c8e0313ca,Alert
ca853a30-ee49-41a7-8666-7f5254497607,Cancel
f358e496-24da-460b-8016-8222eca74a3e,Alert
1cf9f02c-56ba-48d5-b082-0b210db62bf5,Alert
0facdf28-ec21-48d8-87dd-e7c0292e5d5f,Alert
df528467-fb68-4856-9512-d2d07571b5e7,Alert
746e7613-b932-4880-b66c-e9eb3188594a,Alert
6cd29996-252c-49e1-9d6a-958c57ddcb93,Alert
0fc1159a-7e29-4910-aa65-29c77d587cc6,Alert
dad98bda-1100-4864-bb96-a08d4f9593da,Alert
f915ba0c-e438-4e3a-b823-86c732d506b6,Cancel
c9d3edd6-397d-40e8-ae9d-e865cc8c1b61,Alert
18fefd4f-2dd3-4a91-beb2-3cc5f19327d6,Update
746aa511-7db6-46d9-b323-6b3742ea7615,Cancel
f15512cf-fe3a-45a3-a103-478b7264befe,Alert
662334c3-46f1-43be-bf81-96d39cf9bcf8,Alert
51f29cbe-fa9c-4fd9-a888-ef4931c52bcc,Alert
4abf90a3-ba41-4e72-9c03-2cc4278dbbff,Alert
ea09c88f-0dbe-4671-a3f5-cbea203a5872,Alert
33abdfa0-66a4-4438-be0c-96f126a84a1c,Alert
a06cf640-3493-42a4-8e9f-722255cf0f7e,Alert
aa464b95-9ba3-4518-a19b-27ac9f70a7bd,Alert
c7fe8adb-190b-473d-9fb2-fd51ea7b964c,Alert
b64879fa-2a2d-45e1-8922-14296a8a9ccc,Alert
b5f6d5a2-bc12-4225-8266-af48a0755aee,Alert
e32f7ae9-e4ad-4dc8-8dfd-fb0465666b08,Update
2961a9c2-2aab-4c93-81da-ee894519ee38,Cancel
70a605e2-43f3-4036-be36-6e2a491913f7,Alert
6e385e50-6bb7-40df-aeec-4e243d53d00c,Alert
fea5f5f8-6541-43d5-a234-350d1d2e7144,Alert
459a75a4-8e8f-4680-b314-ceeb9edcdf22,Alert
52fec572-6160-45c0-896a-0fb91fd77927,Cancel
7437ce46-947e-48fb-8e3e-583309ee4a82,Update
b0d12d3e-3f47-49e0-b1e9-72f626c2625b,Alert
4272e21b-c4fa-4a3c-958f-2a4c6e1c0c4d,Alert
db513274-f7ba-4880-bff2-66cda9d431a7,Cancel
b3cb3e3a-f565-45fc-88f6-7f1b56cd868a,Alert
461c5dd6-15f8-4c0c-90ad-c585622f8f95,Alert
193219d5-4061-44c1-8e26-f4e6b9da38be,Alert
c440948e-3783-40e2-af5c-a6b8a0aee927,Alert
758e99cd-1c56-49e1-902b-92fcc6c46253,Update
39f73b5a-6ce3-4499-bbad-a54c29ab1d32,Cancel
102fe703-7532-4fc6-8edb-f44e36d81d4f,Cancel
5cf2329c-5889-4895-8283-dca043f2578d,Alert
6650a601-3342-4994-a85a-571f4f78e23e,Alert
c6c91d30-b82a-42af-a4c5-0fbd7160fa8a,Alert
b832b28d-6c0a-4eed-bf44-321d65883135,Alert
fb273892-524c-4b5c-bf01-a390311b839f,Cancel
74fb010f-c1e8-4f44-a7c5-72a335ba7568,Alert
128d05b3-2e3a-4c2a-aad7-1f1d1662ed9a,Alert
037a2d24-d64b-4448-aab0-50dcfe1d085c,Alert
0368b5c2-0796-4988-af13-189a17c9f58d,Update
c80684f7-1f17-41a1-870a-9e75ca83564c,Alert
56e47dfc-31cf-48b2-b645-8b1dc9a14b59,Alert
48aed278-81ba-443b-a01e-7ec5b6d204fa,Cancel
b5c83574-c8f2-46e1-ae0d-6a155d8fec5f,Cancel
704c18d3-bfc1-499d-a261-6d197b85483b,Alert
dc8a27ba-5586-481a-9b6c-d57cb3ef6ece,Cancel
bbaceed3-9691-4899-8402-6f7d030ed632,Alert
dbea35a1-74d1-4a03-b67c-6f86a2cfd557,Alert
98a8fedf-11c5-4748-a413-838066dff1b6,Cancel
5274b337-aeb9-485a-adba-24c80bef317b,Alert
7dfa6255-262f-49c7-9f44-a8f614ece74b,Alert
0399049d-f430-43dd-baa7-cdc2b8734519,Cancel
d930ccae-bc3c-4737-9ef4-e1b6a05898f4,Alert
f27908b7-d787-4d73-8526-e8240fb455f9,Alert
658be970-4634-4da8-80ed-97ac3a234e97,Cancel
966694ba-7c87-4d18-bd89-d101516c8457,Alert
c8c60e47-6330-4f2b-8563-0f25b1e78262,Alert
f325e9f9-4ac0-4227-89bd-c17a756385eb,Alert
e2296c61-2d0e-4edd-84fb-a5fdd24360c0,Cancel
145f797f-95b9-4873-9f81-2dce72dc33b0,Alert
6fdc3bc4-4abb-4c69-8a00-bcf43d8559e7,Alert
c6457acd-0973-4b16-bac7-d7f300714a9c,Alert
c2fbf3b4-d0a0-4c91-b6b3-28252d3e7c51,Alert
cc615115-bafb-4e51-a6bd-b7cf83091850,Update
1cd1230d-11e6-49db-b232-e68a3c3a12c6,Alert
fccf253a-f22f-4eaf-a307-2d9c365c05ed,Alert
0b6bf268-d04f-48a2-92f7-7ec609779f46,Alert
4cc2a74f-09e2-4b60-adc1-d4e75a92d560,Cancel
ec7adf0c-3552-4b96-a498-82208a245206,Alert
7cca7b3a-86dc-46e3-bfcd-aac32b4d863f,Alert
5a8a4e6e-656c-4f66-b151-d0a8b0419cdd,Alert
45590c07-353d-4289-8ecb-9aa8eb1fb884,Alert
371f8c1e-d832-441b-aa00-f7ea632cdbe2,Alert
adfd4bd0-3388-4ce7-a00d-2d08d28f1cbf,Alert
691f3c08-c861-4874-9302-b597c58b59f8,Alert
5561a63c-ed81-4119-b81d-d9ed94378bd3,Alert
fa2f5118-bfe7-4c2c-8717-be88c582823d,Alert
6264ba7c-38d2-4257-84f7-1332cbc223fb,Alert
8aa348f7-0c00-4feb-a6af-2436febaf65f,Alert
6246d2df-6d20-49a9-8fc5-9d883c5c4ed8,Alert
602e5982-0be7-43e7-ae80-d6e5e7495ba4,Update
da7281cf-2251-4714-8bab-3f6fc87713e9,Cancel
6935a5b0-c150-4b51-869f-4258a079e7e7,Alert
363ea649-8d33-428d-8476-6ad627996474,Alert
43e29aa4-64ee-4148-9dc1-c9e629cac441,Alert
b6f46c2f-2788-42c4-948d-8d374187f1ee,Alert
427f99e9-8eea-4722-872b-a611e2fb4978,Alert
f49f91b2-9393-4c26-8485-80f40fad1964,Alert
2809e66d-c813-456d-8907-5ad1bdfe620b,Alert
a2e49662-e087-4ade-bb84-f3cfa343d063,Alert
28712ff0-e002-4ebd-a188-384913117aaf,Alert
dcb4e07a-05ba-43c8-9815-d11389819e33,Alert
5c39c3c2-485f-4e46-b326-3bb92a7bb679,Alert
22b10364-8d8f-40f7-9969-fe77dc66c4a4,Update
b45ff62f-61b6-427b-a2ea-365e250fd5e3,Alert
65303ca9-48e9-4d5b-a602-bd44f8290b76,Alert
71f2d6a9-c744-44a3-9c63-21c7a8bdf5fd,Alert
3abeed9b-3981-4522-ad04-6fa07a25fcb5,Alert
65381693-ee55-4ab3-a955-f128be28749f,Alert
2bb67dd2-6e1a-4d21-9299-889c76a22989,Cancel
4282132a-408e-4d3e-98c9-089ebeafd9d7,Alert
81603130-a1df-4162-9055-f165f61e9cc6,Alert
a4a7fbd9-ab87-4e89-814b-6f86f301de99,Alert
b57f7513-3b4f-4516-93c8-bec91bb11e6a,Alert
26e8b9dc-d39d-45f1-9278-d11de19b902f,Alert
3b1f1871-0252-4921-bdf7-e7369a69a7cb,Alert
1a933896-aaf6-40df-a15f-efd3d51fae6d,Alert
040c7890-0cc2-49d3-90b5-a69f86131a97,Alert
a5579e3c-d27d-4c92-ad5d-b896f82681ed,Alert
0ce603dc-dff1-4fe7-b879-c920ebe3fad0,Alert
56ac5398-347a-4c3e-9b3b-f92876a63384,Alert
fb3af79e-a5d5-4831-82ed-f7770b22fd81,Alert
8dac5fc3-48a2-4776-9e67-006609cd1ba7,Alert
38245042-8a81-4dca-85d6-3f44fb73f8f3,Alert
108743f8-c2ea-45b0-bb52-760a3bfaa471,Alert
39493ef6-bdae-4b57-b8de-b3f69de24e6f,Alert
af73c5ff-b81a-4a46-b7ad-6dd97ac4dd4b,Alert
6d4c094e-43bf-4040-a0cc-9c3b163b6657,Alert
ff838d15-3bf5-4737-9ed2-440a8e724871,Cancel
429601be-4b85-419d-999b-40b15f1fbae9,Alert
a29b8f56-b4cd-4d23-ad6e-85e4814b3827,Cancel
bac4219a-4e3e-4dae-9bc8-23e8db055327,Alert
002ad487-b327-4941-8fab-1d00acb6ec31,Alert
26aba2f6-c53b-4f95-8ffc-ea221050dac4,Alert
ff2e9f51-2fda-4c8d-b3e8-61a0057b076b,Alert
23f84c83-87c9-4f20-a5b5-9e40d352daf3,Update
9f8a0f95-c63a-4a12-bbad-10564ab17531,Alert
857944f3-c79d-48dc-bf8c-ea3b7ff8b80d,Alert
10f191c2-25a3-4338-be2c-242aca6298e5,Update
1d6e9c90-19fc-4a8d-b1ba-ede717a9a451,Alert
84573b8f-0a35-44be-835b-d3afc12361c9,Alert
0279a3ac-85b4-4b23-8ad4-4bde41bea13e,Update
4accf4ba-1b13-4274-ac06-d3518c40bcb9,Update
1680661c-b35e-4f0a-a9b5-7e39ccd130a0,Alert
b794199b-85e1-4ee0-8332-7242a402dd0b,Alert
def16742-b2e6-4578-8ed0-7c2c3f1ddafa,Alert
136b41dc-cd30-44fd-9a43-cd5d845476de,Alert
fd2c2576-c3be-44a1-a57d-d017f9a0138e,Alert
8c18cc69-4ca7-48fd-b208-31f9d6fd63a2,Alert
c78f9805-bd7a-4e27-a247-208354c509fa,Alert
429c9ef2-14db-4f60-8ac9-62fd11e1bf96,Alert
fa4b4260-2bec-4b32-b277-68134b43fd68,Alert
a5412a60-0dc3-4630-95fb-0079c24cabaf,Alert
3e4a0394-48f3-455b-b0a1-f541e92fb9ca,Alert
b71e2cc3-d9f9-4299-a4f8-f76e559e2abb,Cancel
5f7ca165-e415-468a-ad2c-e1d80b89567a,Alert
6ddc39a9-89ba-499a-b1af-d95a26dcadd7,Alert
94f1cf3f-14be-49ea-a597-31eca6148e72,Alert
2a745904-30c3-4429-a21a-37942437b3b4,Cancel
cdedb4a1-7380-4917-a92b-731c2b607694,Alert
128d15a6-51aa-451f-942d-6267a29d152c,Cancel
3480d196-8358-4f30-b5c3-ca15b617f6ce,Cancel
d0bdcd61-4286-45f0-82dc-52c57148880a,Cancel
9f20a9bc-e24c-4127-a8f8-cff275dde695,Alert
527731fb-73bd-4c84-a55e-a59f35f9edf4,Alert
64c6d64a-730f-404d-b04d-1c58ac4fd9c6,Alert
bdb2198e-6574-4df3-8f72-b4cac6bf02ba,Cancel
7b1a982f-a00b-4318-aabc-adebbe24dd8b,Alert
1ca07828-d0eb-485e-870b-e392c2615784,Alert
924038ad-4115-4c29-b401-5d2b319fd78c,Update
1a6749c9-cd92-4215-af0c-cd7b83a42f96,Alert
9d848070-770b-4736-91c6-4779938aaed6,Alert
cfac1e74-cbe8-4fc2-8be6-77645a38fd50,Cancel
d4e417de-984a-4b69-8bd1-f382ed842ea5,Alert
b857b151-798f-45ff-a1f5-43b59ac18bf7,Alert
bc092b57-5067-487b-90ec-34a8607395e5,Cancel
cdc716ac-f2a0-4c55-b3b2-3b2874da2d14,Alert
bb0d7a57-f9a6-4084-87ac-ceee9d0bb4c6,Alert
fac04512-fa2a-4485-89d3-51c364c33e9d,Cancel
34e18ad1-92df-4b64-89b5-2b9d0d8f792c,Alert
52c96428-57bc-4059-9591-227fa8ef2014,Alert
6081ee5c-9b69-48ec-8e96-7d5e8dd89649,Cancel
b2539054-ee3d-4cb6-82b3-64538abef811,Alert
823ed972-14e5-4072-9e3e-1fc7c028b3f6,Cancel
c614d4d0-6c40-4bea-8d31-4a2158492780,Alert
e070c1b6-a707-4809-9eaa-b1753b9b168f,Cancel
e3456f64-b8b7-409f-99e6-542e8aedc244,Alert
d5032208-c605-4c61-a986-c805e63ae188,Alert
4a946c7a-2e55-414c-9fd8-dedd5a22fcaa,Cancel
3ae0c898-c693-4881-977b-7f2e84d27cf9,Alert
b6908f78-5937-43f7-82b9-2bbf93c85f89,Alert
72ee48a0-0b32-4476-b316-5dc8ce870e53,Alert
374e6c29-7435-424c-a059-1e033288c4f3,Alert
d175f524-b7c2-42ac-b4bd-455a9b2d831d,Alert
a371d387-5e15-47a2-a936-05411bb907ec,Alert
abbb8ed3-3337-4607-8145-54ad7cf255aa,Cancel
e45a21e4-465c-4acd-b2e9-9e09b537764f,Cancel
1bfeab90-ce0d-4b21-9bca-31d1c854f047,Alert
d29ced37-51a3-4ead-9593-483e290a8e84,Alert
ab7abc86-3f6e-4b1b-93af-90083e1d5043,Alert
0d6884d3-2f01-4033-851a-a42aac72fdd9,Alert
47242d31-e25c-485e-826a-14a0ba4b1571,Alert
92759301-5c15-4e45-ac71-48ef3007540e,Alert
facb4830-a655-45be-a325-ef799d62a9ca,Alert
06bde8b1-21f0-4f93-b557-29e9ef4982b5,Alert
1f8d4931-0088-42eb-b932-8c252a6847be,Alert
782eccec-4f92-46d5-a063-eb274eeb7780,Cancel
01fd49d7-7109-48cd-a303-4359699dd7d6,Cancel
9bd06929-4040-4615-b94a-fd3c49b285c0,Alert
9a1c4343-c720-4229-8f8b-20f9dbec66c3,Cancel
5d004816-d789-427b-8422-acaa6756d8bf,Alert
ffcc3e69-ccf8-4384-9f16-279b706f4610,Alert
0242f532-4a4a-4db0-aaab-f5a694a32dc8,Alert
f4bdf7ce-7afa-468c-9f35-8b6055e73cab,Update
13218501-5ef2-413e-8fda-27c595b58943,Cancel
8e950619-b666-4650-957e-6f24e2662f8f,Alert
1301d3aa-92e5-4c6e-b4dd-0396cacacf2f,Cancel
0ef4389f-201a-413b-82fe-d7895c57bb18,Cancel
cfc8e258-ff9e-430a-93e1-a7b8a8f76fa4,Alert
78af3512-cb2e-403d-a471-acddb2cac264,Alert
31a4867e-c9d3-4ee0-b48e-ec992a27e223,Cancel
8f3d93bf-cb59-4eb1-bf3c-b128dbc2ca6c,Alert
b5cac158-db82-4de7-9410-4e20b359ba56,Cancel
718cc96e-f385-440a-8ef7-98d27769c861,Alert
2d424f78-a356-432d-ae17-9322d98792b6,Alert
3012620e-43a4-4f8d-b9f1-fda6dbd47b7f,Alert
53d97d45-b379-4d83-9aa0-23216d31d0f3,Alert
260071b7-8e9c-439a-b3b9-8b20fb24e1cd,Cancel
767d1633-3ea0-4849-a862-80d4e3e0a6ec,Alert
75f214ac-5329-48db-8233-5d2cf60a4333,Cancel
0a9d2b08-0226-47bb-8a3d-daf5f50ae9f2,Alert
e1816019-af4f-43a6-a94d-cf53fd06fbed,Alert
e68fd459-601f-460c-9d04-32cd9616c138,Alert
b3074023-7f4a-4ca5-827b-ba1560557a59,Alert
e617452a-d914-4931-b999-b67b8785c610,Update
3df26e29-7b3c-4508-bd1b-02889a4ee0bb,Cancel
16fd9612-9eda-4a83-a92e-6c520b6fb51e,Alert
b3e38d08-cf89-4018-8658-8ec25c4fb806,Alert
328f18b5-0228-4d00-b46b-613ae88e6e5f,Alert
9404cadd-51c7-49de-bf8d-ce3fb06a3607,Update
943a68ae-2789-4e5e-aa16-19b2d169cdec,Cancel
7aa22500-6320-4d22-83d4-3965f196dee7,Alert
7a2285b6-1115-46ab-b8c4-a618fc97e086,Cancel
94522230-dc9e-4e40-a8bf-eb3b806f1f84,Alert
9d0dba67-b957-44e5-a087-48abb1e948e5,Alert
45202dce-45d5-437d-b535-7fceb0be86a6,Cancel
0ec7ad0e-3dd3-430c-912b-e221f7278b41,Alert
764ca0fe-4018-4fbc-8965-ec6d6b48be04,Alert
f76bc6c0-6ffb-4d03-a683-87322031bff4,Alert
556b650d-e38c-467a-b455-417ca670f180,Update
55817f8b-42b9-43ae-9fde-dbb4c332f0d7,Alert
ebeb0178-0d0f-4d09-8030-97e4f8f7bda5,Cancel
5e6d652b-32b7-486f-a932-51fa04cb4645,Cancel
38cc4159-40d5-4f25-9366-0b815699fc11,Alert
f90d29d1-fac8-439e-8704-9c209ac4a58b,Alert
5782022b-c785-4d50-9ca2-64d35e7331dd,Alert
eb27fe73-0bdd-4bf7-8c22-6377386c3509,Cancel
371245b9-1a76-48cc-aee9-7aeb26f40aa4,Alert
fe0bcffd-bdbb-4ff8-8db0-0e07ef1bd12c,Cancel
f239a429-36ea-428b-b4f6-64b4804515c2,Alert
c1b349ec-408d-478a-bce0-cba48d964047,Alert
7f2b2285-c696-4dbd-af96-247536c09240,Cancel
c28202aa-95b7-4399-8717-207c13650b3d,Alert
3d9eef0b-6f8f-4574-9e11-82e85cbad0a7,Alert
e658bcab-cc3f-45f4-ac55-1198669c2c7a,Alert
e7f6019b-f33f-46db-8b5d-9bd3cd0de550,Alert
58b32099-3356-449e-b350-744dc3dd53d7,Cancel
07893b65-7dd5-4bcb-b70d-039f1725ab7c,Alert
e323f179-e1f0-4461-b817-6f4695ea197f,Alert
ebc56968-de8c-41dd-afc3-13f0603869bc,Alert
c377c03c-ceb4-4fa3-8e47-e2ba876f14e2,Cancel
ec90e31d-4cf4-4aca-b8a6-b07ad9235fba,Alert
aab1a983-d064-4fd0-98df-68401d82f5e7,Alert
25683ce8-88a5-4dec-a1f5-c6540f78dd99,Alert
d54bd97f-a3b4-406d-8f55-16fa0e879d58,Cancel
93977ce5-74df-4cbc-bd48-5b8f2b37d4ce,Cancel
54377833-aba5-42c9-adb5-e63a16644b6b,Cancel
acc364cb-4fae-454d-a07c-590137533d41,Alert
6ec3d7dc-29fe-4e3d-bc88-78824e7dfe5c,Alert
ae5661d9-5b23-4e4e-9da3-19f89e93652e,Alert
251e30ee-730a-4a30-ba65-a1506285a726,Alert
8e3517e6-f93c-49a5-ba63-4e9f54842bc3,Alert
318c4e31-7bc0-4471-b489-5a3eb931fe8b,Alert
bde8c0ae-a863-4cbd-94c6-477fbaf45fef,Alert
027dfe33-fd8a-45c6-bfb1-b8366681031e,Alert
96c928e8-3ea8-4c2f-9cfd-ab8d133f683b,Alert
5cfa4fbc-a0e9-4f90-a991-b98cc25ceba6,Cancel
3686aa16-6def-41f9-b484-812ac1506fa3,Cancel
87c70b5a-97eb-4eb2-b12c-b4383c5e9599,Alert
bc963b50-29b0-4ded-b61a-76f9e7f3fcf0,Cancel
d0899f12-b9a2-49ce-8edc-e7d8335a55d4,Alert
98dec86d-7274-450a-9243-40b5593ee542,Alert
5a9f4661-b4b6-4cbd-b86c-6cb5351d0f7c,Cancel
7f5db82e-7147-46ed-88ef-6e5041df9237,Alert
752befda-7316-4cb0-90d4-5a489dece40c,Cancel
bb9a8d25-6436-4876-a446-fd6e67c76ae8,Cancel
95e9edc4-99a2-4ccd-9d1c-e17edc910f32,Alert
01323e6c-f155-4282-b172-3b843c38c3ac,Cancel
89bca79a-3fb4-4b97-ba95-3c0baebfe2b5,Alert
e469dc99-2eda-478e-8620-65842c702eca,Alert
92477aaa-d872-4a9a-a341-d0f716a9c3d4,Alert
fdf9fc18-8d4d-4668-8854-3a90eea47786,Alert
ba19dbe0-4521-4342-888d-726ff4fe0496,Cancel
91d25e19-e8fb-4ed3-a37a-5ec3e4a9adb0,Alert
3e9158e7-a72d-4479-b3b2-d0989bc59c49,Alert
feb7a2c5-5e3e-434f-9800-f9d4728b4a63,Alert
11f80df1-bcb9-4128-9109-0d48123244e7,Alert
2d06502f-4c3a-4837-a1d3-6c467f1597c5,Update
fcf1ffc5-cfac-4e62-97e0-6e303012d5ff,Update
5522f6e7-74dc-4efc-9041-809c598f4e7f,Cancel
6fb8fda1-6cc8-40ab-bab9-88643d5b21fd,Alert
f52de6c8-9f93-43ae-9569-081bf38f82fc,Update
7a34edc1-7175-48ea-8808-bc41c7590bb3,Cancel
77a89544-93d9-4995-82f5-a2700e501d65,Alert
eedd0294-4392-4947-a6f2-84985fbe97d0,Alert
d8addb06-0c02-4115-978f-0e39bbedb743,Alert
3683a6a9-dbd3-49e4-b690-6155470a1fda,Alert
11c491b4-74d3-4d1e-b7b0-f5a2bf811e3d,Alert
5fb54519-e7b6-43e5-bf09-bd90199d6802,Cancel
946ee727-0eba-423f-bf89-545422ff35e6,Alert
b1d783af-b50c-43d3-81bb-91cd4141b276,Alert
07e7f389-c87c-4229-9128-94491fa3b2be,Cancel
2c658e8c-bd57-4d76-ad1c-34fb88fc397f,Cancel
28fba701-d675-4f67-8d6e-77f74f427ddc,Alert
43ea3062-adda-4922-afe2-82734c981e3f,Cancel
acb9f726-1235-4ca9-a501-19b84dc04de2,Alert
4f6361c8-1d60-4d01-8733-c964009e57bc,Alert
20f1cf47-644d-4046-80b3-37e94b28edc8,Cancel
583592f7-3cb7-4cdf-b296-c729a4519322,Alert
aece7cd0-13d3-41d3-b426-90a95ed5d3a8,Alert
5c5aa986-4eb1-43dc-b534-347b8d286cab,Alert
4006b197-ea3d-4404-a878-f6eaf1ffb05c,Alert
f919d30a-9112-426e-897d-9da9da95d940,Alert
6daf6bd3-df3c-4e69-9265-12d669160479,Alert
6af87f4b-3eeb-42b3-8a3e-6f4d7baa9a1f,Alert
dcbd431a-4a81-426f-b8a7-e91a1b3e67e7,Cancel
27b7457e-c8f9-44d9-85d8-7d8eb3ddb0d4,Alert
8d1f3c38-4909-4e58-ad7d-352cae20451b,Alert
a3c8c959-6300-4799-8c8f-ab3550172a2c,Cancel
090d29a8-a61f-4d46-8155-00f7f64f5a45,Alert
e92d22ac-def3-4382-91bb-1a7b44199895,Alert
556f4d32-d913-45c6-9b42-130a118fe19c,Alert
6f432ac8-a728-4f54-a4bf-716c3bf8da12,Cancel
a113026c-8351-4a96-a77b-b47167d0e562,Alert
00bf8b06-3087-4299-8ed3-d188ea7214a4,Alert
61dbb0c4-ede9-4f1d-b002-ff0394ed7887,Alert
4456cd3e-2551-4c66-9804-2b12965f561d,Alert
292e7d08-29e2-4cca-acd5-1e8d48de93c6,Cancel
df4be001-8ab7-4a7a-a8e4-f429c24e8a1d,Alert
d43c766b-94d1-4412-909f-2d5ad7d91833,Alert
3661ffcd-c716-4ea6-a959-c38290da23f4,Cancel
796146fe-511e-4955-be79-319c6770eaa6,Alert
7aa8d25a-fa22-4479-b684-6310c346f6c0,Alert
129d560d-bc30-42ed-a0e8-7a9dff48ee93,Cancel
2f37eba6-621d-4b85-9d03-7b994bfd27f5,Alert
22e64317-1fc7-4b49-95cf-0c708ad6d707,Cancel
60c5489f-31da-4e7b-a8a5-70d056b65e07,Alert
90254cc1-b6fa-43e3-8c58-cabe37f4438a,Alert
bf1c1fe7-644f-41b8-9927-87be67f2d383,Cancel
62fce810-7c33-439c-8bc4-00ad83a65df0,Alert
da9167e8-0371-467a-9d58-30ee8e435cbc,Alert
4bba6dd4-a589-4a2f-9343-acb74c95a0e2,Alert
678ab72d-00e8-4ff9-a18b-682582110cdd,Alert
de460cfc-5175-47bc-9251-c7901ab5611a,Alert
376c6ec8-a002-47b5-b73b-eb022a2e9e7b,Alert
18deb881-ef5f-46a3-9dfa-5b4fe1de33fb,Cancel
e712cede-6502-4229-ae5c-ed0b8c1cd451,Alert
ca564007-916b-450e-8de5-571812aac2ff,Alert
63df2bd6-fee5-481b-8081-8245f64e8705,Alert
a2584242-de30-451e-b7cb-146266f5c4e4,Cancel
9f0ae85a-bca6-4540-bebd-5b8263cafc12,Cancel
a4449f89-4512-44e9-9363-a59ea11e68b9,Alert
9eeecb28-ac13-4045-bf97-38db17eb06ba,Alert
b08bbe90-59b7-43d7-9e35-8b209e525204,Alert
3b2ab370-d041-4a4a-98c1-4c785dcaa881,Alert
41537b12-98be-4dbe-96b6-407bca7ba68c,Cancel
063c898a-8ce2-4961-ac90-21d73b1a18f0,Alert
061e84a7-8abc-4941-a9cf-99bb864ebf7c,Cancel
c172fc6e-b383-49f7-ae57-5b00039a4fac,Alert
1b144e03-7b22-4c33-a964-1fef268d96b9,Update
67b27a4e-88f4-496f-80d1-666e5a1dd9d4,Cancel
b27d1b73-ad83-42e3-8408-4c86f3bd9399,Alert
7add366c-9eb4-4125-bbb1-46b470d22d04,Alert
ceb5ebee-b907-4c78-9d8a-03e99bec3760,Alert
02607e51-b973-40cd-90a3-c2669334d3fc,Alert
c426d6e7-b4cb-4c2b-9c4b-76997d056e2b,Cancel
8d6d4ec6-76f7-4531-a8b1-e42656c62920,Alert
e35da2d8-788a-4a01-946f-aa37ff63e70c,Cancel
9d17ef61-1593-4619-8145-5b073fc229dd,Cancel
85adf4b8-de50-4bc8-a17c-02393831def7,Alert
9e218b0a-4eb1-4a59-b270-b1a05ea1c2bb,Cancel
35e20cd1-39d8-4473-b002-289a828470bc,Alert
50311e83-5c3a-43ae-a46b-27b5ce13e30d,Alert
373a73a6-7559-4d15-9ba4-9d821cf6c378,Alert
02a507da-9bb5-49de-95fc-aa9b92b99762,Alert
dab25404-f12f-4155-85cc-a18c638f8c41,Alert
e227c21f-7f77-421f-9151-47b6b7509514,Alert
fc27d327-fadc-4ce6-8e6b-88837fe1c231,Cancel
4d30db33-9cb4-45f0-b136-29c6507f3054,Alert
7c2720fc-ba05-4f86-9bd2-908c29349dbb,Alert
5d7ef5e8-3a39-4dee-a848-390b585dd729,Alert
bedc1f9d-47e9-4885-a70e-5710f8e9ed32,Alert
3775cbe1-b82b-4115-8fde-dc7ef47131bb,Cancel
d3f8ce70-73bb-4edf-9424-750049ab12f8,Alert
0c6841d1-8ff2-4dde-a13a-8340f4f48756,Alert
af0edeea-8c6b-4550-ad23-a5ee226e4077,Alert
4d2a7c68-9628-433b-aa67-763b188f60da,Cancel
3bf53c5f-8e60-4482-92f2-93e0a28e8e1b,Alert
4cb21ae6-ff56-4ad6-aa92-8759bbf4a0f1,Alert
979f4405-d399-4cac-b52b-b5eed2eab179,Alert
3cfb28e2-5e26-44af-b071-0f4886eaf60c,Alert
8aa67caa-3412-4599-aab3-e53fab84024d,Alert
3eaffcc8-4d8f-4511-8d52-9043f27f99b3,Alert
91d0e162-a52d-4d87-92ae-3e750c854e00,Alert
6eb53b3d-5050-48a9-8353-bb1997b737f5,Alert
41d0c7a9-5dcc-4148-a4ea-e7d043ec392b,Cancel
b6f007c2-863a-426a-8569-23156e011ad2,Cancel
64204808-f668-407c-9d98-13d4f70f3ba5,Alert
c10de0fb-b6db-44c9-9867-9f2212461c54,Cancel
386f812c-9c7a-4f70-9cd1-7ad446a50b66,Alert
11278702-88bd-4026-85af-256ebe10586c,Cancel
9fc8c9a6-c457-44ae-b0b4-ee46dbd21bfd,Alert
b1df9ea8-2525-4321-94c6-a092aeb33ec0,Alert
d304f4bf-cadf-4f99-90c0-96aef27e88ad,Alert
2d0357c5-2126-41b6-9e75-f88dac476a78,Alert
f02db9c1-2441-43e9-b307-c4dd0c9970c8,Alert
4b680b82-dd36-48cd-9cb5-766e12a18fad,Alert
6ba443e3-1c68-4d33-8a34-45253604c92c,Alert
94744db2-fd55-4258-9fc6-b543a5dbd2b4,Cancel
46c57f9e-826a-49be-a9de-d81bcd1ff4a8,Cancel
46f69f2b-3f1a-4e55-a365-80dec87ae36e,Alert
65ac594a-adde-4f0b-8779-caf2c24304d9,Cancel
aca2771c-2f95-4431-8578-893d2edd4dc5,Alert
e303d638-4e16-40f1-ae0e-cb3ced863e28,Alert
87ff77dd-6d29-4ae4-8ef4-c0618af4d8b5,Cancel
ca3abc9c-952a-4a87-ac09-23d3853cdb50,Alert
741ca1b0-42a1-42e8-aaee-96dcf14ba6c0,Cancel
31a98ba5-19d3-4099-9e12-8e354ec1f8df,Alert
48daf803-d02a-4e06-8c82-d826d52a368e,Alert
acfb6f86-d155-416c-8f42-9d73594ff592,Alert
de69bd03-9bd7-46e4-b30e-cccf879d3780,Alert
64cb960b-df4c-4407-9539-108b30506098,Cancel
32d3b506-3017-471a-bb81-5dafc095068e,Alert
7e4ce76d-4d14-4c33-b462-798a2ad082ba,Alert
3ba4677f-64b5-4d1a-ad05-007ad449937e,Alert
1d30cde0-db90-4a8d-9e83-deed5eced6e2,Cancel
72f5954a-f510-4e52-a151-d3b205b8625e,Alert
6da6b0ef-c7cd-400e-ae0c-2e9b868419b3,Alert
03ba30aa-b7c4-4337-a0f7-40f648023b19,Alert
7b173e81-8320-4fd9-9080-99bfa5b1c852,Alert
aea64fc8-d5fb-4c17-b1df-c4e3e9c1d3e0,Alert
cc6b570d-4203-411f-85f5-3501326b6ac8,Alert
0eba3a26-b46b-4731-8e1e-4c5e6d5936a4,Alert
e6958bca-7df1-4169-8fce-b808c06c1b85,Alert
445a32c9-d4c2-40b8-aa21-d6378b89baad,Alert
9a34ac5a-5a40-4e45-a1ba-ee25ae47a931,Cancel
fd99edbd-f233-453b-b9c1-2a283e8ca3d3,Alert
68d14c91-9a6a-4a7c-8f9f-ed3892009a33,Alert
f830b0e3-3342-4e51-9e50-4982fcae19f0,Update
88b0c4b6-4448-4217-99f2-7b5d5bda747d,Cancel
fdd81043-b52b-4439-8d7b-6fa21778474a,Alert
39e39aac-3368-4540-a2c0-6d4642f928d1,Cancel
2017a6eb-a452-4891-a6c2-e446f5f113be,Alert
bad88a71-2ea8-4c87-80f3-0b21c115f5c3,Cancel
4dfa53fd-d987-446c-b556-7d33a7096b8e,Alert
f77421e3-5ea2-4551-97ec-b03e34a22924,Alert
20d58862-8adc-40a2-959f-04b163c7e4df,Cancel
0543ea47-2492-4e2c-83c4-26a60653e99e,Alert
8e5832b4-e157-4cf4-abd7-cb1c421e921e,Alert
a1d89530-09d8-4617-867e-7fef506dc224,Cancel
5b59e4b6-570e-41eb-b627-b21ee41d8f4b,Alert
9cf62e8d-14b3-4a9c-bf19-0c09a2a9f66b,Cancel
a9028c8e-58ff-41f8-80a4-bdda1cd14540,Alert
cf7ee345-f88f-4bc0-9bd4-1c8e34f29599,Alert
28b56789-d3b5-4c7e-bd87-19fcb94d9fd7,Alert
0e5e1890-286b-407c-870e-375b204c1c9d,Alert
c1fbbcbd-a362-4f9c-8a0c-53128b537e99,Alert
3005d692-4781-4841-a1fa-406b5bde8e7a,Alert
dcb78993-3545-46e5-b173-2cb100914d47,Cancel
74ce4635-d5c4-4a4e-91ed-5e1d690dee89,Alert
fad8b616-9311-456e-87ec-345e21ae688c,Alert
ad988453-90f9-49c1-8bd6-e2fd6f3adfdb,Update
a926714e-ae1b-42bc-be43-dc4ae05d2389,Cancel
251cc1a6-1492-41bf-b537-03139317b6df,Alert
f4a3efe7-e49f-4f23-9f26-87c67d9f7297,Alert
560cb14a-7ddd-4f90-8199-a19f5ef489ac,Alert
879ef885-64db-4b62-aa8d-ce22b78428e1,Update
fd1bfd3f-edd6-4b53-91ac-901f65e6eff1,Cancel
eb4999cc-304c-4cf0-a768-3cbdce3ab0ba,Update
f8918aa7-0886-44be-9d3f-a1b51923b214,Alert
4fa052bc-223c-4111-bcbd-317434fdc4a7,Alert
347b4ddf-0575-45e8-93df-bec7cbd8f05a,Alert
a2b1df70-7024-4d07-a7b6-6684214131eb,Cancel
71cca2c2-b2c2-44ca-9498-afeb028cd77f,Cancel
90f18996-e64a-4dcf-8323-a97eeb653ca9,Cancel
6d5c9a01-8582-4913-b3e2-08c082062132,Alert
7109c11e-b894-43af-94d5-5b86f7037cfe,Cancel
8109c57a-32aa-47c7-b6b7-b4da326f252c,Alert
bffbc775-efc6-4aea-817c-fafde945ba76,Alert
194262ab-ba37-40be-8a29-8293187262b9,Alert
da6dbcb3-3fa3-4585-8c3d-9c085fb25e15,Alert
f6506326-096d-4eac-a25a-d83594c0eefc,Alert
3c9a7609-a7eb-4a5f-b484-4a2ebffe6df6,Cancel
6ded24ac-4aed-4072-9ce8-9cbcd6f77fc2,Alert
e967154d-4d20-43f0-b8be-7096841284d7,Cancel
f4082369-5514-4c11-8d14-b974bb2375d4,Cancel
2fb602d1-e805-49aa-800f-5c8424ad4e9c,Alert
b24a1d25-f9f5-4e56-9740-d1416d1f11aa,Alert
853e96b1-6959-4078-95b4-6b5e5e5deddf,Alert
b49b7d94-79ee-4578-94eb-5fa38531b71e,Alert
6ce5863c-538d-4214-8cfd-37d7833dade2,Alert
a0e07968-be00-4849-b9e3-1902feb5d249,Cancel
d3f22f2d-e016-4072-8834-ff2444c13002,Alert
e10a43ad-77fb-4f02-825b-df588fc422ba,Alert
1a593bea-8d5a-4085-8ea1-76df65f118e0,Alert
2c447093-2a65-4802-8638-c6d22da53228,Cancel
852323a4-8c06-44a4-b002-cd93d178cfc0,Cancel
5d68765f-34d6-4631-b65d-609b4ed8d53c,Alert
ea58052a-7894-40f4-abcd-0975b9ca6ccf,Cancel
e8866ebb-f9e6-47a9-9ed5-c23da92435f7,Alert
0459d181-1ff3-4116-bbb0-2a3bd7e630f5,Alert
097622fa-ec93-4020-a06a-93e90d8d3883,Cancel
bbd2be70-d139-423c-a20f-529a843ba628,Alert
0ed37517-2852-4b3b-9b0f-468a58d9e842,Alert
d1dd87cc-fd16-4423-8d12-5365024001e9,Cancel
b36bf2fd-52cc-4f66-9cfe-cb5dcbe94666,Alert
54687486-8865-4146-b932-cd12bb4f24f0,Alert
d8341ce2-64df-4e88-a72e-2793cfb37ef6,Alert
847078d7-80a7-4329-b9be-200a2e7cfa2d,Cancel
47febf36-32dd-41e4-8ef9-a354eb914a11,Update
b59e0840-0dbb-4e37-9cad-3a034d8d9315,Alert
592c47d4-766a-424f-a8cb-aad18b90e1f4,Alert
c02b2ddb-cda4-45bd-9e6d-902cad51fe16,Cancel
ec3ff924-8edb-4336-b269-6425b8124d28,Alert
45502e66-90bf-4000-b403-6d81c5651a69,Alert
2111b47f-6c8f-4f4c-9675-e8bc5e0a433e,Alert
fbfab0df-11fe-4c49-9fd0-03e17446b74c,Alert
142139f8-1bbe-409e-b03a-d5773d142606,Cancel
69c5dfc4-2c2a-457b-9778-986b00da57d0,Alert
ae266e6e-9c1c-47a3-a217-fd4b2537263e,Cancel
5f2069d5-6027-43da-a1c0-3a5fcb5f1b1b,Alert
c3384341-3843-4c0a-a6e1-8ef053406551,Alert
2386f582-3c3a-45ab-81dd-a38dcdfa73a7,Alert
9a471b3b-5d93-4e86-87a6-e9fc8c2f8833,Alert
94044d42-8bd8-415f-9cc5-f34f8d63cce1,Cancel
7ee6ddad-63c1-4429-b472-6f0343f28f02,Alert
2c0ce40d-ba3a-4624-92a9-010ce423399c,Alert
bf45a86b-d9db-4c19-9287-853213261ad9,Cancel
714b27b5-e780-4d9f-a29a-18a6e5b8ece2,Alert
cdd7d869-3ec1-4ffe-85ed-05250efb24ed,Alert
ebe09860-08e6-4299-8664-bc1536082635,Cancel
dd1f3d12-6fc6-402f-8545-ebce4f1053ec,Alert
8153a199-c916-4fff-949f-8408e4773850,Alert
933ec128-d842-46d7-b5a3-8f4b3318ed68,Alert
e6f30838-999b-4b18-92d7-08df0fb69dbb,Update
7ad4f2a8-933f-4e40-9e8a-34ddd0b523ef,Cancel
c213ec42-8800-4749-88bc-51e512d5b88c,Cancel
637a4338-bfc6-46fc-bdb5-fdd06258e871,Alert
e1029bcb-a7e0-414f-b298-3c4a8520c4d5,Alert
48860f3c-cb87-4f13-9073-1c1b8c29c51e,Alert
cc8b07c3-6719-47d1-89d5-56cba4cdab9a,Alert
41d1853e-1155-4f0b-9c20-c7421b1ed580,Cancel
5033b67c-dbbe-43ea-8373-cce85a75cc8a,Alert
c0d325b8-c304-49f3-996f-a35ad002ae28,Alert
f4bfa79f-0155-4683-88eb-f6c5915a8d50,Alert
c77a69ff-6b9e-40b2-9b86-ef341fbcf153,Alert
764f0253-75c9-4da9-b9d6-446160a85002,Alert
c6c5a259-ddbf-46c2-80b3-a37bb2058287,Cancel
e854b5aa-69c8-4c1f-8362-1be7c29ee9cf,Alert
8f2cb697-540d-46e8-a913-fa9999ba3a66,Alert
d605bdff-3f73-4984-9d58-df38c6d544c8,Cancel
92d0e53b-f52e-41d6-ac37-10bf26c246b4,Alert
e8dfa229-4194-4325-ad03-637dacff29e2,Cancel
496b7e47-6963-456c-9148-644a6846987d,Alert
79dfa101-65d9-4e7f-afe0-68c45baf29f1,Alert
acd78b86-8a16-4432-b742-c72ae12ae9da,Alert
5a3b0357-0763-446e-86f0-fea08d171fb4,Alert
bb968eac-2214-47a6-b3da-93e196b68e9b,Alert
1a366380-f637-4e05-8686-728cb0c118b9,Update
f09bdf06-0374-402d-ab3b-0423cd3b99af,Alert
e93f94dd-a799-46d8-b26d-3a47affaeddc,Cancel
f9d4c1df-78e6-46a1-81a8-3e228624b0b8,Cancel
92f23c3a-32d0-4e80-83a1-2e3051f49b1f,Alert
1360a6f5-a81d-4c45-a586-58143a38eb6c,Alert
f7296000-a1db-4aa9-b9b7-0054caccf38f,Cancel
e5ed8cc6-f3ef-414c-839e-d6df9cfe5272,Cancel
c94b1b51-edbc-49f2-8663-e2fdd43e173d,Alert
cec8387f-9029-47cc-94de-711a68dd4a77,Alert
d8955f53-f4b5-4baf-aefa-3fe52f9882f7,Cancel
65ffc942-7422-4cbf-be6c-757fd93d9cff,Cancel
181419ea-366d-400f-87a8-5184044982b6,Cancel
25e19e70-7d41-491c-b476-7284de572d1e,Cancel
96256acd-4d41-4f4d-8ae1-8f8e95dd2604,Alert
7a211fed-b015-47f9-8b58-128e4ab5950f,Alert
c3f883ed-251d-4ee2-b3a8-703c44d5ac6a,Alert
86e0cd79-7c3e-4e81-8d18-114a1c6319e3,Cancel
99e74d74-41c0-4fb5-b64b-0679532f98d7,Alert
3aef80e3-4860-4d5e-a572-0c25079ebc69,Alert
504d31dc-50e8-4a05-b1c9-af7c97136782,Alert
2ebd97d7-9010-4bec-9f0a-c0f8480db48f,Cancel
ec2b5248-6895-4c77-9bc7-f018e472822a,Alert
0f5d45a3-ecc7-4623-b9a4-422392a75c4b,Alert
f5e7d772-9f61-4809-a9f4-7fa9f690b47d,Alert
868002b7-cb62-43aa-9e4e-96081ff7743f,Alert
7a29f7b3-e79e-4ebb-a93f-43c0f3464f03,Alert
2e3e6084-d83d-4052-8ef1-0cefc89306c2,Alert
c6317b84-45b3-4f69-8438-4288c99268a5,Cancel
3109d831-c9d2-4ee7-b7a0-84e3f8cbfd2a,Alert
3dba11f5-43ae-48e3-b1cb-aa0e873668ac,Alert
1cf236ee-67ea-4331-8b97-3679cfacf811,Alert
ad975df1-ec7f-4655-822b-ed0a41083dda,Alert
3c58b7fb-1386-4fd3-991b-d8875a2adcd0,Alert
941ca473-5de0-4231-94b7-fa3fabdfff31,Alert
a457a987-f17c-4eb6-aad2-babdf3f57883,Alert
df5f2e98-3710-4181-9c97-a4ca530d190e,Alert
3a318fe5-62e8-4ced-ad3a-dc48b2336410,Alert
b4573b79-4725-4f80-8cd3-2e8bccbad598,Alert
d4c2d620-3114-497d-85ec-2ded6cd25d7d,Alert
aa031af0-7d0c-4f34-ac43-95eb50ec1e5a,Cancel
9232d0af-57e5-4822-8f05-d4cc9607629a,Alert
4c42cad2-cde3-46e2-a973-907048da58e4,Cancel
6237f050-77ca-4dd8-9211-b47000ade537,Alert
f5dc771a-c3ed-43c4-bad3-7ff49738576b,Alert
9c965723-bc3e-4631-b655-467dfeb2f086,Alert
eba930eb-7497-4d70-948f-ba91ac37e066,Alert
cd653157-6281-44e8-95c7-f5f9c00178c7,Alert
135db6c8-745a-4f33-8f16-67f226a73906,Alert
72747675-afbd-4cbd-b20b-5fe84344decb,Alert
f2b136b3-11b6-4e30-ac45-109d2f7b6aaa,Alert
a33e27ba-e63f-409a-8d5a-336218bf57f6,Alert
5b93882e-44ca-45d3-9b48-5c03427ecc07,Cancel
b834d9d4-15c2-4e7c-8ec3-dfce2df1f292,Alert
ce4ff5dd-b8bb-49a2-93fb-8529e7af0a97,Alert
93094870-fdb6-451b-a552-4f45a6ca3380,Cancel
1bb980f0-7998-4c81-b64e-a0b7a94b6b09,Alert
68983ae0-85a4-41bd-a53a-c0522783cfc7,Cancel
2270986a-b7d7-4887-b368-8d5b4232abaa,Alert
6c39e2a4-70f2-4936-8cc7-d20c4957de50,Alert
c32ed8d6-65b0-4a85-ae61-7236c6653ec9,Alert
879a082e-27eb-4ec7-aad3-214ef26d96e9,Alert
8f3cbb36-18ff-4a9d-8dbf-973dd9354ea0,Alert
74fc144a-07a0-414a-a8aa-187f31761c33,Alert
3904576a-5367-4577-8fcc-5679dd72605a,Alert
ec73ed6e-0e70-4413-bc54-087868675c38,Alert
892e4d7f-d7de-4529-b025-44b90817659c,Alert
5e54cc77-4e2d-41d2-9d95-d261fa023a67,Alert
b878e835-f4b4-4dff-b637-a3f791a0007b,Alert
b5cceeca-79c6-4238-a62b-6b91f9d366da,Alert
fa794e94-6465-41ba-a00a-4a9d79353d96,Alert
acd30953-c6fe-4f21-bffa-9cb9e5b12e23,Alert
cf1aa636-be6d-44b8-b3f2-35f55c3d071d,Cancel
0a681dcb-0b7a-4675-89a5-1dba1a605703,Alert
2277f250-1509-4f47-be96-ed348181f698,Alert
f583ae88-2828-48fc-bd94-dcc0bafba381,Update
d5bf07a8-0459-4013-88e3-ffe038f60b67,Alert
d9772faa-5f53-4b44-ac73-e062052b51b3,Alert
c09e90d2-3497-454c-baa5-4c0c338092b7,Cancel
f1716aef-c605-4d14-898d-904dd1e7f0da,Alert
8e6ee3a8-af64-4871-9508-beaf72097001,Cancel
b5d018f4-b082-4fe7-a7d8-14b29da96ba2,Alert
c542eb74-4320-49fb-8c03-004bbd350935,Cancel
314d71cc-2d45-470d-a583-5b33df2cc46d,Cancel
1f6d37a6-dad0-4ebc-9610-5b4a938e7315,Alert
324b023b-4f57-49bf-93d7-16844275f1e0,Cancel
5a7f755c-12f7-48a4-9583-ef080f4fdcfe,Alert
79b3299d-1c75-44cb-85f7-073ad697f6ff,Alert
532b9256-035b-468e-b6ae-b74f49da29a4,Alert
2c2cac25-3152-47f4-9e64-5f994914839b,Alert
d1fb37d2-d0a3-4ea6-a92e-2a982f462c0e,Cancel
cf4cf018-07af-4d3e-9ab7-bf284d8a619f,Alert
763fcda6-2a88-4ddf-b560-906f064344ac,Alert
b7565e77-6205-42c8-b536-87e3481cb3f8,Alert
2f55846b-05a9-4bda-b5f3-caeb090a3edf,Alert
fe9fa0a1-4d93-407a-ac9a-958a075e17eb,Alert
d3b24bc3-42fe-4a46-be05-8ed816b33c35,Alert
b08c74a4-dd6b-40f5-8c8f-777490fb795f,Alert
d187ffad-8ad0-43ec-be02-2e62fc3a49f7,Cancel
5a665918-5de1-48c9-a306-78d722b58d5e,Alert
35df2dff-b945-47bc-9a90-78d42fd44e41,Alert
49bc30ec-7379-479f-9700-dd7ea643e9b6,Cancel
f5be3a9f-f8d6-4006-9700-a8f37197dc96,Alert
93a5bf9b-1265-4998-8381-72afa1cc3fe2,Update
8cc9c446-8657-4d1f-9037-61e79f3a19ee,Cancel
e6750229-330a-44bf-844a-1996582789d5,Cancel
7a042312-88f3-4e2b-a0ac-20820993e7c6,Alert
43a55e27-58bb-46ca-ac90-9a83a8e0b98b,Alert
a02eec2b-abfd-4084-9360-9259d497a1e6,Alert
cc2cabb6-cee7-494d-b444-1c6cad2c8b02,Cancel
96c736fb-3f0a-4ed2-b8ca-363d6c306c3e,Alert
7b485a22-ba28-4047-9f57-19f5c46251e0,Cancel
b0519b3e-41eb-4e73-9fa7-e4e190a314b6,Alert
5735ee7a-5bc7-458c-9979-a258dd019c05,Alert
e0b1e7b3-668b-4ff1-8047-a7d6dca1ccd8,Alert
76f9bb47-2004-478d-9f4e-ba8cff5a80a0,Cancel
1439d46e-7445-495c-8d73-07bb2c24a9a8,Alert
c3efef0e-0624-4d2f-b604-84aa3dafe2f3,Alert
b2b55649-dac2-4c59-8389-40c279b22b0c,Cancel
d4e25395-2057-4cd4-b049-bbc9a9eadef7,Alert
cd3bfa45-067e-4cb3-a622-6779c7bc135d,Cancel
2ee3da79-5f1d-4be4-88bb-989069cda5d4,Alert
e60d87b1-7563-49ad-9618-9c07646bdf49,Alert
a4286787-b11e-4384-9715-1500be644988,Cancel
6ea84f3c-415a-47dc-8b20-7cd7cf41d4da,Cancel
fb5e9698-6fc7-4346-b8a3-cd6a9e66c372,Alert
bdeb70be-216b-4576-a882-32c8c3d09d7e,Alert
31d23a85-ea24-4472-98fc-1f7f8aa3c0ec,Update
3d3946dc-8744-4485-9fc7-db877cb65393,Alert
ec0a292e-42c9-495f-aa2b-cb02471df133,Cancel
7a9d22fa-ebd6-47d6-8072-b8252e3eb2cd,Alert
41832a10-1e24-4f85-b6d3-4319325da909,Alert
91859bb7-ee6f-47b8-9dc9-63ee674887f0,Cancel
9a788967-e9df-4238-9909-0d5a70eda182,Alert
e9ff80d3-018d-43bb-9a29-f124cbc11d96,Alert
df5d42c0-c202-43fd-b5ae-be4e7a8435be,Alert
64e523bc-1a51-4549-8b5b-40880857c3c0,Alert
df1b6710-44db-4557-a079-e11265099e18,Alert
f55e2fde-93b3-4be7-b33a-383c56359a6d,Cancel
f041935f-e309-427f-92fe-7a06f4996e92,Alert
8ffa9df8-a438-4f63-a7fa-b410d61a46c3,Cancel
049e45e9-9ed2-4304-8d89-c6ab93a00b9d,Alert
7b62d80b-a054-484d-a618-97ed9dc0c404,Cancel
f7e1ac75-0629-4ac6-a204-ad1479daeddf,Alert
e2577aaa-6d3b-4c5d-a864-6a49ec114c8d,Alert
937aa2b0-12de-4f23-9dd5-6f0c1eed280e,Alert
6e348768-0fc5-4600-8600-1d8626e52259,Cancel
59843ef6-1746-49cd-b6b5-f5fddf627be9,Alert
5a5cf810-064f-4712-8d51-a74c39484dd2,Alert
53466eec-0e0a-4359-b4b7-2f5db24b721b,Alert
09d726dd-e754-4b75-b9ba-6e1ae98e3e9e,Cancel
24565513-4fdf-47c0-a71d-13ab9228f91c,Alert
e9070536-4d64-4315-9587-87f16a5b1c9d,Alert
c75bf9f6-dc40-43b0-a05a-2b9d317e6fa1,Cancel
c08b1373-892c-48cf-9a19-b0256441b461,Alert
7c80c742-4751-4b2b-87ee-82a3c7fc63e2,Alert
d31b8de4-3a5f-4b66-80dc-a48902b2caef,Alert
a958266e-a1e6-4395-a7e8-6ba194c5a98d,Cancel
9327a5ca-93fc-46bd-be6b-73b7459a7eea,Cancel
daeff2f3-8a8b-415b-8e67-e1c8ee801400,Alert
f01511b2-4a70-4928-87bf-73a7b12fd805,Cancel
8e860c5a-8102-420d-a927-8f9e9449d687,Alert
2c747db1-be52-4417-93b4-de577cbd4362,Alert
4639ee50-25a0-46c4-9bab-af01dc091474,Alert
d9f7bb30-5e74-42b1-af89-de9b7885e4cb,Alert
a078bc1b-92dd-4ac5-af75-0e5d242d8879,Alert
9a09ec12-a935-40be-993e-7e61712492de,Alert
5f126ab8-573b-44fb-8084-dd4c5a0244e4,Alert
ceaf721e-cc6a-463d-b2cc-f32a213f5528,Alert
034e4f42-f93b-4c66-a43d-322e3057672c,Alert
61cd30d3-a12f-4766-9ecb-99477d4098ec,Alert
24c7d2cd-16e2-4694-84c0-617581fda30d,Alert
75976d49-3ed0-4d31-bbd7-30ebb3c2dd42,Alert
db5fc360-66dd-4df8-95c6-31c7e9795f84,Cancel
dc77ca29-2aac-4455-9467-bcdb1cbb4bef,Alert
637f6b2e-2bb1-4748-922a-491fbe2b0a65,Cancel
e1d1ab63-a105-467c-816c-462d17462fd9,Alert
e99021bc-718a-4e07-82a8-e0bd746f730b,Cancel
0ae9daab-4e43-4f4e-af86-ac511f7ab34d,Alert
f8ff4d28-5f82-4dd0-8548-742321da099c,Alert
91253231-b8b7-4bbc-9a4d-a626b54bf037,Alert
0147d2e4-49cd-4ecc-88eb-ecb57dd79f5d,Alert
add0aca4-9397-4326-93f5-d2ec23e9adff,Alert
cd715e7d-c055-46dd-a0c6-e1c18c8cb43f,Cancel
b2b1053f-6840-4286-8fe1-8f488c53bde2,Alert
4129b3d8-732c-4352-8a8f-21d23de1affc,Update
1b795d97-a457-4db1-9a78-9b15448061dd,Alert
b499ed27-c16c-4df9-a7c0-6a2466b792f2,Cancel
8af9db56-98e9-49be-97d2-af58af84356d,Alert
f24a46c2-501d-4c2d-bdf0-db99c5b8d988,Alert
6860e495-ee00-470d-a94b-7638d9b8f6f7,Cancel
f43ca41d-2ce4-4ff9-9bd7-2fb006885f35,Cancel
57302eba-a489-4fb3-9ca6-f5b9ab690762,Alert
60a57621-25d3-4ef3-b662-4d447fd30661,Alert
07995817-2041-4c34-9529-a24d4a496ba0,Cancel
5ce96029-c9c1-4ef6-88c2-843679a244e9,Alert
f2991ca9-584e-4b59-a1b8-20fe09fd0bbd,Alert
c1d89abe-5e2f-402f-a2e7-a536a98471c9,Update
14fd6e9d-a289-4d8c-96dd-25777ea86675,Alert
8d03e25e-3903-4ea0-a72f-168fb4ba3d38,Alert
7a786db1-d1fb-49f8-b020-53c973f9f97d,Cancel
dd104241-518d-45cd-8105-7df1e89b8907,Cancel
a482db4a-1891-4100-b8e8-b977623e18e9,Cancel
61eeea18-8387-4575-9d8f-d5f3547eff32,Alert
d6778495-fa87-4845-8ac1-ca15f6aa3db9,Cancel
90e379e0-6c7f-4176-8606-78d4822b4712,Alert
e8a5f4fe-f8f7-463e-b241-5e4e4dbf60c6,Alert
06887b4c-ba7e-4209-a4a6-c2a3854739cc,Alert
38ff9c1a-924c-4846-bdfd-82163c507e87,Alert
9a773d20-28a6-4012-8069-229f7b70b9d4,Alert
c58bd3b6-ea06-412d-bd4b-dbb2999bc456,Alert
ec57b9a0-a059-457b-97e4-0d11533ef30d,Cancel
5c68b4ee-e27d-4567-b610-5ca104216dcb,Cancel
858fe1a0-58b3-435b-ac0a-a60f1edbacf6,Cancel
8097e425-faa2-406c-baee-053215668ea9,Alert
ddc4cfe3-0a95-46ea-b882-0fd274520cc5,Alert
7fde0795-661c-4de3-907a-fa7af8baa124,Alert
208cf3d6-eae3-4b8a-9f6f-6721fcd51f09,Cancel
3d4f8817-07d3-4fc3-a7ac-fb27c6d434a1,Alert
d8dee397-ea32-449c-9dad-0076e1fcf234,Alert
4f57f9bd-2181-409f-9854-f2f87dd21da1,Alert
71cbe808-603f-40ef-ba07-e21bffe791c4,Update
62fd6d8f-26fb-4379-8fbe-774bfc06732c,Update
5b8398ba-7443-4ab5-b034-91c1c4efc113,Alert
2a9c8f39-e6e2-4586-9e7a-d833397c7674,Alert
48713c7d-74a1-4921-b6b0-2423e233fd09,Cancel
628c09f4-96b8-4fc9-9dfc-a4b5dea065b5,Alert
52d27f0c-a6fc-4340-94c7-d2eea0d78911,Alert
61557c44-ef9f-444c-8f8b-e225a1787ac9,Cancel
79c8c094-227c-448f-ae6c-e8bd3560c352,Alert
a53b229e-ebbe-4624-94be-8e755cbef1d6,Alert
3634f0f5-30b6-4e85-9d46-66f95eff8553,Alert
c27a9737-d984-4345-9c88-40669ec8ab3e,Alert
13df6a2f-486f-4c54-b066-19e005c119cc,Cancel
7d225e0a-cc96-435a-9a03-ec32d45b7651,Cancel
d3e54e49-d0ce-46b9-afb7-e941e88b877a,Alert
c690e5a9-bc18-4ab5-a2e8-9d20501be3c6,Alert
f4674d3f-ef8d-4bfe-ac5a-a541a9d86b67,Alert
a1b4b0f6-9d32-4f6c-970b-2c11811829f8,Alert
5064038f-a1e1-4589-8ecb-bd446a69b9c3,Alert
f595b4d6-0986-4bed-8038-e3441286e769,Alert
882f735e-f325-4a23-899e-6cec3d07a2d6,Cancel
c595b3ba-6817-4cd9-af70-bb992745e92b,Alert
cef05c7c-eeec-4657-a8be-87580a1d6249,Alert
c3ff7757-e0c3-4150-ae34-6c1f2d0f7afb,Cancel
87cada67-b592-43d7-8390-b31084c9962d,Cancel
fd1e72f6-9587-4096-b722-48a0b3984631,Alert
5774f420-3d94-4090-acdb-4fbcd0f63986,Alert
0899190e-d289-464c-b776-45e49ce3874a,Alert
d8ed30f7-ae14-4599-a065-080a5b7a5a66,Alert
f0652a6c-d2fc-4950-9b07-e6fe3d328d3d,Cancel
f14fd936-a0f6-4141-9862-c0c50e1f4cd5,Alert
bdc4bbd1-ab9a-474c-9ffa-08d05b5fae3a,Alert
b740c446-edc2-4566-b079-9acd3fcbca81,Cancel
c6bc609d-0674-4268-8b5f-1fb2eabd2655,Alert
0424a9bf-5ec2-4b10-9f05-88b5b314ff42,Alert
b72ad081-bf4b-476e-82b6-065c34bbc46e,Alert
029957db-2cfd-4784-b428-69a4e56c8f08,Alert
4b95f68c-03ef-4e18-beea-73d0144a1f14,Cancel
3675b20b-2737-46c7-a91f-da93edd25ec6,Cancel
098f1f00-6748-4fa9-8501-cf3157fbf165,Alert
fb273d50-e62a-4e2c-b526-68c6d9d6bdf6,Alert
9c163429-5658-473a-ad8f-0695e014b44a,Alert
d2300100-866d-49e9-8e2c-ddabb07dc304,Cancel
5b8cd11a-2715-4cd2-a7a0-a92562e0e20b,Alert
0e3d1fef-a367-445c-a482-df21733033ec,Alert
23d180b6-7fd4-4099-9ed0-efb265a1f88e,Cancel
bcf6c8cc-4ed9-4ce2-b830-42199a5fe8a9,Alert
bf90a941-f4c1-4d3e-882f-35d46fe51174,Alert
8e744f7f-f988-4fb5-9e01-095dbc032a0b,Cancel
d344fea5-9656-4f8f-b7c3-e8ce3874ffb0,Alert
277cc1b7-bb11-465e-9b52-be1fe10d2f5f,Cancel
27a532b6-6d9b-4b2f-ade4-f733272b82a0,Alert
1080de39-e9a8-4426-9f81-13641932b93b,Alert
30b2910e-5f20-4300-bf54-14a7ccaf87b6,Cancel
f6631d63-334d-4f13-a3df-05a230694a40,Alert
7b95e0f7-429f-4542-967b-166fc4335645,Cancel
71235b32-bd2b-4777-8414-8af06bc38c52,Alert
27877ad1-fdec-4f3d-8998-c62dc3d2568f,Cancel
8ae8a015-d26a-4e8c-9d04-4ecf785731ff,Alert
aff9aef0-0d2d-4876-ae52-4c6eb84d1441,Alert
e06f2d21-2c42-4c78-9a10-813a8691908f,Alert
e1c26a9f-cbe6-4467-8087-a8f847248332,Alert
f3c36bff-c403-4d0e-b693-7aad2da1399a,Update
62a71a21-3219-4012-ac1c-926932c8d2a3,Cancel
5b0da4e0-2d11-47da-ae3d-f712ae466d50,Cancel
09163b63-34e6-4263-8220-59d54558e941,Alert
d08064f5-ac6c-4c91-b17a-44386d4c99c8,Alert
e3f9ba63-6d4d-42e1-ab04-8a85563df57a,Cancel
1c1f35e7-4a77-4f22-b8ee-03d34688861b,Alert
6b01a836-527d-4cfc-82e8-fc6da995d315,Alert
63f8bd99-3079-494f-aa60-3e856fee0271,Cancel
ed9e5e93-5dfb-4712-bc4b-5e642ccccac5,Alert
5981cf10-3770-478a-826d-424ee8b1cf43,Update
8d2d4065-f4fa-4673-95fc-ab0108ddcc87,Cancel
014972e8-ee2a-4c6a-b1bf-3984e7d4ab77,Alert
643cd594-65da-4952-b342-349be90c48db,Cancel
b7b2273e-04b5-45e5-a9b8-e09d3e2e3030,Alert
9139d29c-ad1e-4b91-a6e7-43c54c9cc651,Alert
6cfa7133-01dc-4da2-82de-8290835df6cb,Alert
5494dd3e-c256-4eee-97c5-ac4b3c2e84f9,Alert
fdb558b1-db6d-4113-9353-cef3c04cad36,Alert
7a650bf7-2c19-44e3-ace7-b084da1e2a52,Cancel
2e381d13-f8d8-421b-be21-e5ec3d1346f9,Alert
d617bf62-c10c-4330-83fd-0277c6575f3e,Update
9a7281f3-1057-4ebd-9dab-04228a5926ae,Alert
39b5cc43-3454-4978-951d-58e49e160bc8,Cancel
939bc85a-f31c-4ec1-8afb-45e2bc018e2b,Alert
cfb49e57-77ac-451d-bc3b-62aa0b64d3fe,Cancel
c05c7904-4536-4b0c-976c-236bb0a1995e,Alert
3f67b106-ac37-45a3-9c42-dfba7e978c83,Alert
e6cb0a4f-a27b-46e2-8c1c-51b975072dac,Alert
72e3b7dd-a5ea-43ae-8d3d-4b531ab46937,Cancel
6e5e44d7-67ad-4f67-b78f-b158e2245db1,Cancel
d64b4355-b46d-4eae-8be4-b69e89e4ce5c,Alert
9f53acf1-5390-47d5-a7db-b2411f10d207,Alert
0f88757a-fce2-489f-9f7c-7e3fb8fce067,Cancel
f936db94-754b-40c7-ad0c-2ca971d013c7,Alert
935a8c2d-e77c-4e8b-94da-120d22e21c7a,Alert
9bb80c00-b0f8-4b6a-bd14-bafa983a1ddd,Alert
092b9aab-b148-40aa-9ef5-2059700da586,Cancel
c25c705c-1172-4500-a028-66b68f6e2ce2,Update
3991c2fc-a708-4ea6-8e01-b143b287f524,Alert
a7b03c3b-f59c-48a6-b146-090c05c901e1,Cancel
82ca5d51-962d-4a3e-920c-5d9ac4c8000e,Alert
96d9a811-8840-4d01-b853-bc0539320d10,Alert
317b23c0-d10e-4dbd-9574-2c387d7c5776,Alert
e2e0d6e6-f973-4ac9-94e8-4fe4b9e6e707,Alert
7deea707-a462-45eb-8780-130d897cc59d,Cancel
915f3795-fc33-4f45-ba5c-bf5c78a6dee5,Alert
6beae7c5-86d4-440a-86dd-d41934af96e9,Alert
b028b57a-04b7-47ee-8b42-1d3f5ea561d6,Cancel
70fbbd37-9c24-4b9d-99bb-a63696b0b8ae,Alert
06a33873-ad7d-40bc-9d64-53586d118f2b,Alert
2c4b9564-2b73-4108-84c2-654f537df9db,Cancel
f3c89d29-9d11-4be3-bb35-d33839e53564,Cancel
35b35996-a14b-4fe9-a1bf-1d557dbd0cff,Alert
58d43e8f-8748-4d3c-84e7-817d581ea7be,Alert
1ee085d1-4c09-4096-8128-a83583b14fb6,Alert
1ab1f0d7-288b-4408-a5b9-1afa169c9829,Alert
d670c3b6-bb52-4d28-b911-a5a31a968684,Alert
63bd53f9-3899-48a0-be79-e7dfa2eb07a3,Alert
58044c15-904c-4b69-abc1-cdcd01ba9f58,Alert
9d6ce841-8d2d-4f18-86d9-759d01a07b89,Alert
ac128704-f2d4-44b9-9daa-40f198f6da0d,Alert
1e6f29e2-8d82-45d7-9112-886a7a845539,Alert
a90c63f4-1dbf-4c49-a00b-c31ca7a4a8f9,Alert
231262ef-a201-4819-86f2-44c2a5e94fe8,Alert
b8fae4ec-9628-4698-bd76-df6256e0b89c,Cancel
8028f16d-d9dd-4b03-8f60-6c2be02762db,Cancel
acd941ed-b581-4a5f-b11b-20ab3cc0445b,Alert
7997dc23-9bd1-4d66-ad36-4246bbaece5c,Cancel
1c9d917f-e7e9-46c0-86cc-5940cf17167a,Alert
28309da5-60ff-4805-8c49-843eb9c993a7,Cancel
698900ea-e444-4cb5-8acb-6839c4c5e695,Cancel
0f22c2c7-8b93-4136-a400-9beb6d844f0f,Alert
eb499c3a-b52f-4705-bee6-2827ac26cb78,Cancel
6f23355d-9264-42b6-9b88-ca4ad10b6da5,Cancel
54214bb0-bd15-49ff-9093-979a9e99c693,Alert
4c6220b2-1866-4ecb-b010-ebdc4d23f3c7,Cancel
633d9f51-caac-48e4-bac3-6d711d674d14,Alert
29ec9efb-fa6e-4c62-9001-06bea37211e4,Alert
513f97b1-da15-4b38-9d0c-852bc592282e,Alert
be872d47-30d1-47b5-ae7e-956cd9ee18e6,Cancel
e6088b08-8582-494b-962a-88345dab5e9e,Alert
ccb34a53-488f-4e36-9347-b77891cb61a5,Cancel
34b20f35-1191-44df-a513-6a5a015b1e3f,Alert
b1a15e75-b9e9-4b86-86cc-467a9fc6f6ff,Cancel
13b50383-cb87-41f3-b1ca-98467b9f9512,Alert
b2701bd2-0db1-4ea9-86c4-f051afeb9153,Alert
1ccb3391-2ec8-40b0-bcd5-6e82404a0b4a,Alert
d3964235-9dfe-4c9c-964d-e37bea73d36c,Alert
291bf25a-a1c2-4e2b-b631-8a4febfdac56,Alert
d3963e94-ef15-4044-a110-4772956f0e4f,Alert
7d4c0474-67c3-44b0-b96e-557110e72412,Alert
c4d5328b-31ae-43d2-90e7-42ac1feb8f7c,Alert
7f1e5e60-5a0d-46f3-82eb-ba7a4cf6741b,Cancel
971c8692-3080-4032-aa8b-5c5a9960ca40,Cancel
884b79b4-6413-4a56-99cb-1c81c176b6c2,Cancel
bccd27da-b37c-4840-b0da-8a082a9d1fde,Cancel
9ef76f9e-f018-4672-8380-f859439a2a1a,Alert
95e3751a-8b17-473f-9920-e7cb6c52c286,Alert
b0ad7476-7954-41cd-b944-fd17e5f87ad8,Alert
68c2df7a-4fa8-42d8-8c7b-0d8c48ea8a2d,Alert
e3540403-769a-46ef-bf0d-86f5f53cee83,Alert
5d411006-2fd4-49cc-98c5-c27d5eb1f1c5,Alert
6c6146cb-6889-4348-99a9-794e2eb291bd,Alert
53e0696b-9749-4610-a074-a43d17b26196,Alert
23ee915c-4784-4292-a484-f8c91235c313,Alert
9cde0fda-07c4-40c7-806c-fa09f408a654,Cancel
5cd3261b-faad-464d-98a9-f1c267aae13b,Alert
9a353130-77d3-4d6a-8104-35596647a327,Alert
c6c4fe94-830e-491e-82ca-3f7724ca8e32,Cancel
69cb134e-1a66-45a1-a9c4-4d008f4ac4df,Alert
235a8cc8-b442-4ee7-af8d-61ce21fad697,Alert
dfd84d14-3b47-4a0c-826c-099568675a09,Alert
e97383d1-d0ea-462b-98d4-2fa5150e6a3f,Update
cf91c920-43d4-4a19-b3b8-50376c5990ea,Cancel
6935bc67-cb06-4883-81fc-8a8beccd3703,Alert
52f3e6cc-d939-463a-aa9e-a14c826a9c5c,Alert
41700892-1b98-41c6-8d83-c8edc5d867b7,Alert
1f96b3c8-0e7b-4de2-afab-c55bd6b2be51,Cancel
0c3a3883-b85e-4b42-92c9-0ed600282401,Alert
87523456-4a50-4643-b194-f0f0f140bdac,Alert
34f35d5c-a0d6-492b-9eb0-ddf7b1e8e88a,Cancel
f5d02af1-ef79-44b4-b8fe-57a87995cffc,Alert
1f4eebbe-81bf-4948-b60e-a53d66caf460,Alert
59ef57d4-d147-445e-b629-ece3dfbfa02b,Cancel
b93d74e7-a190-46f3-939a-3e4f8f2d268a,Alert
ab279416-b834-4129-b9c9-e1dea4ef4f59,Cancel
8dea6cd8-f19e-43f8-8692-c848d8c4b17f,Alert
c27dc22d-4878-493d-9cd1-1e6dd075cf17,Alert
503009d8-5011-465d-80ab-214f06fd99f1,Alert
8589d4bf-e0f8-4cc2-94b9-5ea09eb221a7,Cancel
ca1430d3-6681-4846-9e39-e71b5c78d6c6,Alert
2c106b56-a7c8-402c-bdb7-fdc8c01bb213,Cancel
d656cac0-757d-47fd-a13c-cfa656ef1bad,Alert
b3cf2fda-fdfe-48a2-90e0-921325bce2d6,Alert
41c26f49-0fe2-4659-a27f-e3ec1c45ceed,Alert
4fe0f434-d639-4513-9e31-bc51f902e764,Alert
3d011483-e0ab-4265-abc0-bd254139c931,Alert
2f906245-321b-46f3-85d4-29b324e4aa19,Cancel
0230c61f-2be9-404c-a54a-bca0c4fa9e5c,Alert
80216d93-f133-4d12-8642-96d7557f2d7d,Alert
0c8dedb6-b47b-4dbe-8940-994811859a65,Cancel
3c1d9440-f5d2-4614-ad50-a8987c39cfe7,Alert
ff8f8ca5-8eea-46fb-b70e-955c45dce13b,Cancel
854b24e2-15bf-4f3e-8a91-9e89b9e53ad6,Alert
1c144463-71ad-49cf-b20e-56e31466bda2,Alert
00ca4d5e-85ab-4e7f-83bf-1c2eaab7fdb3,Cancel
72bc7e70-8b11-4a0a-aeac-1c9776a1a8d9,Alert
82244617-55b4-4fdd-a4da-3f115f34b7a6,Alert
d0d137fa-dd1d-4ca9-ae64-c497af540ed0,Alert
1f503d05-8dce-42ff-b8d5-d4d1eac041cf,Alert
fc7598ac-29e6-45ad-b0e6-11e71d0070c7,Cancel
7f5496e2-0dd9-4217-bb1f-390bf8a15355,Alert
6d298c99-25ae-4f0b-aba3-b22abe32ebc1,Alert
74a0104c-8ee6-48c7-a8f6-53b0a7ab7840,Alert
8b291faa-56d7-4026-8e39-5a0daaf979cc,Alert
e5b2ce3f-34d6-430d-b4b4-e776d469a8fc,Alert
5784e254-4c60-4a54-a097-593aaeeb9591,Cancel
04097b3d-046b-48d6-8f60-e79029d9bf04,Cancel
ea0d86c2-fa8f-4e5d-add7-ae0e59fe7377,Alert
1f67ff1d-6f58-4605-bcc3-abebeda12be1,Alert
cf00d8e6-82b2-4ad7-b0fd-fee1f0574cee,Cancel
a97fd086-57a8-4568-a134-55568dd98589,Alert
33e15830-9a65-448e-894e-9e5111cb537a,Alert
8db5d0a8-2e3a-41b0-b897-7c7be9f9b45a,Cancel
15fadb53-1078-4a08-ad8c-39befa130666,Alert
8e0bf7f8-3c9e-4b65-aca1-bfe6f8d5cc8b,Alert
4aacdb7e-fd55-4016-b5e0-60738f98ce70,Alert
ef75d496-5c4b-4e2f-a169-b225dd269de6,Cancel
1a06821b-dfc6-4d1c-ad44-0544fdb7b69a,Alert
52f2dd52-472f-4fc7-a917-a9c49e223dad,Alert
83df23f2-b69e-41d5-8ba5-3e9570cdedd0,Alert
8c3260dd-3022-48ac-9704-133dbe9cbee9,Alert
d5b1088d-2501-48a0-9b01-b6d5fe462e7d,Update
eaca7261-9744-4521-9490-11bb86a58be6,Alert
9648a98d-d630-4a9c-904b-bf667b965d0c,Cancel
fa4cb0e3-cbb3-4dcc-80ce-4a864fee9ec9,Alert
ebb3a2cc-4e2d-445d-bbef-e3146cb257cb,Cancel
174fbd3d-1c99-4381-bb2f-38e8cba47f0a,Alert
41108ec0-7257-4bb5-96ea-aed34ee81622,Alert
d3a2e063-e9c8-4899-b387-895bbf41f9b8,Alert
a3479b01-a9e3-4ae2-8040-80c5554d2006,Cancel
744c4347-d174-460b-aa66-c92c0e0fc315,Alert
44b163f4-abb0-45be-86f3-de3afe9a4d43,Alert
9c033214-35ce-4517-99e2-002a9e88a6a6,Cancel
95cfd5ca-2013-46b1-af30-b914d6b24e67,Cancel
adbae6db-b106-4471-965a-8e9cf44d60d6,Cancel
1448f81c-f87c-407b-969c-e12eae96e341,Alert
c3cd1c9e-98ce-45a7-afe5-c3989b95b7c4,Update
4aced187-3cd6-4005-90da-75349f97008a,Alert
ac1d13e8-a042-4af0-90cf-3ffa245ca17c,Cancel
788658a5-3d52-43e4-89ec-a36709ce4fb5,Alert
5536780c-0453-417c-8766-67835ac6ac15,Cancel
76de6bee-3c92-49ef-8627-d515622d2896,Cancel
f1d62de7-7d78-4f96-b4d1-7333a2623035,Alert
e868057c-5449-4651-a133-8862b9aa1fa0,Cancel
1f261f6b-ba3f-476a-8bde-d04fd03ed1fa,Alert
d7a1c982-cfe2-4e7b-ae44-28624dabae6b,Alert
1485db92-ec43-423d-b51d-75429f145e83,Cancel
2ddd3819-80f2-4b13-9e6d-36a9efb3eee2,Cancel
2cd6c2e5-2043-4660-b23d-d2140c3d0ba7,Alert
92c3a336-552d-4fab-b617-641b0b6f2f92,Alert
2079c780-c6bb-4a33-afc4-f7dfddb6ad96,Cancel
73ceaad9-171b-43a6-9f73-86d3f1239868,Alert
ef5e4077-0c52-4290-9ba7-0f057a93dd85,Alert
bfc0fb0b-1819-4883-bf95-96b5fac36ef9,Alert
8d92da5a-3372-4599-b554-eb2e4395076d,Cancel
02d2b03e-3017-42ef-8633-b1cc0829074c,Alert
492c0738-de00-46ed-a52a-70e0f6acbcaf,Alert
218448bc-4b82-4fc1-8257-31f73b40900f,Alert
7ae8f297-ba9d-4c0f-8ae3-dbda312f6a94,Cancel
3b8cdacc-1d08-4aea-b4e1-1de332e3bcbb,Alert
39b47a1a-742a-441a-8879-2703e125f012,Alert
18157bd5-2445-46c8-91a6-ea409b5429a8,Cancel
2259c60e-6367-4fba-90d4-670a74da0040,Alert
b336bb6b-ec2f-46b6-ae8d-179eee4ec76e,Alert
d2a58e7d-2b9e-4e90-9c11-32046d36853b,Alert
0f2f0cb0-74e2-4170-876c-29472b34e5f7,Cancel
33d8973e-60d0-4d98-9090-3811b26b71bf,Alert
12bf2a67-92ba-4baf-b663-da8b8260b1b7,Cancel
4e13657f-9b0d-41ea-b740-9f5667e3fc30,Alert
334327ee-dd0e-449e-83f8-25d2cd78c578,Alert
4b5b43ea-1c28-4f68-b5f6-7279c40c95ea,Alert
a8e5250f-9c8c-42f1-a401-5bc8b35d837d,Alert
61e5b9d1-180c-4cda-87b7-67258d846f8e,Cancel
021cf755-6553-404f-93b2-e94294214696,Alert
9918ef99-e170-4bd5-9fbc-84f91a9926ac,Cancel
bcca08d2-76a0-4288-8bc1-03d8e2eefcd9,Alert
53c24cb3-15ef-48c8-b8f4-513557086cf4,Cancel
7943e328-1ad6-4c0b-8397-6800f28ec6ee,Alert
9d2e5742-d504-478f-86b9-6656d61dc662,Alert
1d8ca580-bbb0-46f3-b8be-0d3c0a7c3036,Cancel
f16b6c32-aa95-4802-9276-33b00d955f4a,Alert
ade34ffe-30e8-4cca-806f-49f6e9bc3724,Alert
928f442f-a4f1-4ef8-b699-08157c27ce7d,Update
5ccf0bc3-7dcb-4323-b526-20e3cbfc3679,Alert
82eb2b76-6a71-4cf4-94de-c17581d33d58,Cancel
6b046a41-1504-4631-a5cc-81fe0f745ee9,Alert
075553ac-4451-4a00-95f5-7bf8e5b7bafe,Alert
8fd110dc-d282-48da-9618-3895d8d59869,Cancel
8b582713-33d5-43c6-be4c-42714bdb6300,Alert
96024a1e-b396-4365-94cf-b5ebcfccaf22,Cancel
cd12a64f-31ca-44d6-b7c4-bec5a9eb7162,Alert
f5cf23f5-b375-4779-8662-0e1e36998ee7,Alert
f2edbbd9-3fe4-4d7d-8972-6b0079722da3,Alert
868cda41-bf7c-419f-8ad2-90278a60d019,Alert
57e9d417-6c1d-4408-aeea-edb8a6a27056,Alert
8c34f531-f5af-4c58-8317-ab69b3d77fd4,Cancel
ef118d78-8096-452a-8f07-3c66e8b4645b,Cancel
d7e97936-5060-4b6b-a48b-52fb275c71c2,Alert
826fed49-1387-463d-bebe-ce01fdf49adf,Alert
53c4d1a8-62bb-4143-b9c1-eace9e9848bf,Update
0cb957f1-610f-403b-8b01-34a07da968ae,Alert
bbd9cecb-232b-426d-aa2e-1a44f471657a,Alert
8d95e297-a7f2-4f1b-90e0-d1dcc271ad82,Alert
d19f3a2c-5114-4e14-aa13-564c49c071e3,Alert
55a3d351-02f0-491a-8ae4-332c6f6e2222,Cancel
91e1da14-4984-429b-b152-68536ca19e54,Cancel
98d8efc4-b960-4283-a67b-a937f83e3894,Cancel
1dce551a-6a3d-4aaa-b526-4179036ff151,Alert
d4fdb972-78e6-404f-9ca2-c5fd4b1b72ae,Alert
de8e635f-16fa-49bc-b1bd-c83d45971386,Update
d1565fc0-0a9a-4b33-afe3-d9765458b190,Cancel
9b4d09a3-179b-4cf1-a483-2616f6a44c00,Alert
bcafab67-052d-402d-9414-fb5192c45c08,Alert
91d79340-b5ae-4d82-96c8-ec95aedbe676,Alert
2e35c059-ca4d-463e-a62a-ee5aec302f51,Alert
69987b99-b9fc-4834-8c35-ee40e7f19ed6,Alert
55c7554b-5e43-411c-9c7a-30ac72e3cbb2,Cancel
ad8dd017-c4ba-4b65-95b6-9b3c6fe321a1,Cancel
db21eae7-7406-482f-bf4e-8961277af9b4,Alert
6c969fbc-b8b6-4cd3-bd1c-df735269486a,Alert
c8aad7b1-843b-4a1e-9f55-3269ad162771,Alert
14f8f419-d38c-4a80-8b99-cdca4c7f7c9d,Alert
007ec7cb-9aa5-4229-a153-e3217e1b9fe7,Cancel
f6bef332-75b9-414a-8a64-eb10c6d3e256,Alert
bb0f0c54-a4bf-4542-bf86-91fefe5c0abf,Alert
b4691bed-2a49-4020-bd25-6e38871c36d0,Cancel
ae33cbeb-77e2-4a7d-b628-42390516b0da,Alert
09c96b4f-37b8-4918-8c37-0d3823e1a14c,Cancel
9339475f-a626-4517-96ab-eaf15a7d880c,Alert
ebd1d065-2bcb-4ea4-8f02-685962c4ea78,Alert
ae509b09-a515-4fc9-b134-eb492edf8392,Cancel
debfa8f3-b056-4bf9-9e3a-8d8f56c504c0,Alert
def05ba3-0588-4002-bbe9-ad3c1f5c41aa,Alert
3c23de6f-bd49-4877-8db8-d0d928d53d09,Update
b7e7c95a-721a-4595-ab88-2aa4650ffc42,Cancel
59fd3dd4-746a-4dd5-b1b5-d1252bebba11,Alert
d96b295a-bbd6-4927-b3d8-2e52fc8a7aac,Alert
cc1fe17f-17b6-46f4-8ce2-56b1163b1667,Alert
dd76f1a9-178d-4be4-8da2-fa6ed309a2bd,Alert
74fadc33-c4d0-469e-a102-9be6396fb1c7,Cancel
65921625-2f6a-42a4-96fc-a3c97c76354f,Alert
e6c354e7-fddd-40e7-b216-1371dae3cb4d,Cancel
2696f56d-9f4e-4317-a85f-9d8dcb8f7cd6,Cancel
66972c56-7d0e-4ef1-9922-3ec4d899dfa4,Alert
08f64382-8fc9-45f2-a615-686b8695bf66,Cancel
0cde9d7c-dae0-4c08-b2f2-230944dc02d2,Alert
ee2fc8e0-3de7-4934-aed2-b92a2e7fe88b,Cancel
989b1dad-13cb-4fdc-baf8-62cc4512c6f5,Alert
4960f777-5951-49b9-940e-f85149d82d2d,Alert
15f4f917-9ff4-467a-b0f3-79ab88534bfa,Alert
7c4dc65c-ee28-4989-a290-d1eaca5569a3,Alert
737bf5c6-bef1-4525-ba12-9504ad3875b5,Alert
66605878-9a3a-453f-9fe4-41e8dcbc88a8,Alert
ded7c888-6c99-4a8b-bf72-e5a6d0970b8e,Alert
d55e6021-4dde-4953-9de7-abdfd2f5883f,Alert
eadfe0cc-154f-4616-81c6-c677325caa0c,Cancel
e32b88e5-f98a-4cfd-be38-597828adada6,Alert
c0300aa4-a211-4730-839e-ae2a8b05bdbb,Update
ed4048de-22fe-45ac-a475-ceede12ad51c,Alert
2ca97ee1-9240-4581-962f-792e2b07d264,Alert
34886510-d992-4e61-8795-4d2b142d2e99,Alert
bc426561-64ee-4f04-8cc9-6004f31fe8c9,Update
8112d82b-596f-4618-90f4-59bfc22ba0f2,Cancel
c66622aa-e0c7-4261-a122-a7620ce1740a,Alert
7898a4e6-30cb-4149-a59e-e20e261ee3ff,Alert
a6b168c9-efb1-4df4-95b2-15dff1e75f98,Alert
a587d223-92e2-4dbb-9b59-ca0d2dcd6cd1,Alert
106b820f-76a4-42d3-ab99-871f0f2c272d,Alert
6ebe26f6-3b96-40e7-9135-fa725cef927d,Alert
89aa4b9a-9108-48ae-8f5d-427e896b6ca3,Alert
e94d3c48-cef3-4006-9a1a-803de1ba639f,Alert
e54021dc-2e7b-4d54-9a33-4a468556458a,Update
af738970-6ec7-46cb-bdff-cd613ac36d2a,Cancel
c66756bd-b149-498e-975b-a094e37f18fb,Alert
a3de18ba-0c70-4c58-8501-f53639e2327f,Alert
2a802707-e0e6-4d0e-9ad4-04196a217289,Cancel
9224cee0-02ae-43b1-86f1-56b966c6c61a,Alert
740314d0-8c18-457c-bbad-b346991ac438,Cancel
b5bfa5e2-24c2-409e-b3ba-8b8b0f1a0f58,Cancel
9098e306-0c96-4f4c-a0ba-067831dbe742,Alert
8c82b0b0-1ee7-4786-9a75-b1c1c962356f,Cancel
8e6601a2-c0aa-4146-a231-fefa7edf55e3,Alert
79debb3e-e6f2-4a58-94d6-f71852843dae,Cancel
18c2cbb2-e745-4f4a-a0b4-8ba345d76cfe,Alert
4c84e3c0-8e02-4fba-bdac-84aaf0f6b9bf,Alert
77075ad8-5985-4033-b442-11e3d831b501,Alert
e17a5947-8ed0-444e-acd9-b206be469b85,Alert
b3f9c61b-a648-49f6-bd49-2b1c5e08e5c6,Cancel
dcc4df0d-90af-471f-b2e0-f0fe7e2d72ad,Alert
9a29d07b-6b2a-4be7-a5ac-377ec437d5e8,Cancel
e3946770-8e94-4be2-bb05-e9880a57e4fb,Cancel
4ee84a78-7ed7-4b95-a5d1-97420f322e64,Alert
ab1d11e8-78f1-41aa-81cd-1e4b7fac9468,Alert
be763ecf-da39-4582-b525-9a28fccd1c39,Alert
b44f5ba3-a397-4470-a2a8-7e5e10178063,Cancel
1f1963a6-3ae1-4f71-b107-9c850dc1daa4,Alert
795664d6-bfe1-4337-a80c-2c826e090573,Alert
55b68124-0e18-43d2-bb1f-60ba0073da1f,Cancel
13ac2c97-ffea-46aa-8d61-b2b8194886f3,Alert
73d0a1fd-2bbb-41f6-85ce-8cb41590c08a,Alert
4931ec4a-fad6-46e9-a789-f240b4b176b2,Alert
1ab2bcb0-632e-4f02-b916-beff2f166a58,Alert
8dceb11a-f795-4805-9834-ae514b90f37d,Alert
e85ceec9-9185-43dc-a1cc-c22c19c2f003,Cancel
ee12973b-a01d-406d-8661-e4944edd355f,Alert
8b4cae7c-257c-4cff-8029-6fc48c508dcf,Update
0101ca7c-83b1-4e1a-8945-73e711a63342,Alert
99fd29fc-e6d4-4fff-8778-6d2c7ffb3c4e,Alert
14e42be9-6009-4cce-8b4e-864efb09ab6f,Alert
c2d0b318-c602-4d5a-8c1b-fc1f9792deb4,Alert
5c0c0f2f-ed6c-4b4c-8776-4e6b399b5bf2,Alert
a6728a3f-b016-4dd0-99d3-1318232db9ed,Cancel
7e7f5a90-ada5-42ab-b2de-d89552f064a2,Alert
a4cb6815-d77e-43fd-817d-bd85fac94f78,Alert
320a57b6-7a7c-468c-9604-45c4acf5a018,Cancel
14afbc03-eed9-4881-81d3-759e85d8ba01,Alert
5ef5e32e-2ec5-49ac-b134-a301692bde8f,Alert
e9552fd9-a99c-490b-ac62-a5ed7272d5a2,Alert
07fdc9bd-ebf6-4e85-a3d2-7d3e44d8fdd7,Alert
5432dd14-a9df-4407-bf1b-8688a373fbc2,Cancel
ecfece60-bed0-4ff2-818e-964eb9e9de84,Alert
a60736da-dc56-40b6-8cb9-fcdddc10168b,Alert
b49b35a0-c213-4854-b129-dd3f7108052e,Alert
f5fadaf1-6879-4bb8-8462-f103ec56ba04,Alert
1dad68dd-d672-4852-9213-9a57374132a8,Cancel
6b213303-f03d-4dae-81db-d3779eae4ef1,Alert
eb22b5fc-545f-489e-97dc-e343b9e75516,Update
4db5f17b-9853-44b0-ae11-28d8be16f84c,Update
5b54bce0-f801-40bc-b769-1506a04bc029,Cancel
a681de62-b8c7-438c-9bb6-5479998bc046,Alert
d058311c-131c-4352-bb82-7375fa1cd738,Cancel
1ffbf8d3-8dde-4950-8dcd-a69c0c5396df,Alert
58293fc5-f3dd-437f-9200-52562cea9817,Cancel
1a45db4b-180a-45c4-b183-007b5937ef5f,Alert
869f0ea5-3a51-470a-ae3d-5ca6392777f7,Alert
95c35908-b5da-466f-afc2-4c6088b37d6e,Alert
a249fdf4-18b8-407a-8aaa-abdbf0e6fc23,Cancel
a834bb1e-73f4-4804-830e-b4d34fb66cde,Alert
cdb67d4d-d4e2-4a07-b337-24346053a812,Alert
ceb64b01-9286-46d4-90c0-ffde83b21b05,Alert
a0360d05-21c1-45e4-99f7-1880901e3c1b,Alert
2202b653-2ca8-47a3-b42a-4e533e95730e,Cancel
29be3769-d816-40bb-9826-544a0e212edd,Cancel
b4e3376c-a857-44f6-b5d0-b482e019fb00,Alert
a2c75037-cdf0-409e-8cf0-1f5de0b1ce3e,Alert
5e780d17-371e-41ac-89ff-837c7079aa6f,Alert
dedd7ba0-e4a0-4a7a-8e16-0ed7509c3b5c,Alert
3a26ebc2-0b2f-42b7-9e4a-829db3d10545,Cancel
6196d059-f324-477b-ba84-76d785fff5f7,Alert
5020ee93-d3ed-4596-acb7-dbd1fa5b2350,Alert
5afa9a6c-5ce6-43e1-9696-583f453d1088,Alert
33683ffb-1b54-47bc-b7a7-1e175f221dd8,Alert
ca00fe93-c0ea-402d-b640-4f80d949e7fd,Alert
5824f497-90bb-4b23-8a16-3977c781cb9e,Alert
7a97c217-d785-4b47-b147-fcb661b560e1,Cancel
6f4376ea-d465-452d-ab12-56dfd1631f81,Alert
2ae403c1-6614-4026-8763-4f5409f0ce05,Alert
44a71c7f-e22d-433a-a622-533db98fe205,Cancel
6779b257-1952-42fa-a39a-ff30f8f0d311,Alert
6a27fd2e-3e76-45d3-9744-e91a8bcf06b2,Alert
900fdc14-6905-4135-aa6d-a910d0ae17eb,Alert
694b7e36-a244-423c-b369-b0f061e92d28,Cancel
95cb01eb-c143-4023-a6d1-eebe1ad7b96a,Alert
81c4d665-a0b0-4592-863a-ae2dc6c0c8ed,Cancel
05c6b119-5fcb-4cbf-b27a-845810d2126a,Alert
065cfae4-b5f7-4ff3-b8cc-d1caf5a82f44,Cancel
cc33e607-fb7e-4729-8cd5-bb3e8bb76bfe,Alert
1f00e9bf-a9e5-4a98-9596-bb56cdd289c4,Alert
0d369798-f308-4e3a-9cc2-7a579bcfbcae,Alert
c4f864dd-9b72-43f2-be5e-5602b3dca6a8,Alert
ff90fcb5-0bee-4f25-8269-65aaec28719e,Cancel
238e85ce-e635-4eee-a347-20af15f633e4,Alert
62d84dcd-ed72-4a3d-b178-7558c74999d4,Cancel
5ac9d51a-a349-4488-a799-364b0044f57b,Alert
1c565121-88f5-430e-8bdf-16a7dc32d994,Cancel
2b7fb55f-edec-4d07-8d90-5ba55ecb5f51,Alert
c0a5476f-e39c-46b7-addf-4115b023fd54,Alert
05cf5f8e-d7c0-4847-bfc3-ce831916ddea,Cancel
68170c0d-09c1-43f1-8a3c-d8e21f3077e1,Alert
dd23f798-3e8f-4ecc-9521-e32fe8c5ffa0,Alert
b9f16123-f068-4139-9346-ebe638503cc1,Cancel
f8337358-bf99-492a-aab0-d671090384fa,Alert
c297de83-985c-4e3a-b1e7-22201e88a360,Cancel
2095c264-a48a-4616-b207-afac958405d0,Alert
f8c2b111-9fa8-45d7-a1c5-94628771d698,Alert
e3d5bb4e-7c8c-4806-ad9e-9ca590acf0cf,Cancel
26955150-5834-45a0-a8c5-f1fba9a80a75,Alert
aa378169-4eeb-4147-bfdc-28e607400e96,Alert
4c30d171-b839-4229-bc3b-5824c79fab8b,Cancel
4dbfc8a5-e895-4685-b568-05c1742ad455,Alert
4fe71fca-2f53-4885-8fb6-77e1e284d2cc,Cancel
53a0ca8c-5f69-466c-bcc4-82dcf08584fb,Alert
49517ea3-5a03-46a6-94cc-4d561a1cfe11,Alert
52a6762b-4e4a-4dc8-a07c-e94f0aa14118,Cancel
3a84182c-d100-44b9-b3df-9c590f096775,Cancel
2600450a-841c-4209-bc70-6feb04cf7ad9,Alert
2fb6cb55-0507-4108-bac7-44dfe50f3915,Alert
9952b4b1-da7b-42d2-8179-db20c1125d53,Cancel
72863824-16df-47f7-a60f-8af1c9024d85,Alert
340fed85-985e-4f08-b5ab-1200740d16fc,Alert
ba3e2098-4d23-40c7-9005-ec3afab16307,Alert
0f0b2334-2588-46d8-926a-bc6d6019ca89,Cancel
a9a30c7d-d7ba-409a-a12d-c6409cac8056,Alert
47d16c2b-378e-49f5-bf89-fffa564ede94,Alert
fc1a0261-ef89-4188-8964-cd23bb7fd0ac,Alert
0bde045e-13b6-4fc9-b09d-6208f3ba1e4d,Alert
20081eb9-8d29-46cc-8701-bdbb0e81dcf6,Cancel
a3e59a31-5a60-43ea-991b-953fdede5f74,Cancel
aa3e875a-b278-4a29-bf49-3b6ef5370cee,Cancel
96101a8e-e5fd-49b2-a1bb-0c90b421ca05,Cancel
6ac01882-a07f-4b04-80c2-c5838c392df9,Cancel
905f8ba5-3b70-4418-a383-23f73f9ee316,Cancel
be11706c-2b21-4e88-bc60-08e693dc6a6c,Alert
b966172c-4797-4a2a-ad00-2900a816489a,Alert
51dde27c-8667-4add-b669-645a5577c8ff,Cancel
1eebf7e6-0c40-43ce-836f-6763e880df8c,Alert
ab8d26fc-774d-4b08-b4ca-862c54205e83,Cancel
1d494c94-4116-4f5d-ac1e-48e660be8cb6,Alert
638509d0-9fcc-4ae0-bb49-b18df4c75b2e,Cancel
70e35f32-a0e0-4037-9012-0539b7768c08,Alert
9008f2f3-dce7-4a89-8ddd-0e2428f4154f,Alert
1fb764ef-b4d6-42f2-884b-b945d0f7a7dd,Cancel
71ba2225-6b3a-4af6-ba53-752795d05f99,Alert
2ab3617f-6e8e-4386-9161-76d9884b5142,Alert
a7125507-c62d-46ae-8b29-8a7dc12e732d,Cancel
81fb42eb-a557-4a0c-81e8-9170d7d3fc31,Alert
46a92d4e-e6db-4782-9c6e-9d8a2d519151,Cancel
d61168f7-c520-435a-837b-884fc27fea3e,Alert
47c7701f-cb3e-45ba-9c0c-baed1e57e85d,Alert
b89dcf0f-e9c6-4e98-a948-0113d2d105ef,Alert
8d19241a-897d-49bf-9ba9-02e2e0e44897,Cancel
379914e0-0dc9-48e2-9638-bf25b703e043,Cancel
58e299c1-ba32-491f-aa79-5852b074ece5,Alert
611e5612-448b-45ec-81f2-690b59227a05,Alert
ff0693e9-266e-4cee-98d7-991574ef68ad,Cancel
39275193-41e8-4a5b-8753-1f13c87de01e,Cancel
42c9c4eb-69a5-4e8e-b184-9738e2aa4743,Alert
24525270-8da1-4077-82f2-e656d79af216,Alert
504ed993-023d-4db3-9aa5-bd6da94b9123,Alert
31b40081-88d1-4ad5-b1f7-6a46646249a5,Alert
3a500107-6c61-45f0-8de5-e19c0f986317,Alert
328f2e5a-da60-4486-8fc1-d4825c950315,Cancel
c5168338-bea2-44ce-9fb3-d53f3005c009,Alert
a5b4eb6b-6883-43c0-9c63-a13f5fd7dfb3,Alert
14d8c1dc-3a64-4d18-91b6-ab41e1668cbe,Cancel
51967f75-7801-4efc-9b9e-a5ed1edcd5d7,Alert
83dc7d17-16c6-4ad2-88f2-91d9bdd3337d,Alert
57ad4756-5386-44ee-b5f0-e61094fd1a20,Alert
32ae1c23-0015-437f-b246-0da3fe6ba196,Alert
2873db5a-2937-4129-9ae1-40324be7aeaa,Alert
0438ca62-4008-448e-937f-2f74290f2052,Cancel
d252d24f-2ff9-44b4-b56a-043417b38420,Alert
dc970c34-9922-4e58-b17e-8dab6582222b,Alert
9d23073e-a213-4baf-ab56-b8ecc30fd5a8,Cancel
bb5e7542-984a-443f-8a43-d525e4b4d19f,Alert
26859b2c-6b9a-47af-8359-e169aec8f63f,Alert
cb732c9d-59e6-4c2f-a6e4-b474b275080f,Alert
2ac3242f-f970-4e72-8808-8f159d2175cf,Alert
16676a2e-30c9-417d-9d41-53885f028bec,Alert
a6a01a76-accf-4425-ab8c-dc38a2c7285b,Cancel
c9e4704c-757f-437d-82aa-2eb2013d2a39,Alert
df8bf6a0-e01b-4b5a-afed-d125e234899f,Cancel
6c5ad101-2af2-4542-8108-700e912f1285,Alert
a21512e7-1d1d-41af-bd88-08b33df6d9ee,Cancel
47868cba-3539-4393-9114-aeb06ff7bf45,Alert
33b60a80-b489-4c56-a058-2630bf7ff7bc,Alert
8b543516-b27c-4965-bfd9-b9a2b00491d7,Cancel
3d89ee91-f375-4ba6-8e55-5852897dd563,Alert
7fa59aa0-5af6-45f3-90af-c82a691707c7,Alert
c57f06c8-162c-493e-a24b-68344f7a9688,Cancel
e301b011-648e-441e-bfb4-0b92eb22aabe,Alert
5a5d9034-0ab1-412c-a35c-a4a8c16d2c96,Alert
7f816c5c-ccc8-4a83-b72a-6d9a932c0fdb,Alert
b6b6de02-7816-4ddc-a95e-43e13685c092,Alert
b65a9451-0730-433c-acca-bbf408e4b0dc,Alert
a65aa8d9-be7a-42e3-8cc9-3a8b487615e2,Alert
82bd8666-932c-4b3d-973d-706b9bd9caa9,Alert
ff1558bf-ebbd-46e0-8203-5f9f97ea6e4a,Alert
1b0dc0cd-ab2d-4053-869e-eba882709c8f,Cancel
8b1cf6bd-90cf-44b4-9be4-87c1454f6c7d,Cancel
9945e1d0-0b41-4a67-a2bd-136679858788,Cancel
365e57d7-e8da-4616-9e25-39045e271059,Alert
2717bf96-ad00-4542-b449-47a392b6044a,Alert
d4cd9c3e-783c-4d98-8bf4-d5247cec537d,Alert
790e95c9-4801-4a0d-b599-6462ba376cd0,Alert
3307cf14-e593-4024-a65b-ad79f3cada28,Alert
9bba47d8-1e8c-43fe-af27-df82b7aaa503,Alert
c5efae4f-6567-416a-bdab-1982212a2eda,Alert
f6374b3d-c96c-45f5-8db4-979ce1335f19,Cancel
7c677508-a9a4-4229-8577-92c45b65ffd5,Alert
5b54644c-0e34-4511-b650-d7c6fe2691cc,Cancel
542109d6-a764-41ce-bb30-2dd6ede3b591,Alert
76200742-6f27-4544-9f42-a027c1378f14,Alert
720b2631-9bb7-4e12-b807-f1e47bb9d2d0,Alert
2bac0cd7-2cf2-4c6d-b2c4-049ecc5f990c,Update
d61d9adf-94a0-41d6-bd53-9b15ed9a1dfd,Alert
a698cda1-4628-4c45-b339-2e1be05dfa16,Alert
9e9d625d-659a-4155-8d9d-00de56ae2999,Cancel
97d9cdde-ea04-4b9f-9754-af45e2159063,Alert
93e801a2-a07c-412c-8ca3-4551ac1c03fe,Cancel
415a9c0b-f51c-4e65-852a-62ca80c06f87,Alert
cf9a64ed-feae-4e85-8746-872ea0c5b2d4,Update
80ab4a1a-b1e3-4ea9-8752-8fd2d2fd2d58,Cancel
ea0220e1-4344-453e-afc8-4f3b7790c5ee,Alert
8ec8439f-fcfd-4982-8fee-ca32216010fa,Cancel
81550179-cce5-42d2-a32c-2fb3b89ddfb8,Cancel
e31a7f1e-f17f-4d14-ac34-bf92bfcd36ca,Alert
5b10a45d-dc9b-4917-b38a-c52d661c051d,Cancel
65c980cb-73e0-45b9-8207-5de335964c8e,Alert
3b3e76f4-02da-4fb0-955f-1c1093323740,Alert
0c5f0b60-0323-4a5d-a7ee-f27ccbdefc17,Alert
337816c3-9be5-4bba-850c-462d4136281a,Cancel
2bb1bd19-4dc5-4ddc-9ce9-7384c5370f3c,Alert
cec178d0-25ac-4c58-9216-1b665724f633,Alert
f074f7c1-b1c1-4cfa-a68e-68046a817138,Alert
b5a5b52c-c767-455f-8005-cf1f2fbe3dcf,Alert
34f51179-0137-47b5-b89b-c6a99131d126,Cancel
f83e154d-3732-424e-911b-52e9f0b8fb7a,Alert
941e0fab-0fd5-4fce-ab93-c388d62404a4,Alert
1a410cdf-d024-4c53-a0be-fdc122e542b3,Alert
61370a83-2ec1-4c1d-9943-18f46a3f861c,Alert
c187fcce-4a08-40d5-98f1-7c0d329c2115,Alert
024ec712-6124-49a4-8a4d-bdec1d68a596,Alert
c064ae8f-038e-4e97-bcb2-d779c39753f1,Alert
7314c48f-37a1-4609-9271-3d9d97bd1af0,Alert
73694371-dc30-4017-b9f4-6b31a7c9f2ec,Cancel
2582aadd-1b7f-4810-b4c3-d8ab0078498c,Alert
c17b7ace-32b9-408d-85aa-e7551ee328f0,Cancel
8300b688-60b1-466c-ac6c-5c0d860ed18e,Alert
ffd43f4c-98af-494e-836c-08616ca60477,Cancel
a680cfb1-ad10-4e21-b956-cf942f270015,Alert
f2f92f51-41ee-4bda-851e-15e0fbfec5c6,Cancel
f421b597-4603-4af4-84d3-64a31582d049,Cancel
5c0c441a-f62b-4bb0-a223-53fe87590924,Alert
df4d9106-19a5-4cb2-9b97-26c518aad50b,Alert
d51cfa41-bb19-4223-a58b-c11d2c3379e7,Alert
2435d6d9-c8ac-4269-a123-e2854165908c,Alert
30c03e4e-49b3-40c0-b62a-415ec1a3cd0f,Alert
dc3c6ec3-2928-4e3b-8545-fa3ad8f7e96c,Cancel
c45f8989-fb15-4155-8bca-a72e40984cfa,Alert
b42ca9fa-7e51-4c75-a715-39acdca08fad,Alert
dee2bb09-325d-4d08-9746-35cad1989c87,Cancel
5c7f5f0e-e23f-4d6f-b81f-e0a5cc19003a,Cancel
b08d96ce-37ce-4169-909e-8989d9204baf,Alert
9ae8e6ff-f4e8-4aa8-973a-f64075609ca1,Alert
00e89e23-60b8-46ab-9f34-b52d671fea44,Cancel
922be1d7-191e-4182-8008-e3dc62791e2b,Alert
9045ce78-73f8-4d2f-81c9-320cea6070b5,Alert
ac768caf-f98a-4d41-8dc4-24229b8fc709,Alert
d9efe830-2bea-4c31-97ad-19fb6238c3ff,Alert
ed2d61cc-3eb6-42c0-8dd9-54a97c34c328,Alert
ae5468ad-3b80-43fa-9429-894d72badacf,Alert
f78df3f4-3657-4bde-bd71-91f78a73ed5f,Alert
17171f29-5e62-47f2-9479-5a36b3d43326,Alert
f3f4db7c-123c-4666-9f51-d732a7a9da5f,Alert
5d2aeb07-8584-4299-9846-7e99a9ff894a,Alert
f27d76e3-ea9d-416a-a85d-a533adfeadde,Alert
d0d21a34-b3b3-4b6d-916a-aca509439116,Alert
52003a02-a7a8-4c42-bc48-c3e7729f1558,Alert
6ab38c93-7b14-4782-b536-7854d95d959a,Cancel
c91bb613-ae7e-48eb-9f91-900d2a92481e,Cancel
fab52736-9b8f-4c1c-b697-1f302f9162ed,Alert
0790c461-da20-4ca1-97a8-380baf3e0f80,Alert
427ed021-e6db-4340-b1b3-490e8ccd72f3,Alert
ccafcb5f-b455-4175-adb9-1507dbf6a1ce,Cancel
e7280d4e-1add-4ea6-8aa5-38ec762a3f00,Alert
2875aa79-e98a-4b3d-a526-e2241387f5a5,Alert
aad57687-cc2a-422c-b52c-ed6143768441,Alert
71a74de3-1bb2-4dad-b788-1cb5d383bceb,Alert
e521216e-766a-42e8-8f6f-bf538da7c283,Alert
b47adeda-5fee-415c-a8e0-b27e305f4f53,Alert
5cd55cb8-a11a-451f-a9a7-df0e0ee960c3,Alert
f5063c0a-c4ad-4b7a-ba65-8c0283c50a33,Alert
f0af3e6e-12a3-4dcb-ace7-8d419dd85e3c,Alert
48faa269-9cac-4b6e-862b-b366434c628b,Cancel
07313bd3-0113-47d6-b4d3-cd448837120a,Cancel
049fbb6d-cad1-4d41-8428-49719d2a214c,Alert
ea79e49e-4773-46d6-b912-0c6a29cd9799,Alert
45aa71f2-5bf5-4502-afc1-f4fc8f3ed0f7,Alert
f0f57299-c440-4316-bfd8-c7008e76aaae,Alert
48c1889f-3131-4fc0-baf4-9b63cf05aec2,Alert
80dee7ab-46ee-41ec-a56e-aa0d5d5f741e,Alert
32e96b72-61a0-44f5-8608-d2d2eeb946cd,Alert
4835f7c2-db8e-4593-9aa2-bea69656007c,Alert
23122c4f-36fd-41d6-b68f-b0dab7762b39,Cancel
5df1cc13-90a5-4818-8ede-e5de75fae9de,Cancel
1722de1b-f944-421f-b2ff-bb4e1ea2ed23,Alert
709a19af-7291-4080-9868-6ffadf91010c,Cancel
abeea405-5f2f-43ff-ba7b-b581ca788892,Alert
68aaddc3-830a-4676-910e-430c7c3808c5,Alert
49044c5c-e7cb-4cd8-9af9-7f939f5c8d44,Cancel
4ddfd922-e113-4c5c-a084-387f2194db5a,Alert
bd2f5a8b-b2b1-43df-9b0b-942e22ef7dc8,Update
57f79c4e-6153-4d8e-9852-687746e42858,Cancel
f5d8a3c3-0e75-4dbd-b527-5d7123e603bc,Alert
f07fb95b-0a6c-4aef-9f27-09c4cfa1c9d0,Alert
f6eeca6c-098f-46a7-84ce-e7f9caa6d368,Alert
20460449-7743-4d5e-a3da-837f6f388040,Alert
830f56f9-e2d9-43a7-8492-93c5e9b91687,Cancel
33c3ccc1-a677-4e7c-a2dc-285685b46a14,Alert
f9fdee17-ec40-4f84-bb97-083797426b90,Alert
ac8ad507-a84d-4a91-8815-b5a6e213b521,Alert
f06aa30a-c6e2-49ab-88e4-369d8f1d36ab,Alert
c956ba20-c903-4a64-adec-75e883b979b5,Cancel
52c9a969-bd4b-4f65-aa50-a177a6265f26,Alert
b945246a-d7c5-467d-863e-d60213f7f14e,Alert
e061557a-6073-4181-a898-c4fd24d19bd6,Cancel
e2c1bc3c-24a9-4886-a676-c9e840a5124a,Alert
559fa510-0090-4057-868b-2c2a254dd227,Cancel
b0c94745-0328-4cb9-9acb-5d7e13c24a4f,Alert
11fc20a4-5a50-48e7-88f2-fb4631f1b192,Cancel
a66772b1-644c-4164-b905-5d62c7e5e6a7,Alert
6228489b-0450-43da-a178-6f205a6549b4,Alert
f72d18e5-4b43-4c23-a0c8-f73425870dc6,Alert
a1477e02-b77c-40bf-a906-99feeab82154,Alert
d348317f-660e-4844-8271-5da1f1b9e195,Cancel
cb19613c-939b-40da-b47e-5f7d9727c0f9,Alert
bba504ed-b3e0-4405-a69f-855ef28d6331,Alert
aff07cd5-87b8-47f2-829d-328317e3fb60,Alert
afb1c52a-7150-4fde-9bdf-7447ec40c4ca,Alert
d092c2fa-042d-4c52-87ee-1bc35e328ea9,Cancel
5c1fb557-1e19-4daa-99eb-4339c29e223f,Alert
415dc9a0-3a9f-4e49-9939-29ef94d44626,Cancel
03865eae-6b6f-41e6-b535-7d300925efb8,Alert
1fe5a1ff-eb97-4653-ad1f-4ed6dee275c1,Alert
7fc524f4-81b9-4334-a22d-1f46c683ce07,Alert
f6d39c57-e732-41f4-8aa2-d325a5398013,Alert
aa0369ef-2c66-4112-a433-94064d82f670,Cancel
d0a40641-52ce-42a0-a92a-03092d663ed1,Cancel
a033ec21-8dda-451e-a435-bcf951a835d0,Cancel
12d3e55d-7365-4125-9e45-54cce6059d56,Alert
834193b2-cdfb-4db4-80e0-071aa1ee9e08,Alert
fc132335-a04b-43e7-b030-8be9fd12e60d,Cancel
479fbdb8-2d80-40f7-a20b-0011cdec3218,Alert
b5c8dce8-a7ce-436a-a3c0-09aa9db27877,Cancel
74871835-4413-4eb8-95d6-3eecae739141,Alert
ade6cf6b-eacf-4a25-b7be-5ce1f159047a,Alert
cf703d29-b1ea-4249-affe-cf6475c82945,Alert
a350b213-eac1-4a79-b883-60048cc61b6f,Alert
ba70f2c8-d663-4c9a-bc73-23f1c7ee778e,Alert
054738f5-64d9-4608-a3a2-f9446a0c9800,Cancel
eb0d8ab9-d815-4a4d-b3e5-e5b93cac6da5,Alert
69d60712-15a2-42f8-89fb-aececf875180,Cancel
adf37ab2-1e73-49f1-9008-22ae3192ffa0,Alert
045e2a1b-135d-4803-a343-b889ce24e37a,Update
27a821d4-c884-4b06-ad59-f10b08b10b54,Alert
cd164da7-d747-440a-b5c3-60c3fa29a7ca,Alert
a8dfa6f9-bcbb-4320-957d-1b3494344c23,Cancel
cf25fc8c-318e-464e-b804-04c98baa9e0a,Alert
c85cbad5-f878-456a-9fd3-890f0e8c1d8b,Alert
66c5edc0-a018-42ca-80d6-91acd873c710,Cancel
d2ff53e1-031a-4d13-a003-d1631d8c2dc2,Alert
70f063f9-7ee2-473b-8be2-62028fc9c375,Alert
7a89c4a6-12c3-4395-a6b4-98ea2521b648,Cancel
4e7aed71-a0e8-43c8-b3be-84b66f63190d,Alert
b4521fc6-fa60-4724-8d73-2014c5342933,Cancel
e550aedd-463a-4525-92a8-3f0e579fbaa0,Alert
c56a1335-f627-427b-b0b3-7db6cb940374,Alert
5198d3cd-76d5-4431-9937-50265ee35c30,Cancel
8155b83a-654f-42f5-80dd-01f9bc0820d4,Cancel
12c69360-b541-43df-8d73-9101db4e47f1,Alert
0bfaa587-d855-4ce0-b734-b0b020d9a802,Alert
e1f2266f-0bca-46f7-9eff-333f8f8e8e53,Cancel
45a63b7a-482f-4a97-a18f-b82ebb12fadd,Cancel
e23d1b06-5d92-4671-a4b7-771a6346fcad,Alert
8f2550f8-99b0-48ce-8ca2-23525e9478dd,Cancel
a4d1c11c-74d3-4089-8ff3-7320232d4005,Alert
4c2f7e74-4683-4120-b676-c96cec8fe718,Cancel
d9440c0c-2924-4bc0-b1b3-5a1e09e91196,Alert
30fd6a5a-ac38-4a18-b94c-8e7dbd70c38b,Cancel
bd2c7218-f74a-4647-a241-6c9cfb401e1a,Alert
4b1dea35-da88-4425-94b3-25b9af6d93d0,Cancel
287ea71c-9412-4485-92b8-381ceba57569,Alert
e6609789-40fc-48ea-bb68-0bc32dfdddae,Cancel
adcce040-93ef-4502-9085-974a86f78889,Alert
ba2f4ad5-e355-4349-8ec7-2f3a01d8675e,Cancel
ed27cb68-c423-4a72-9b27-c9d738f2604c,Alert
8d31014b-2bc2-462a-991f-32f9c3573807,Cancel
47259847-9af7-4b34-8353-b73eeb531148,Cancel
ead5d326-ad25-4493-b49f-847f8c909848,Alert
560ee5dd-f03c-400a-b92a-ef8d5781fad9,Alert
892d7515-484d-4519-b775-d2dffb7c3fb4,Alert
15d41897-33d7-4c0b-9f82-0363fdc91cc0,Alert
a5e8ff61-2c89-4b52-b984-9bc68b5dc7df,Cancel
8a841186-abda-4f66-ae0b-2ec586fa80c5,Alert
96bf6610-cf0c-4449-b152-cc10d85e7767,Alert
9a5b0860-9b26-45a2-b89e-be28703b5e20,Alert
32083fd5-ba94-400f-b926-49cc6c394bd0,Alert
a29d28b9-9403-442b-b02e-639768e918ab,Alert
630f77fc-eba1-4d90-a885-2a82fbdf52e4,Alert
ac95de83-bbde-47ce-a32e-d49102ec86f1,Cancel
3fa6cd71-9fe2-4bf7-a980-2b1aac46d37c,Alert
67b1d84c-fd9f-4787-ba65-20c6186c9425,Cancel
bc7ce6b9-6b7d-4d92-a30a-d3fc1f665ba7,Alert
cb9c1853-10c3-4ecf-b218-d4b4ca18d705,Alert
e90078be-db85-462f-9150-317afee213e9,Update
7974d2c5-0b2e-4f33-a353-1284d3e5f11b,Alert
29b5dbd6-70cd-4ed4-a5dd-21a0cf67eae8,Alert
e0b2b1cf-7567-4b1f-baa8-8926798e35cd,Alert
a6aa80f9-4bf4-4cdd-bcb2-55b595c6e490,Alert
2dab6e7a-d578-41d6-9bd6-daf886a04524,Alert
83f8d41b-ecf3-4967-be8e-9907e8d2dcee,Alert
cf82ea4e-d9a1-4773-8160-fa200edeb576,Alert
122929d6-e460-4117-a185-791b32b5dd52,Alert
104f6b6d-826b-42fc-ba98-13a1e6816415,Alert
b5edef10-7c20-4eaa-b1dd-5a5c919d07a6,Alert
0232c3a8-2021-4b1f-9401-0b695918bf73,Cancel
c98f8838-014e-41e9-9df3-4f7e61af8eba,Alert
8e309769-f6f7-4a97-8d05-062e08fe04dc,Alert
b353e8e5-7288-4dde-9ded-1e30c0521317,Cancel
ed8c5f1a-1a36-424a-bdb3-efce025b8a4c,Alert
32770244-29a1-4c44-9f3d-ec2fdc5b48e8,Alert
90d32060-4931-4afa-8de4-7527dc9bfb15,Cancel
7ed2359b-2521-4e72-a80e-07831d1d19a1,Alert
762396c9-19fb-402d-a59b-8ca558c9ed5d,Alert
1d66d1c1-1e1a-4f48-bd8c-4054d8ce782e,Alert
41edd593-d152-4869-b58c-7d7bc36648bd,Alert
bd70adc0-d0a3-489a-a536-39f3dee4923f,Alert
3d545be4-a9d6-4dd8-ab56-9c9e58b2fbff,Alert
33bd5b69-e58f-491c-9d6f-a9806b234cba,Alert
46dacd91-9ad3-4579-b6b8-15d907c7d76e,Alert
f239ba7d-0af6-42f8-86c5-d34ee8f55f2d,Alert
5827ea4d-1bae-4869-867a-a092e8083c96,Cancel
8fe5c8af-d7a0-4a8a-87c2-7d2e6880b213,Alert
9052f1dc-c5b0-464d-a97e-dd701e3bb3b8,Alert
2b439033-f272-414f-b828-6101a6b63490,Alert
2c96a315-b17e-44d0-9ecf-afabeb79a23b,Alert
cdd653bc-c293-4f5d-b425-6114f9445e00,Update
bdc29c43-ef25-4108-9df6-4b570765ff7d,Alert
b74ff4d0-b600-442d-b3b3-c94d6eb57a0a,Cancel
12faa9f6-83d4-494c-b6ce-da92cde65611,Cancel
8fa09a23-8ff6-41f1-9215-5ffb5902695d,Cancel
cde67711-18ed-4b40-a285-bd44fbd70402,Cancel
8bea7b8e-0a39-482b-bffb-0db4605aa4f0,Cancel
5312ea23-b581-4f03-92dc-11773070ec39,Alert
9ffba48e-723a-434a-b37f-7cc8bf521e73,Cancel
17f15fb1-b15e-4d43-a43b-a6747f6950fd,Alert
0c263c4c-0d3f-4624-98d1-a0074ed40a96,Alert
ca3f320d-a128-4aa3-b1cd-db15ff88e5db,Alert
608b4f1e-a5f3-4ae6-86b9-c3a351ced377,Alert
7748b0f7-7c97-4e00-81f2-03248fc5b8bf,Cancel
69a8c986-492e-4ca2-9149-609a53b16f1c,Alert
96fc50d5-6c35-43b7-b9e8-eff5ac529197,Cancel
33ca3fee-1ccf-4bdc-92be-5b848776bf74,Alert
bfde1c17-392b-499b-831d-ab3e2165da84,Alert
b9140193-5b13-4f0f-ae8e-3e3d66cde688,Cancel
20eb4791-abc1-4c19-8991-53285009c7df,Alert
4cd51323-e290-408a-8da7-22d807c9d4c7,Alert
a75fd18c-3f3b-4fe3-a718-58073f78ce34,Alert
4fbf9a2b-1efb-499b-8709-fca1bfbf2b5e,Cancel
47b9a82a-b0f8-44a6-b20d-33b6620ccc4b,Alert
ef57f208-d73c-4b52-b7a7-b8fb4dd05489,Alert
ccf28ec8-d921-4e8d-a9e0-fef3a88cf34c,Cancel
8015c496-8570-4039-a6ad-c03b0d872fab,Alert
188ac88f-8a40-4d6e-bcf9-27b65079bbb7,Cancel
f0b50e59-50cd-440c-8062-0f0a85fd03ac,Alert
8184e1ff-0214-473f-9821-98b78b01fa7a,Alert
c5eb8f09-beba-40a9-9bdb-2b8cb8844d0c,Alert
4589d975-cd6e-4313-b2fb-83d722d31ee5,Alert
1f286e92-c7f9-41c1-9805-4c346a7d74bb,Cancel
0f6acc3f-b179-4dd6-9a3d-123ac6bf4a3b,Alert
0a77bcc8-4abb-4d98-ab21-976982f49290,Alert
2dbd4a2a-19f1-4e66-9958-df7ad17f39ee,Cancel
ff79d656-5b4f-4526-9ab9-73dab6f67ffe,Alert
737ee84d-def0-46d6-b0f3-2ec557a90de1,Alert
05ccfb5d-245e-4b3b-99c3-e0d541584db7,Alert
84d33ff1-7f74-40d2-9e2f-ab8055256269,Cancel
72c339ac-9efa-4425-baa0-200cd3b3c1d7,Alert
8d2e4187-4619-492c-87c0-713f5c74b20e,Alert
f7834e40-3f32-4d70-aa56-94a82dace398,Alert
b7102990-7152-4bc8-9105-e42f44710a31,Alert
37fe9661-805e-479a-a334-1052b59e59de,Cancel
4973c5a5-0d0a-4be3-8173-57bda4ebb0fb,Cancel
d728c96d-230c-47f6-9012-204cdfc26d64,Cancel
92c79a78-c844-466f-b885-42e9138d512f,Alert
3f999196-b634-43bf-8a9a-465e18e1e153,Alert
29bf5c3f-72cd-4c1b-b84a-a5978e8ecd07,Cancel
78b4c76d-bb90-426a-ba93-c8b23e30ef68,Cancel
c8fa382a-ad45-46b1-b4c1-086734130166,Alert
ba97abba-da2a-4aa6-8442-0c91a6419e55,Cancel
c55e53d2-7c35-4bc9-9ccf-203ffa90f0bc,Alert
f2d0040e-b77d-4526-a555-512a1c1c6ea0,Alert
d90a5f55-68ce-494b-bdde-c3648b007adf,Alert
07fec577-66a3-4fe7-9199-27bdb378db51,Alert
a5fd7092-0415-422b-a68a-27d710f1a52b,Cancel
f355540d-cb29-4e91-a9b2-9bff2ce1c3f1,Alert
d917b791-bb62-4b58-a73b-09c4b3bd132c,Alert
69f821d8-c020-45fb-b3be-7c1f1e456e74,Alert
e916643a-5464-4c82-9731-951496c15eb4,Alert
795c3f62-534e-4559-abbc-1e8c78bfe879,Alert
adc62862-8239-4687-b3ef-f81960085abd,Alert
987815f0-9bc3-460e-8356-aeea1a4b6aa5,Alert
aa0df3f4-ad88-41d9-8e40-4ae8799390de,Alert
b51d15b7-9b60-4bf9-873c-95da6beef1c0,Alert
ebd06fe8-95fb-464f-9284-b808c7619e0a,Alert
216f8841-1eaf-4add-a9f2-8c40cf1f08c3,Cancel
25c10559-29bc-423b-a4bb-b1490f2cbcc7,Alert
c5682e9a-74f9-45df-9855-fb1b4be9b9e3,Alert
1175d089-72a8-44b2-92f5-adedab744ad6,Alert
4af7a485-1b45-4ffc-b969-c1bbc626726f,Alert
82bf73af-1652-475a-a961-68e75ecafb3d,Cancel
1c65cfc4-ae92-42aa-8eed-ea4e84d7a862,Alert
72ce58e8-349b-4694-adbf-2bc91100506f,Alert
23321b32-8b4b-4b83-b50c-c1e7b33e4d5e,Alert
c2cb9515-8017-4a4b-ad86-5e75031988ac,Alert
890d007c-4610-4c13-bfa3-511ba4c51372,Alert
0ddf0f93-87c2-4e71-8d18-ce616fa5b58f,Alert
16e5104a-0751-4f8b-8ebf-20c6dba0a3f0,Alert
86dff23f-0693-4c3f-b237-48a9a59c52ab,Cancel
16327de9-a6a1-48e5-a944-0e7bdf4e5935,Alert
1cf6e2af-84a1-49f9-a017-f84fc4c74e90,Alert
5d2bea30-4ce2-47fe-8730-498d19547cfa,Alert
f4c4bf3e-a3c5-4ef3-a33c-88261a7c935e,Cancel
58f85978-42e8-44b9-8d1a-001e9510c275,Alert
2f8660a4-6454-423e-9b01-502f7f2facd8,Alert
5ee1747b-08d7-4f51-8926-827527b8d52b,Alert
44398db5-2c41-47ba-b7cf-015aecfd7def,Alert
7807003d-f9ce-4137-83c9-bcb0533220b7,Alert
ae61279a-bf22-4988-8527-5de0ba800b4a,Alert
71575d69-d6db-4985-a15a-0ada5bd21765,Alert
cb8a2e6c-6211-428e-b220-e9a78ce9c9fe,Alert
44261797-a9e9-443f-a271-6d0b68aab0ce,Alert
beadd0b2-9c5e-44aa-a790-cb4fe55d94eb,Cancel
69427d8e-62ad-4cbe-98db-5f3ec647e1ef,Alert
343cf6ae-17a1-4e97-9bb9-d1e26d6e89c0,Alert
1052ca0b-c63c-4b82-bcb6-6e64eacf5763,Alert
2c3ab75f-c00e-470d-94cc-1df3efa403f0,Alert
0c41110a-fc62-4a90-b5b0-f82d9447c5c3,Cancel
4614a2e3-67f3-4379-b9d1-47faa968e9c8,Alert
5ca76db3-2898-4da8-8591-a81e62d43ced,Alert
c4ec1120-b419-45f6-a87a-6efed7743761,Cancel
b10f9085-ee58-4f94-8ec9-93b226478754,Cancel
ce58b5ee-10ff-4bfd-b6a6-1fff8b9cc89f,Alert
69fd8758-a364-4906-a7af-109b015f4b98,Cancel
74a470fd-1915-440b-9ddc-ab1cbccfa80c,Alert
cb44503b-2e55-4157-bca5-0bb768682aed,Alert
665f1a1a-1ee9-4360-a62f-291b790d78b6,Alert
6c0ae7c0-f41d-4e98-a61c-c33e42e59fc1,Alert
ae7ece50-cd70-4ae4-9e66-7343b0433784,Alert
1cf3336e-2897-4fe5-9596-6490913f6d53,Cancel
40df28e7-9dc5-43ea-8357-901a477b45cb,Cancel
8cd25073-fc02-42dd-ab35-1b1301c1e318,Alert
ef4be70a-7307-4085-9565-e409d6e94c3e,Alert
9ac03742-2041-4da7-a048-61688419b40f,Alert
07b43d36-78bf-495d-a2a1-d1375db4d59e,Alert
48a04b18-579b-41ef-b4d4-d61a3ffff3fe,Alert
97b8964b-172b-4857-9251-18f96d0e671d,Alert
c37eea98-87dc-4150-93da-c1707a396eee,Cancel
788c0457-2068-47b2-a7d1-207f663c231e,Alert
ffb24f31-00cb-4efd-a3c0-bf647972abeb,Alert
0dc1f174-fee9-4701-86cf-d1cbbb8280b9,Alert
6b3cbe1c-c2cb-4fbf-a1c5-7f99ca4b094d,Alert
6a832034-9cb7-4baa-aa80-32f823e9e4ba,Cancel
331a26d6-8e1e-4cd3-8c89-ac860902f795,Alert
00eb0a43-62b9-43d6-b690-ef7eb31ea2b6,Alert
68a98595-5d41-4f90-84a2-5c01a6720ad4,Update
ec434538-a078-4af7-bfd8-291610e89e41,Cancel
77ca4f5c-b5f0-407e-8bbc-1c5c7bda9c74,Alert
066f43b2-33cb-4617-a278-7635a4f78313,Alert
6c4419a0-b759-4fdf-a671-0575561a95b4,Alert
781246c9-a35d-4f3c-b615-cd96ec2bbc47,Cancel
0ae49674-2866-4b25-ad9b-4d54c3a1027c,Alert
b4f4a30c-4fa2-4835-811c-1814f48eaf35,Alert
0c2b5bfa-0ab3-4c42-8a60-c6c21aeaf1eb,Alert
7542b88c-4d27-485d-a355-bbf95bf99d9a,Alert
3748e0bc-6ac7-4e35-b753-744f2103e5b6,Alert
2771b337-5cff-4562-addd-6f45e7e8dae5,Cancel
d52dcaa1-dee5-47f5-9c46-db42565942d4,Alert
37efd33c-1685-4965-8aba-57ae08967fc3,Cancel
354c5b6b-89c0-4a22-b877-2451e5874e81,Cancel
be0a14e9-c6e8-4809-9729-4b0adf014429,Cancel
64aa50c5-edc7-4689-9fa6-179001dea60d,Alert
2903f3a8-1b66-4671-9e38-0c2b9d88f9ad,Alert
6f1352af-c25b-4355-b7b1-0993ccefbd54,Alert
2368656f-4bb3-4341-a418-5fd7c6e74835,Cancel
ad4b65b8-7f0b-49b8-a1fb-46dba2e59dd4,Alert
8fc6d59b-098f-451b-92c0-14db55ae3ede,Alert
b126345a-3439-42a8-822a-0eb874ae2cfa,Alert
72672499-5601-4901-a6f4-822c31bfd25c,Alert
0330475d-ec64-41df-98e2-bd95857f8484,Cancel
eb9ca9b3-1be1-43b3-82ad-d72e5d0c2929,Alert
7788a161-7f12-475f-9b89-d2ffbbd75bb4,Alert
7dcf7755-c342-4c76-9576-3f9e328482e0,Alert
ba0e4309-d473-40ab-a92c-29447e4f10f6,Alert
d779d66f-e35b-4281-abd5-6a8a722d2e30,Alert
02400be8-84c1-40e0-8d87-825e7f3ef3a6,Alert
878cc43e-80ec-4e3a-b8c3-4c03e5af775e,Alert
3bc237bb-3a89-4b9a-a9e3-8e8d956986e9,Alert
beb20e40-7053-4fdd-9915-1b556f4b4b99,Alert
cb23c088-8073-4f3a-a51c-d6ed1ed5301d,Alert
5caf55a0-1f1c-4f23-bc0a-4336eaf0342e,Alert
1a699f46-f99f-4e74-a748-cedbcbb3afaa,Alert
5b39979e-ff54-409e-9445-cdd45a98b0e8,Alert
a3844427-25e0-49d2-9b4b-115e3bbc9755,Alert
e9688556-916b-45c9-8d43-b2af8b5b8c07,Cancel
e83ada38-c56d-4f75-9d41-4d4614368022,Alert
fbfc9a35-c530-455b-9ed8-c0f5fa112971,Alert
af5b4de3-4fe7-49b9-9301-d3e88a332762,Alert
989e9091-41f8-41f8-bcaf-d98696b16d8e,Alert
315ac1b0-16ca-43d2-8709-6192d4704509,Alert
24e0140b-b4bf-4612-aa14-1ef29bdcea1a,Alert
d1892e7e-3f4c-4735-ba3a-c0d4fc708f77,Cancel
b027740c-6930-4254-8a07-2033f09b9746,Alert
5d013a01-ff35-4061-913c-677516c6cef5,Cancel
10ea1396-3b45-4405-aca8-6b70660a0ac3,Alert
c9a9f35c-fda1-4e86-8c18-34e3c2cf3ea9,Cancel
78a07bba-cd3f-451a-a3ad-21e8b1f4dfec,Alert
cb7014b3-27d5-4294-bc4d-23f17a0c0dbd,Cancel
b2754425-94e4-4695-a352-4de01a97883a,Alert
c06aa497-d218-42ad-aa14-9b0c7099a93b,Alert
083c1a90-5589-4bcd-b5a6-1193ecc85ebc,Alert
fb7594e1-411d-4388-abcc-ac219ba8a069,Cancel
c5dd4067-694f-4b3c-97c9-53e4765bdb58,Cancel
0a361d00-592a-4abf-b1a1-bab00e51fad1,Alert
9f4b41eb-0996-4b02-b477-87ca07ced223,Alert
11d818e2-15da-4a57-ac6f-5ca848a2b0ba,Alert
06f445d1-e758-4a36-af2a-029832ba8df2,Alert
fe29cc64-936a-4c3b-be81-b74353816f65,Alert
135a6ff2-557d-45bf-9346-8ac8796bb193,Alert
37d97f4b-9e07-4987-8465-b42317df9c0e,Alert
1c3a4025-14e7-40c8-9950-2bb9bf596571,Cancel
3e757bd7-5c02-4a89-8c33-3f9b1edf4ac9,Alert
1a48dbb1-2961-4f9e-9767-4499bdf4d0ea,Alert
e0419c4e-a9b8-4b02-814a-57fe7e424511,Alert
20684161-7b49-4b86-8153-29ddda04243f,Cancel
1fd51707-0660-4dad-91b1-2d6ae5f73b11,Alert
3e6f988d-1be3-4065-be30-9b555968c93d,Alert
8b553554-05bc-416c-b84e-368b33b8dc46,Alert
b224bc75-02df-4978-ade5-e5c94724b82f,Cancel
fbe28bba-6a7d-4860-8410-d62a3a313a56,Alert
68a63fe6-873a-4f58-84cd-2e379fd0aac1,Cancel
365496c2-ad7a-469c-8803-4a54c329855f,Alert
7c2b9336-7738-4515-a4d7-2377a2cf579b,Cancel
97ee2ee1-d4fe-416a-a33b-689a3c07d389,Alert
1c5895fa-1842-42a0-9326-02202d06f93d,Alert
676c7334-0a56-4069-bb96-b41204ed0258,Cancel
f8044479-c0cf-435e-a6d0-4c6e6cd789c1,Alert
e369ed0a-631e-4a7f-826f-40c89a788432,Cancel
5059d99c-f648-4f71-bb2e-4ea4a41d071c,Cancel
dbcaa8b1-152b-49e1-86bd-bfc29e7ef1e6,Alert
7f080d2e-c5c8-465e-8be4-9382f210a050,Alert
2a2a558c-1c12-4bac-a16d-9c48e32144d9,Alert
b5c5898b-31f3-4c41-87f6-1f9871ec1859,Cancel
04989cb2-f6ad-4ba9-a0f9-b0a4ebc4875e,Alert
a096e8b5-4da6-441f-af3b-bb5611db5495,Alert
bc627187-b02f-4737-a6c3-7d672f663c14,Cancel
246a02e5-0858-49e5-bb64-c3d10ea2dac2,Alert
bbdff08c-9548-4412-a38e-d8cd7f6961a0,Cancel
c94c7bc8-d1e4-456e-8e8b-9eb7d385e7fa,Alert
2b5fa89d-a7ac-4c63-adab-a8e4be2903be,Alert
d2cc93ce-6012-448b-a022-9bd679085009,Cancel
9b36de13-ad33-4bb2-a5c7-b73f4a50c4c4,Alert
6e5645b8-bdf5-4464-acb9-5e3a62c4177d,Cancel
20bc87c6-8371-453b-a7a6-f85d289fcc1c,Alert
6e82a57e-5c34-4db3-8d29-081258e1f541,Alert
ce05649d-1e80-4cd7-90a7-b6d8c8ae0dd2,Cancel
d60febf0-254c-423e-b06d-a12cb4757327,Alert
e87ff603-b5a9-4cf9-b9d8-394421e5402e,Alert
cf56c446-e8c9-40d2-86ac-b5009e8c3c76,Alert
100a7b45-c581-43f7-b779-bc9eda4600d4,Alert
8b633f83-d8a7-4b4c-829c-e55cd4107b94,Cancel
bb9f5557-ed71-4521-baa3-d8e647a16c11,Alert
ec016dee-48c8-41a7-a23c-0526ee40a8da,Cancel
1636b0bf-074f-4b09-930f-da06ad76e100,Cancel
5ea5424c-10c5-4a69-ad00-a413e76ba392,Alert
21ee5d0e-df11-4567-92de-96b035de85e8,Alert
02fa3809-2a80-4238-865b-b5a03795db42,Alert
cfed5d0b-4db1-499f-9d66-8776d7326337,Alert
10fb81e0-ccd5-4372-884b-db9ee8bcd102,Cancel
d1595914-1041-4acb-ac78-57ae24102594,Cancel
2cd918e3-46a9-41bc-b2f1-fa2da2ae9aa8,Cancel
ac19793c-7b67-4a59-b9f3-4e9e2b9e80fd,Alert
e0b3cf43-92ae-4af5-9550-397301b1a1c2,Alert
a5d727c8-2618-4691-9fcf-4243ec4e2d72,Alert
fea0b7c2-a975-481a-a6ae-98ad1fdcd46f,Cancel
5b1517f4-5b8c-46f9-b85d-07c7b964e41f,Cancel
670320a2-97e0-4930-be6b-299989ca9456,Alert
c1b76365-e9cf-41dc-a277-4e3165e7051a,Cancel
0c0f2033-7e6c-44dd-bd49-29871ce3de6d,Alert
14696248-3f80-4eff-a378-62891491f6a3,Alert
6e467c3b-2ca8-41a5-af88-b5856311995f,Alert
7e3acfd2-6343-4cf3-8463-34b943cd405d,Alert
bf056c02-17e5-4905-92bb-5af199ae9366,Alert
e2a9c011-4289-44f0-a7bc-fbf8d8743ff2,Cancel
6afecda2-5c01-4376-b4f6-b99416ab9922,Alert
63476cda-80d4-4977-bed3-89513ed7cc65,Cancel
5f5e51ff-d1fd-4ca9-9ea6-6cab8663e51d,Alert
15559a92-1cbd-4b48-9482-60502da60751,Cancel
5c535ebb-1e0d-41b5-99c2-5d12272b7e2f,Alert
26118153-3522-49d6-a5cf-1967b71a0bf6,Cancel
32d77bab-0b2b-4a41-a0fc-f7c604bc3269,Alert
23397a22-1777-403a-b0dd-7f29e6ee8c76,Cancel
4800eaf4-b621-4ce7-b09c-b37c44ebf9f5,Alert
f12e6aab-ca06-4b81-91c2-6eacd4146e9c,Cancel
0c9714dd-7380-4ca8-9365-bec1b48abf57,Alert
152ff110-af14-4c5b-a5d2-9f307a6242dc,Cancel
e6057037-5db5-45a6-b3ac-b5ec3103205d,Alert
26e60f50-562c-4b63-ab3e-bcb23b8fae29,Cancel
7a5d84c6-8e98-4c66-8cb3-81d09130fee6,Alert
04c2132f-b8db-411b-a05d-2dbc4f53c66d,Cancel
4b4daabc-ca2e-4e4d-bd15-f9febcfdfdd2,Alert
12cbc114-7966-4c6a-ab5b-08574d2d32c8,Cancel
b8d47571-2409-4ac5-8e6f-2fe63c7773a0,Alert
db106a61-e631-4e6c-beea-b6e9a22e1a73,Cancel
99975aaf-dfd6-4088-91e9-17140e02ac6e,Alert
b007f161-2eb1-46b4-95f9-4fdcc53528c1,Cancel
8bf07c11-0814-4be4-9076-d4153884a71e,Alert
04bbaaac-0e9a-49ed-a0f6-16e5741c782e,Cancel
768540ac-07d5-43e4-88c9-c134e77e9a99,Alert
c744c574-d487-492a-8318-ad9319e7bc2b,Cancel
d54f8982-0217-4231-9936-9a7bb00da3a8,Alert
feee3813-ad5a-4fbc-9c58-48e5a0db7db3,Alert
ff07eaa5-11ab-4152-b98b-389634255bc5,Alert
6295d841-2db4-4245-a88a-302982f49868,Alert
dee1d7f7-054f-4e9e-856b-a1e151a098b5,Alert
01210f9f-2505-413e-b121-ebe21a9500f1,Alert
eb80dc1b-538b-4cf8-b5ae-8133c671d142,Alert
73012494-a1c0-4f81-b291-3190e512b631,Alert
18a37b15-db34-47ad-a909-91e5d3ab96de,Cancel
e243c816-ad65-48a3-8f05-4b78c9e4c142,Alert
fd840df0-a209-4a24-b035-51941dda0920,Cancel
639cc781-f482-4be5-84ab-160ae9849386,Alert
d4b3a035-a46f-4f8f-be0a-97a961adbc39,Cancel
aff2de52-9656-4a47-95a1-ac6fdf5a6f4c,Alert
354f8298-ca7f-4f07-b81b-828b2dd658f6,Alert
2cd42dcb-b3b7-444d-b105-bc28d916476a,Alert
94e744b5-bb16-44d5-b15c-0778628d2ff9,Update
8bca141c-e973-4f82-84b1-8f56933641ce,Cancel
2ff06830-c0d6-4ea1-be3e-ced74679731c,Alert
58b0f9c1-dd63-4a77-8412-a3a170d9d205,Alert
25f80c7a-0b56-4f24-a0c4-48e7b2ae4360,Alert
8efae43d-dcad-40e3-80a3-58a12b7a7b35,Alert
00ac4582-d36e-4d17-869b-95d2011fc529,Alert
3f5462ba-db58-40dc-9ba5-573132dc576f,Alert
922c305d-1e64-416d-8ba2-e88baee60d63,Alert
94ac2a14-b09e-450f-98f5-550b3ccd5bff,Cancel
5f2a7605-352f-44b5-8d69-fcb837617404,Alert
71400228-6fd1-449e-b4a8-a2c7ea6a44f7,Cancel
55e73a06-0039-4d35-8d20-2c82d1332c50,Alert
fc73879b-067a-45b5-b7ee-782d30d0c5ee,Cancel
702fb6d4-c257-46a0-aacb-9007c569fe02,Alert
1b8a0c07-8070-47e1-8943-b10a5d1b119d,Alert
d42b1151-4ae4-4823-875e-2f6385cd850c,Alert
a8843669-b371-4d05-81fc-b2619d9c1671,Alert
8f69af61-828d-4acc-8d0a-59a0564cf2d3,Alert
6de70f89-717d-41e7-9d82-1c042982b10f,Alert
d4dbe67b-9461-4398-9aee-1e8c40852997,Cancel
e9bf4d69-f3cc-4a66-b60b-3096280d4a39,Alert
c991b998-ff16-40d9-ac09-6fba82316816,Cancel
538f6aa7-d009-4f54-9d3e-8ccbb74723f1,Cancel
3c7eb480-281b-4aac-acb3-616952c221a2,Alert
7391edc1-0e8e-422e-8e9d-7a7a57805143,Alert
4c72bbff-c781-44db-a886-ae74bad58a77,Cancel
9489652d-49a1-498b-bcb5-7b4587dffcbb,Alert
466dd8a5-97bc-4e5f-8958-fd50d7a3284c,Cancel
088120d8-27c9-4918-a405-b2b02869c097,Alert
a1093d33-e746-487c-bb34-e0a28c515cb1,Alert
ef3dd293-a246-46ed-a75a-198dec37c042,Cancel
dd842f32-359f-4b2a-9d9b-00eef38d5bdd,Alert
28ff9615-3425-43a2-9450-1bce21dde682,Alert
5000e67a-e8d1-4c1c-b03a-b0a0376fa444,Cancel
a7e38bc7-66d3-4f74-adbf-04b98f5d2332,Alert
1c9fee14-16b1-4d19-8a00-dd7b0dd1befb,Alert
e21d29f8-4d4b-438b-9292-2c55406c2014,Cancel
52743153-947e-475c-a68d-d761aa306665,Cancel
cbe27dc4-cd4b-428b-853a-a0a0b19b2405,Alert
d791bdca-be41-4186-85b5-bf1cdddf77eb,Cancel
37e08046-35a1-42dd-adea-030f80ee5d8a,Cancel
5f0f3619-0552-46ad-9469-c074a8ffe423,Alert
cf4cdb69-1b98-4093-8bcd-7a99384b755f,Alert
1a7ab46e-704c-47fb-a6fa-89b0aefac1ed,Cancel
43b692e2-a65b-414a-9076-12bf77d7591f,Alert
872abf7a-d3f8-442d-81fb-d7edb0856dc8,Cancel
9b8cb742-2cb2-4ec1-92ba-83a98b59699b,Cancel
df9c74e3-5269-4f1a-bf8e-5f0aef6ecb3f,Alert
e9b2cd33-4350-464d-965c-de1e086ec9e0,Alert
b3020249-cef5-4f3c-8902-4dd050d7ffe6,Cancel
6b746125-7da5-47f4-9c5a-fdf1776681cf,Alert
b850940a-0645-4401-bead-3772b94b67f8,Cancel
a306a821-b4be-464b-9567-3572f4d0cf0e,Alert
a6a9cc7a-38a1-4b64-9b67-d6ff01021e08,Alert
e22d9469-970d-4fd0-8f0c-cd185bb09220,Alert
d24c43e1-14b8-4911-8f1f-002a78e2ce71,Update
eb9a9716-f67e-4dc8-ad9d-20f1356abe03,Cancel
6c8dbe08-10d1-47f1-a169-d7f4e5029e98,Alert
2bff38e7-21d7-4c66-a502-c9a49f0c1c43,Cancel
9274e9ee-8cfb-438a-a0c4-52ca55458b38,Alert
b1bc65cf-6f41-416e-a55f-9e9b3e4ae5d7,Alert
2cab9666-5fce-469a-947a-257ea17f9504,Cancel
dcfd0ace-1827-41b2-ae89-5ac56849f978,Alert
842dce71-144b-4b40-b253-5cbeb1e7aa6d,Alert
16a5beb0-b773-4f7b-9e61-dc474fe14d59,Cancel
9b3620b7-100a-487d-8969-8daf648648c9,Alert
a35a4125-8676-4a88-b7e0-f617cf767d6a,Cancel
b8ead013-6721-4544-a608-be0ec5aff183,Alert
6e21cfb7-7075-4356-bc39-5e1384dc401c,Alert
d38b1fcd-99f1-4b38-a5e2-fca6fd7c5e04,Cancel
928a3614-7161-42a2-a861-0da97a9f8390,Alert
a4993fec-d884-4815-8a57-7cfca0d3a074,Alert
b692b9fa-e9f3-4d7e-a85e-4c51eaaaf187,Cancel
a7035be3-b471-42a2-b53c-6259b6c4d373,Alert
325c377f-244a-4cf0-9abc-53a5907e6b7b,Alert
5f2043dc-d5e2-4226-b828-2345121fba00,Alert
702a886d-5867-4285-813b-1a86fa729866,Cancel
1b29464d-1f21-4e82-a39a-9d05953b82e3,Alert
16783188-fa29-4990-b892-c02bb7c165cf,Alert
c998d804-0877-4c3a-a9e5-5a53a0c49ad7,Alert
5bc86d21-1f42-48de-8ae6-8278df4260fd,Cancel
7b3c841f-7b6f-45c0-ad40-2a3f32da821e,Cancel
d4f26c8f-e3c4-4313-bd83-e4ce0360ef98,Cancel
08c8f353-5858-4bfd-9dd7-094e8d7ec014,Alert
a6fb60ee-55b1-4944-9dad-8cfbe9d90f45,Alert
dfaaefa1-9741-4ef7-b911-c9457c46d301,Alert
45dd7518-c1e2-4e8c-88a9-99b98999b521,Alert
b447fe7d-9089-463d-a726-99f183d1998d,Cancel
ed1951d4-fd8f-47ec-9d70-a11692f4a9a9,Cancel
904bafdc-d3c0-4a41-be23-fe364c9c8c30,Alert
6e3c7613-664a-4f9c-b49c-cf14bca05a8d,Alert
07ad75b7-7f07-4a2e-b34b-40977e8b7c64,Alert
d7c7cbc3-6351-47fd-9a2f-0b7da813f7f0,Cancel
ede8a04e-3ad0-477c-ad23-786211ef49e3,Alert
2f652d74-c3de-436e-a2b7-af707ec741ca,Cancel
e8b1be27-af60-4d3c-b40a-bb4510ed1298,Alert
b493fadf-af89-4027-bfe5-93e70da9a7a2,Cancel
38925484-a7e6-4461-a785-b46c4a795111,Alert
ac31e60c-377d-4f7e-b17e-9097956e34cf,Alert
398f8137-e698-4b64-b0e8-857fc1590ef7,Alert
18aeaac0-859a-429b-9f29-26d604aa7864,Cancel
9df88691-a495-4cda-a53d-f83b7a9c4a49,Alert
2dff8969-4a30-4ca7-8fe3-a020d2f386bf,Cancel
321d1d24-887b-4b34-b321-ad7703328004,Alert
