alert_id,sent_utc,fips,state_fips,msg_type,event_code,event_text,matched_keyword,mentioned_age
faecb8f2-712a-4dff-8485-6c64aeaa20bd,2015-05-11 18:39:53+00:00,36103,36,Alert,LAE,Local Area Emergency,alzheimer,81
785f0f9d-2d28-44f8-8bb0-f80d41c26777,2016-01-28 03:43:24+00:00,21043,21,Alert,LAE,Local Area Emergency,alzheimer,71
d2746550-0314-4dc5-8066-f6eb9aad762d,2016-03-23 14:33:54+00:00,47045,47,Alert,CEM,Civil Emergency Message,silver alert,
85430cad-6374-4ede-9279-5691e5edf458,2016-04-24 00:50:03+00:00,55127,55,Alert,CEM,Civil Emergency Message,missing elderly,94
a134f9e9-c1a1-4de8-a0ff-56cb64f626e6,2016-06-16 16:54:44+00:00,47025,47,Alert,LAE,Endangered Missing Person,endangered missing,
a134f9e9-c1a1-4de8-a0ff-56cb64f626e6,2016-06-16 16:54:44+00:00,47173,47,Alert,LAE,Endangered Missing Person,endangered missing,
33d49363-0036-4570-8577-1ffb61e1fd4c,2016-09-14 14:27:00+00:00,21151,21,Alert,CEM,CIVIL EMERGENCY MESSAGE,golden alert,
53be5ab2-2d8e-48f7-b156-0a8ed1e8fca4,2016-12-22 15:14:00+00:00,21151,21,Alert,LAE,LOCAL AREA EMERGENCY,golden alert,78
494cbfad-b09b-49c7-893d-a97bc697f885,2017-10-26 19:34:50+00:00,36051,36,Alert,LAE,Local Area Emergency,missing endangered,
59460f06-b759-4347-a25b-7063a47a893b,2017-11-08 21:38:51+00:00,21019,21,Alert,LEW,Law Enforcement Warning,golden alert,
406bf8e3-fe3b-4a85-8cdc-7177f73ff475,2017-11-09 19:38:03+00:00,21019,21,Alert,LEW,Law Enforcement Warning,golden alert,
7f6b0f61-a2ed-4430-8a19-3e4ee3ee5612,2017-12-06 17:22:06+00:00,21043,21,Alert,LAE,Local Area Emergency,golden alert,60.0
3d80dac2-d80d-4b46-9b3c-be9580a516b4,2017-12-06 17:32:44+00:00,21043,21,Alert,LAE,Local Area Emergency,golden alert,60.0
c17c6040-84a3-462c-830f-19391591c591,2017-12-07 13:33:19+00:00,21043,21,Alert,LAE,Local Area Emergency,golden alert,
59d3df5d-6847-45e1-8773-3e2becf919ff,2018-04-01 12:20:52+00:00,47009,47,Alert,CEM,Civil Emergency Message,missing elderly,
6bfbc190-dbf9-4690-8075-0658a06cb8e8,2018-04-22 20:18:30+00:00,38000,38,Alert,CEM,Civil Emergency Message,silver alert,
23f8ef96-d7bf-409d-a6f2-66235b9ceae7,2018-04-22 21:07:25+00:00,38000,38,Alert,CEM,Civil Emergency Message,silver alert,
2b437198-6a11-4723-b146-aa3dae80880a,2018-06-23 23:55:45+00:00,38000,38,Alert,CEM,Civil Emergency Message,silver alert,76.0
84bbf8e6-a38d-4ab8-a2d8-40c229ac6565,2018-06-24 00:10:30+00:00,38000,38,Alert,CEM,Civil Emergency Message,missing elderly,
26276830-266e-402a-b576-5384bcc5d1e9,2018-06-24 15:14:25+00:00,38000,38,Alert,CEM,Civil Emergency Message,missing elderly,
9ee0e30c-d779-4a6c-900c-0c34a59c24c2,2018-07-07 01:38:53+00:00,17099,17,Alert,LAE,Local Area Emergency Warning,missing endangered,
d63db0fb-c00a-4cfd-9f3b-012515b090b1,2018-07-27 07:30:58+00:00,38000,38,Alert,CEM,Civil Emergency Message,silver alert,66.0
90e4ac02-b4af-4679-9955-9adcf01b8e22,2018-07-27 12:36:18+00:00,38000,38,Alert,CEM,Civil Emergency Message,silver alert,66.0
acbf64ef-ae27-415d-81b0-c83d361adf32,2018-07-27 13:12:40+00:00,38000,38,Alert,CEM,Civil Emergency Message,silver alert,
f819c017-6eac-43ae-bd3c-4f31e00a19a9,2018-07-28 02:44:10+00:00,21043,21,Alert,LAE,Local Area Emergency,golden alert,
7c8772e5-14b2-4d8a-aa47-7ba42bf37486,2018-07-28 12:49:54+00:00,21043,21,Alert,LAE,Local Area Emergency,golden alert,36.0
7ac313ff-3533-4982-ba84-2c144df45deb,2018-07-30 06:11:25+00:00,38000,38,Alert,CEM,Civil Emergency Message,silver alert,83.0
47c01fac-bca7-4213-9247-d0c9c890cdb3,2018-07-30 06:25:23+00:00,38000,38,Alert,CEM,Civil Emergency Message,silver alert,
00c525bb-b85d-4d14-950a-9e8ce45d40ef,2018-08-23 18:13:00+00:00,21151,21,Alert,LAE,LOCAL AREA EMERGENCY,golden alert,
418c7da2-60b9-4def-b17c-402afcd14796,2018-09-04 02:02:20+00:00,21043,21,Alert,LAE,Local Area Emergency,golden alert,
5355e2c8-65d5-4077-bec2-440e0564ac77,2018-09-04 20:21:58+00:00,21043,21,Alert,LAE,Local Area Emergency,golden alert,62.0
d8cc659a-6906-4bad-a77a-7b745d147a53,2018-10-16 00:34:23+00:00,32003,32,Alert,LAE,Local Area Emergency Warning,endangered missing,
ca131d17-915e-45ec-a79b-9a878d140756,2018-11-02 15:53:02+00:00,06071,06,Alert,LEW,Law Enforcement Warning,silver alert,
2326642b-b71f-4360-8ee0-398d484c1143,2018-11-02 17:53:55+00:00,06071,06,Cancel,LEW,Law Enforcement Warning,silver alert,
54b9787d-e906-45b0-a9bb-8a767ff2744c,2018-11-27 05:36:16+00:00,06065,06,Alert,LEW,Law Enforcement Warning,silver alert,
deccfde5-d71f-4e46-91cb-3c8aacf4dec4,2018-12-04 17:01:56+00:00,06085,06,Alert,LEW,Law Enforcement Warning,silver alert,
29e9e967-ddc1-4575-aacb-8c089f825c45,2018-12-10 21:38:26+00:00,48005,48,Alert,LAE,Local Area Emergency,silver alert,
ed57aae2-ce48-42b9-b985-d0ef6daf6f81,2018-12-11 21:01:50+00:00,06085,06,Alert,LEW,Law Enforcement Warning,silver alert,
be8095a6-50f6-42dc-b0ae-2129b7e07c82,2018-12-11 22:36:42+00:00,06085,06,Cancel,LEW,Law Enforcement Warning,silver alert,
37a6d9f8-f5d5-4134-b17a-173c539ab7dd,2018-12-16 03:14:23+00:00,06037,06,Alert,LEW,Law Enforcement Warning,silver alert,
70a2fc54-8220-43d5-aea1-ac1f07598bff,2018-12-16 23:44:19+00:00,06087,06,Alert,LEW,Law Enforcement Warning,silver alert,
599f43c2-d6d7-464a-810b-27f305b8a306,2019-01-03 04:31:47+00:00,06097,06,Alert,LEW,Law Enforcement Warning,silver alert,
a53b91d5-7a44-496e-b570-1ee5725ba7c6,2019-01-03 05:29:07+00:00,06097,06,Cancel,LEW,Law Enforcement Warning,silver alert,
9a87c4a3-c236-4a6e-90b4-941647ca13c3,2019-01-17 04:52:05+00:00,06081,06,Alert,LEW,Law Enforcement Warning,silver alert,
9a87c4a3-c236-4a6e-90b4-941647ca13c3,2019-01-17 04:52:05+00:00,06085,06,Alert,LEW,Law Enforcement Warning,silver alert,
25d2dcee-97e9-4d6a-b9e0-f6ce58cecd09,2019-01-17 06:00:46+00:00,06081,06,Cancel,LEW,Law Enforcement Warning,silver alert,
25d2dcee-97e9-4d6a-b9e0-f6ce58cecd09,2019-01-17 06:00:46+00:00,06085,06,Cancel,LEW,Law Enforcement Warning,silver alert,
c01e4d04-41e4-42d8-b702-3fc8e19be579,2019-02-03 03:44:47+00:00,06085,06,Alert,LEW,Law Enforcement Warning,silver alert,
5a974572-fb6a-49bb-81fc-75dc03ab6328,2019-02-11 16:34:38+00:00,06071,06,Alert,LEW,Law Enforcement Warning,silver alert,
aa4eb385-fdc3-48d3-acf3-49784bdcb9d9,2019-02-20 20:14:37+00:00,06037,06,Alert,LEW,Law Enforcement Warning,silver alert,
aa4eb385-fdc3-48d3-acf3-49784bdcb9d9,2019-02-20 20:14:37+00:00,06059,06,Alert,LEW,Law Enforcement Warning,silver alert,
dccb8ddf-3fa6-4c1f-acf5-073a700fa2a6,2019-02-23 22:23:55+00:00,38000,38,Alert,CEM,Civil Emergency Message,silver alert,59.0
da83e1d9-171b-4eb4-bd5f-643368a46e7e,2019-02-23 22:33:05+00:00,38000,38,Alert,CEM,Civil Emergency Message,silver alert,
40578f9a-4337-4cf1-8c76-e3a16b25412a,2019-03-01 05:45:21+00:00,06065,06,Alert,LEW,Law Enforcement Warning,silver alert,
f32b8980-d5b8-4ec4-ab5b-d6ccbc90034b,2019-03-01 06:35:40+00:00,06065,06,Cancel,LEW,Law Enforcement Warning,silver alert,
76c5c352-716d-4498-bdd5-ae5e0873bf09,2019-03-07 04:45:12+00:00,06065,06,Alert,LEW,Law Enforcement Warning,silver alert,
f28ef310-8717-41e7-8522-f7c28f739aea,2019-03-07 06:26:07+00:00,06065,06,Cancel,LEW,Law Enforcement Warning,silver alert,
eb05891d-adca-46b9-9106-1ca95f332b92,2019-03-12 17:47:56+00:00,06065,06,Alert,LEW,Law Enforcement Warning,silver alert,
9a59c1c0-bf5a-4565-8615-6931a0556d2c,2019-03-12 17:55:22+00:00,06065,06,Cancel,LEW,Law Enforcement Warning,silver alert,
c929f793-f86f-468e-a451-b5ae366dd074,2019-03-18 14:21:00+00:00,06107,06,Alert,LEW,Law Enforcement Warning,silver alert,
90b755d7-444e-4b9d-9395-f06b2c6ab892,2019-03-18 15:59:02+00:00,06107,06,Cancel,LEW,Law Enforcement Warning,silver alert,
d340c21a-daeb-4a1a-8ff4-7e2e874021a8,2019-03-24 04:09:45+00:00,06085,06,Alert,LEW,Law Enforcement Warning,silver alert,
ad738d3f-09b0-4493-bf91-53a7a1bb7563,2019-03-24 04:36:27+00:00,06085,06,Cancel,LEW,Law Enforcement Warning,silver alert,
4b06f0da-0956-47ba-8436-d41aba112d6c,2019-03-28 23:25:22+00:00,06013,06,Alert,LEW,Law Enforcement Warning,endangered missing,
6637451f-f178-4a12-b031-62096b12d326,2019-04-17 03:13:19+00:00,06037,06,Alert,LEW,Law Enforcement Warning,endangered missing,
0a0ddc5a-2834-4545-96f0-7c4fd87fb465,2019-04-17 03:15:20+00:00,06037,06,Cancel,LEW,Law Enforcement Warning,endangered missing,
1ad09842-2a3e-476a-9df4-863d7ffe1bb3,2019-04-24 04:55:20+00:00,04000,04,Alert,LEW,Law Enforcement Warning,silver alert,
2c7d7c4b-0365-4204-8dc3-e9bc8708358d,2019-04-26 18:31:32+00:00,06085,06,Alert,LEW,Law Enforcement Warning,silver alert,
e561985d-b3aa-4cb1-b482-a4360d273d28,2019-05-04 00:48:05+00:00,06037,06,Alert,LEW,Law Enforcement Warning,silver alert,
1df9f758-da0f-40de-9b0f-b16998db51dc,2019-05-04 03:13:17+00:00,06037,06,Cancel,LEW,Law Enforcement Warning,silver alert,
3f4991a1-97b8-42fd-8344-cb8b28e6afe5,2019-05-09 00:50:53+00:00,06037,06,Alert,BLU,Law Enforcement Blue Alert,silver alert,
d8b7df60-c714-4eb6-b4f6-2f2fb6d0804a,2019-05-09 01:03:58+00:00,06037,06,Cancel,BLU,Law Enforcement Blue Alert,silver alert,
5304bfe7-03bb-4af9-a7c7-782d9469661d,2019-05-09 01:39:24+00:00,06037,06,Alert,LEW,Law Enforcement Warning,silver alert,
a1ff07d2-16b5-413f-a899-c315dc0ce95f,2019-05-09 16:56:05+00:00,21067,21,Alert,CEM,Civil Emergency Message,golden alert,85.0
9e4c5e33-168c-4741-9169-334ee8298a94,2019-05-09 17:01:25+00:00,21067,21,Alert,CEM,Civil Emergency Message,golden alert,85.0
9619e311-dddc-464d-8b63-ec2e5c965741,2019-05-18 23:48:10+00:00,06085,06,Alert,LEW,Law Enforcement Warning,silver alert,
a01b3de2-d4e1-41af-a52e-21c723d1e392,2019-05-19 00:21:36+00:00,06085,06,Cancel,LEW,Law Enforcement Warning,silver alert,
b72b7d16-bfda-48a8-abf1-1c115386c742,2019-05-23 15:09:00+00:00,18003,18,Alert,LAE,Local Area Emergency,alzheimer,72.0
fe50889f-2adb-4a34-91b7-5cac5da12bff,2019-05-25 01:16:20+00:00,53077,53,Alert,LEW,Law Enforcement Warning,silver alert,
95ee214a-95ff-405c-a06d-fe524c980284,2019-05-25 18:44:51+00:00,06013,06,Alert,LEW,Law Enforcement Warning,silver alert,
0574f535-5bb1-4f6e-a8d9-5ea412864200,2019-05-25 20:12:15+00:00,06013,06,Cancel,LEW,Law Enforcement Warning,silver alert,
0dad0a27-af73-4ae6-80e2-50d49cc9f0c3,2019-05-26 15:31:20+00:00,06077,06,Alert,LEW,Law Enforcement Warning,silver alert,
d0458aac-5956-4e92-9f72-14ffef56bee2,2019-05-26 19:17:17+00:00,06077,06,Cancel,LEW,Law Enforcement Warning,silver alert,
6cd21bdf-8f70-4595-9050-59186703c567,2019-05-30 17:44:50+00:00,38000,38,Alert,CEM,Civil Emergency Message,silver alert,77.0
f55f978d-62cf-4886-a0bc-c417b05e97cf,2019-05-30 17:51:10+00:00,38000,38,Alert,CEM,Civil Emergency Message,silver alert,
1fb50f83-d57a-4992-9d32-5932301fab30,2019-06-05 16:58:21+00:00,13039,13,Alert,LAE,Local Area Emergency,alzheimer,71.0
3d21e069-fc48-4669-b0d5-694f2149ab11,2019-06-05 17:41:57+00:00,13039,13,Cancel,LAE,Local Area Emergency,alzheimer,71.0
21486e38-fd77-4565-9d23-2da617e1f3d9,2019-06-08 00:55:27+00:00,06071,06,Alert,LEW,Law Enforcement Warning,silver alert,
e1f22f90-0462-4eb8-b75d-641097cd3fc2,2019-06-15 15:18:05+00:00,06065,06,Alert,LEW,Law Enforcement Warning,silver alert,
ae19e0e9-432e-4fbd-afd7-6d847cee77df,2019-06-15 16:48:34+00:00,06065,06,Cancel,LEW,Law Enforcement Warning,silver alert,
c686105b-f4e7-435a-b7e9-d56cbb2fbadc,2019-06-21 23:51:52+00:00,06085,06,Alert,LEW,Law Enforcement Warning,silver alert,
47433fe7-efbc-440d-aef7-9324c8c92497,2019-06-22 00:16:36+00:00,06085,06,Cancel,LEW,Law Enforcement Warning,silver alert,
16beddf5-2295-4e15-a5b3-df1fd8b133d4,2019-06-28 03:56:09+00:00,06059,06,Alert,LEW,Law Enforcement Warning,silver alert,
eb85caf5-e0d8-4ad9-b1e1-36315cba8337,2019-06-28 04:17:18+00:00,06059,06,Update,LEW,Law Enforcement Warning,silver alert,
e5ea7cca-d5e2-4d9e-90b7-f55a9a6534b0,2019-06-29 00:19:03+00:00,06059,06,Alert,LEW,Law Enforcement Warning,silver alert,
95d05b7f-0995-4712-9137-4abbd8e90ae4,2019-07-02 03:46:52+00:00,04000,04,Alert,LEW,Law Enforcement Warning,silver alert,
1e3554e7-7d97-4612-86ed-32019b469d1e,2019-07-02 14:36:32+00:00,06037,06,Alert,LEW,Law Enforcement Warning,silver alert,
1e3554e7-7d97-4612-86ed-32019b469d1e,2019-07-02 14:36:32+00:00,06059,06,Alert,LEW,Law Enforcement Warning,silver alert,
84cccf82-6ecf-47b2-8404-b3581f3adfa5,2019-07-02 17:29:17+00:00,06037,06,Cancel,LEW,Law Enforcement Warning,silver alert,
84cccf82-6ecf-47b2-8404-b3581f3adfa5,2019-07-02 17:29:17+00:00,06059,06,Cancel,LEW,Law Enforcement Warning,silver alert,
3c610694-0196-4a86-84af-605438b609be,2019-07-07 21:22:43+00:00,06037,06,Alert,LEW,Law Enforcement Warning,silver alert,
60007793-e9ee-4651-a14a-c05cabb41d9e,2019-07-07 22:16:17+00:00,06037,06,Cancel,LEW,Law Enforcement Warning,silver alert,
ea276a87-6ee6-4561-bb4f-e0b1fb171372,2019-07-13 03:28:30+00:00,06085,06,Alert,LEW,Law Enforcement Warning,silver alert,
c30cec03-0273-4e51-9a3b-0e0adc3e51a2,2019-07-13 04:11:02+00:00,06085,06,Cancel,LEW,Law Enforcement Warning,silver alert,
9bfbfffe-51ab-47b5-803b-a2006191479d,2019-07-13 22:54:36+00:00,06047,06,Alert,LEW,Law Enforcement Warning,silver alert,
eef26d51-c87e-4a28-ad7a-96de2c33d143,2019-07-14 00:48:06+00:00,06047,06,Cancel,LEW,Law Enforcement Warning,silver alert,
a0945990-30d5-4d33-85e0-1666e5eda775,2019-07-14 15:13:07+00:00,06037,06,Alert,LEW,Law Enforcement Warning,silver alert,
b91377ea-b8b1-4f52-9640-ac00d54efdd9,2019-07-21 00:29:50+00:00,06019,06,Alert,LEW,Law Enforcement Warning,silver alert,
b91377ea-b8b1-4f52-9640-ac00d54efdd9,2019-07-21 00:29:50+00:00,06039,06,Alert,LEW,Law Enforcement Warning,silver alert,
c5173f49-b37f-4cdb-8b86-029c61fccc39,2019-07-22 22:36:33+00:00,06059,06,Alert,LEW,Law Enforcement Warning,silver alert,
a002b7ed-ac38-46db-b89b-beff77136f8b,2019-07-22 23:42:52+00:00,06059,06,Cancel,LEW,Law Enforcement Warning,silver alert,
1fe408bd-29bc-4126-a4dc-758b8cb7939b,2019-08-06 17:46:04+00:00,55133,55,Alert,LEW,Law Enforcement Warning,missing endangered,
acd9e4e9-c3c2-4274-a913-b1801cc1b143,2019-08-08 16:48:21+00:00,54005,54,Alert,LEW,Silver Alert,silver alert,68.0
ba1f9701-1d03-4186-9636-711bdf871773,2019-08-12 22:37:17+00:00,06085,06,Alert,LEW,Law Enforcement Warning,silver alert,
23d2f056-379e-4698-9c69-6bcc76dfeb66,2019-08-19 22:48:31+00:00,06073,06,Alert,LEW,Law Enforcement Warning,silver alert,
57e70acf-286f-4e7f-bd44-e38249f72754,2019-08-27 21:43:43+00:00,06081,06,Alert,LEW,Law Enforcement Warning,silver alert,
597a7b26-9e03-4073-a708-1b222e101e5f,2019-09-05 00:06:38+00:00,06081,06,Alert,LEW,Law Enforcement Warning,silver alert,
89c65466-5a30-4565-b2f7-d8754b62455e,2019-09-05 01:16:42+00:00,06081,06,Cancel,LEW,Law Enforcement Warning,silver alert,
6481a89a-f7bf-40f3-82f7-b5700886fb31,2019-09-09 15:06:00+00:00,06037,06,Alert,LEW,Law Enforcement Warning,silver alert,
1ded251e-365c-4324-bc3e-e5f8a6703160,2019-09-09 15:15:25+00:00,06037,06,Update,LEW,Law Enforcement Warning,silver alert,
c67b9fca-38fd-4c4a-86f3-0418bd5d78c5,2019-09-09 17:31:48+00:00,06085,06,Alert,LEW,Law Enforcement Warning,silver alert,
9355fec4-d678-46a6-8998-5ce2bf38ff4b,2019-09-09 18:00:06+00:00,06037,06,Cancel,LEW,Law Enforcement Warning,silver alert,
459bdf9d-b07d-4690-8153-4017a3d863a5,2019-09-09 19:15:56+00:00,06085,06,Cancel,LEW,Law Enforcement Warning,silver alert,
56351aa5-ab4c-48f5-ba12-2023b8893500,2019-09-12 02:33:09+00:00,06085,06,Alert,LEW,Law Enforcement Warning,silver alert,
a6480a74-4c0f-4420-896a-c41950cae216,2019-09-12 05:00:37+00:00,06085,06,Cancel,LEW,Law Enforcement Warning,silver alert,
7cf1a56e-910e-4500-a783-f47cce55bae9,2019-09-13 16:54:38+00:00,06071,06,Alert,LEW,Law Enforcement Warning,silver alert,
da589621-38b4-486e-8cdc-f155af83c04f,2019-09-13 18:08:23+00:00,06071,06,Cancel,LEW,Law Enforcement Warning,silver alert,
fbfd2e84-9b67-4060-ae98-e71e8e18dba0,2019-09-17 00:15:30+00:00,06085,06,Alert,LEW,Law Enforcement Warning,silver alert,
a8a9a289-471a-4c1e-9b92-d1de4c30aef7,2019-09-17 00:37:30+00:00,06085,06,Cancel,LEW,Law Enforcement Warning,silver alert,
e81125b3-2ed8-48ea-b580-444672dbaeb6,2019-09-18 05:07:10+00:00,38000,38,Alert,CEM,Civil Emergency Message,silver alert,87.0
6b0e84db-4834-477e-a7a1-8f49d6b57320,2019-09-18 12:26:10+00:00,38000,38,Alert,CEM,Civil Emergency Message,silver alert,87.0
63d87a43-785b-447d-afaf-2b79df0e09d2,2019-09-18 12:31:20+00:00,38000,38,Alert,CEM,Civil Emergency Message,silver alert,
23a78439-d4d1-42e9-bc9a-dcd3102ebb88,2019-09-18 15:27:10+00:00,38000,38,Alert,CEM,Civil Emergency Message,silver alert,
7681bd2d-7c93-46fa-8d0e-dc0606e421f2,2019-09-20 20:23:51+00:00,04001,04,Alert,LAE,Local Area Emergency Warning,silver alert,
ab86889b-cf2b-430b-b5c5-1179cc54a41c,2019-10-06 22:27:12+00:00,21239,21,Alert,LAE,Local Area Emergency Warning,golden alert,53.0
d36c4b37-25ed-494f-aa47-9962875e12bb,2019-10-09 23:54:17+00:00,21239,21,Alert,LEW,Law Enforcement Warning,golden alert,53.0
49643949-309e-4568-96c7-ba6ed495cf71,2019-10-14 16:57:08+00:00,06037,06,Alert,LEW,Law Enforcement Warning,silver alert,
55a7478a-623b-4a6d-991b-3baf129d4006,2019-10-14 18:16:32+00:00,06037,06,Cancel,LEW,Law Enforcement Warning,silver alert,
2ac86be4-8b54-479e-8535-1ce55f30a7d2,2019-10-15 17:45:25+00:00,36013,36,Alert,LAE,Daily Operations,missing vulnerable,
185b5390-ab0f-48f7-8bc2-e2d9072a2b19,2019-10-15 18:42:41+00:00,36013,36,Update,LAE,Daily Operations,missing vulnerable,
90a479b0-5857-4ac5-97ca-55f25722594c,2019-10-22 18:05:25+00:00,06071,06,Alert,LEW,Law Enforcement Warning,silver alert,
bc484d6b-7823-4cdb-9139-caeb578e20c0,2019-10-22 19:49:14+00:00,06071,06,Cancel,LEW,Law Enforcement Warning,silver alert,
f9aacc9c-de54-4c07-b39a-43b7500bfee0,2019-10-25 14:27:34+00:00,06085,06,Alert,LEW,Law Enforcement Warning,silver alert,
ed2a7b1f-557a-4b13-9e08-ea1a60e41bbd,2019-11-03 03:47:45+00:00,06085,06,Alert,LEW,Law Enforcement Warning,silver alert,
ce9ce17b-8ca4-4acf-aae0-64c3e6f47bbd,2019-11-05 05:02:49+00:00,06085,06,Alert,LEW,Law Enforcement Warning,silver alert,
baa6635d-2159-4816-97d2-a478420b3283,2019-11-10 19:32:04+00:00,21239,21,Alert,LAE,Local Area Emergency Warning,golden alert,53.0
e253bbe3-5894-4fa9-9809-d92641293604,2019-11-12 00:37:11+00:00,06059,06,Alert,LEW,Law Enforcement Warning,silver alert,
9db13cde-6aa1-4b7f-b8de-8705831d77bb,2019-11-22 01:10:25+00:00,06071,06,Alert,LEW,Law Enforcement Warning,silver alert,
6855f5bd-3e9e-41ac-aade-bd9158026cae,2019-11-22 19:31:26+00:00,06065,06,Alert,LEW,Law Enforcement Warning,silver alert,
6e4717bc-617e-4a43-89a4-336990c3701b,2019-11-28 16:59:47+00:00,06013,06,Alert,LEW,Law Enforcement Warning,endangered missing,
0b0de54a-c2ec-4f3b-aee9-249ae4a92bd6,2019-11-28 17:56:23+00:00,06013,06,Cancel,LEW,Law Enforcement Warning,endangered missing,
22d20594-22b0-4904-ae7b-00a767fb6aa7,2019-11-29 20:49:44+00:00,06085,06,Alert,LEW,Law Enforcement Warning,silver alert,
11118079-c0d3-41e1-9c57-44b27cf18425,2019-11-29 22:46:42+00:00,06085,06,Cancel,LEW,Law Enforcement Warning,silver alert,
cc4a1cd1-058f-4476-a497-1e1f5d4e2477,2019-12-09 20:38:21+00:00,21043,21,Alert,LAE,Local Area Emergency,golden alert,
6dce52cc-0287-4432-b0ca-9f8cecb2eb7f,2019-12-12 02:56:34+00:00,06037,06,Alert,LEW,Law Enforcement Warning,silver alert,
12da84e1-1383-4b25-8de1-f6a28ed28098,2019-12-12 03:04:19+00:00,06037,06,Cancel,LEW,Law Enforcement Warning,silver alert,
f1c9879e-c453-4695-aa55-08220783c87c,2019-12-13 23:31:40+00:00,24013,24,Alert,LEW,Law Enforcement Warning,dementia,71.0
e5fda1d0-d527-434c-87e2-01bc63718524,2019-12-14 17:27:35+00:00,05007,05,Alert,LEW,Law Enforcement Warning,missing endangered,19.0
c66e105b-0d26-4a2d-9727-a2f36f8a5891,2019-12-16 12:40:53+00:00,53007,53,Alert,CEM,Civil Emergency Message,alzheimer,85.0
f3458511-94cd-40fc-ab08-cb594ee9980a,2019-12-19 18:01:15+00:00,06037,06,Alert,LEW,Law Enforcement Warning,silver alert,
2e904edf-5dda-4847-8a83-ff3eb8d11c28,2019-12-19 21:12:39+00:00,06037,06,Cancel,LEW,Law Enforcement Warning,silver alert,
86d14ab6-3fda-4bfd-a0af-7f7845352cb1,2020-01-17 17:14:09+00:00,06085,06,Alert,LEW,Law Enforcement Warning,silver alert,
5a6f51df-03d4-455e-b940-01ec34a49e06,2020-01-19 15:32:37+00:00,06037,06,Alert,LEW,Law Enforcement Warning,silver alert,
415cf8f7-74fd-4413-ae1f-303bdf6eab6a,2020-01-23 02:44:29+00:00,06001,06,Alert,LEW,Law Enforcement Warning,silver alert,
2746514e-4bda-44b9-808b-4c68af5fd75a,2020-01-23 03:12:00+00:00,06001,06,Cancel,LEW,Law Enforcement Warning,silver alert,
544817ae-9971-493f-9927-750fa8582de4,2020-02-10 05:33:30+00:00,06013,06,Alert,LEW,Law Enforcement Warning,silver alert,
544817ae-9971-493f-9927-750fa8582de4,2020-02-10 05:33:30+00:00,06095,06,Alert,LEW,Law Enforcement Warning,silver alert,
8b43d490-2740-438e-8a85-6e099e53eb84,2020-02-16 21:03:49+00:00,06037,06,Alert,LEW,Law Enforcement Warning,silver alert,
7c20d36f-26cd-45d7-a03f-68a477a0ae73,2020-02-16 23:19:45+00:00,06037,06,Cancel,LEW,Law Enforcement Warning,silver alert,
8898ec04-74d4-4f12-bd6e-8ab119db1241,2020-02-28 00:16:15+00:00,06085,06,Alert,LEW,Law Enforcement Warning,silver alert,
b132d7a6-4ba0-4e2d-a06b-f6760438bb84,2020-02-28 00:51:33+00:00,06061,06,Alert,LEW,Law Enforcement Warning,endangered missing,
b132d7a6-4ba0-4e2d-a06b-f6760438bb84,2020-02-28 00:51:33+00:00,06067,06,Alert,LEW,Law Enforcement Warning,endangered missing,
a285a6cf-a901-40d3-baba-efba72d476df,2020-02-28 01:02:07+00:00,06085,06,Cancel,LEW,Law Enforcement Warning,silver alert,
d386c19e-cba1-427c-a07f-e67f94b3deaa,2020-02-28 02:58:08+00:00,06061,06,Cancel,LEW,Law Enforcement Warning,endangered missing,
d386c19e-cba1-427c-a07f-e67f94b3deaa,2020-02-28 02:58:08+00:00,06067,06,Cancel,LEW,Law Enforcement Warning,endangered missing,
89830c75-0113-4f5f-9e53-83844a001898,2020-03-03 15:10:56+00:00,06077,06,Alert,LEW,Law Enforcement Warning,silver alert,
aeed83a4-7f39-4002-a6a7-a0a97fb60a23,2020-03-05 06:01:53+00:00,06041,06,Alert,LEW,Law Enforcement Warning,silver alert,
3ef4b6f3-66c9-4837-9792-66ab04fffb67,2020-03-05 06:05:32+00:00,06041,06,Cancel,LEW,Law Enforcement Warning,silver alert,
c8610d50-ebc7-4600-a526-36489b0fd0b4,2020-03-12 14:19:45+00:00,45081,45,Alert,LAE,Local Area Emergency,missing elderly,
3331d2ab-b635-4dd8-9019-738c7d10c0aa,2020-03-12 14:33:34+00:00,45081,45,Cancel,LAE,Local Area Emergency,missing elderly,
7abf9faa-b4e1-44d3-bfd4-caa9536167ec,2020-03-15 07:19:05+00:00,53063,53,Alert,LEW,Law Enforcement Warning,dementia,68.0
a87dc1fe-28a7-4a95-b93b-a1e9cc4b86e7,2020-03-15 07:36:26+00:00,53063,53,Update,LEW,Law Enforcement Warning,dementia,68.0
7f823e7b-6032-4925-88a1-191e013d8db4,2020-03-17 01:29:11+00:00,06037,06,Alert,LEW,Law Enforcement Warning,silver alert,
234bb7bc-f026-4595-ab53-329afe12f7ad,2020-03-17 04:36:23+00:00,06037,06,Cancel,LEW,Law Enforcement Warning,silver alert,
911462f1-176f-46cc-94e7-afd7654d70a3,2020-03-25 15:55:20+00:00,06065,06,Alert,LEW,Law Enforcement Warning,silver alert,
9b0ca4d9-7777-4482-a399-f55bd33c7b9d,2020-03-25 17:25:18+00:00,06065,06,Cancel,LEW,Law Enforcement Warning,silver alert,
6eb9c517-757d-4e5e-a4c3-a2f42e04025f,2020-03-29 18:57:30+00:00,53063,53,Alert,LEW,Law Enforcement Warning,missing vulnerable,
b8bddb55-b1ef-49f0-9ae5-f13931bfbcda,2020-03-29 19:23:23+00:00,53063,53,Update,LEW,Law Enforcement Warning,missing vulnerable,
f0b3cb19-1063-470d-96dc-10d7d947c648,2020-03-29 19:37:29+00:00,06037,06,Alert,LEW,Law Enforcement Warning,silver alert,
0613ce32-1f89-4bb7-8867-25247bad0406,2020-03-29 21:49:45+00:00,06037,06,Cancel,LEW,Law Enforcement Warning,silver alert,
3962118c-a4ff-4da6-9eab-c5a12830ed01,2020-03-30 01:46:23+00:00,06037,06,Alert,LEW,Law Enforcement Warning,silver alert,
04410513-8a8a-4ce4-a3c5-1b7d131fd64d,2020-03-30 02:15:12+00:00,06037,06,Cancel,LEW,Law Enforcement Warning,silver alert,
3646ae88-f0d0-421a-9709-d95d69e2c5a0,2020-04-13 21:12:31+00:00,06085,06,Alert,LEW,Law Enforcement Warning,silver alert,
9bbd15b0-4817-4bd9-b14b-9b961ede966f,2020-04-13 22:41:04+00:00,06085,06,Cancel,LEW,Law Enforcement Warning,silver alert,
75b21300-2be0-44bc-a816-323e48ea6c9f,2020-04-26 21:05:27+00:00,06037,06,Alert,LEW,Law Enforcement Warning,silver alert,
4320925e-fdcb-4b04-ac43-67b02d43e6e1,2020-04-29 20:01:21+00:00,06037,06,Alert,LEW,Law Enforcement Warning,silver alert,
5775b70c-f579-43c2-8add-7fb4a21c07d2,2020-04-29 20:18:48+00:00,06037,06,Update,LEW,Law Enforcement Warning,silver alert,
3d05487c-18be-4674-9525-bc053e68d936,2020-04-29 22:06:25+00:00,06037,06,Cancel,LEW,Law Enforcement Warning,silver alert,
a32d2de4-937b-4a0b-8e0e-cb5a9b28e5b2,2020-05-05 17:12:35+00:00,13157,13,Alert,LAE,Local Area Emergency,missing elderly,64.0
ec46680e-e6a8-4010-9a71-2f3c0af6a969,2020-05-05 17:14:38+00:00,13157,13,Alert,LAE,Local Area Emergency,missing elderly,64.0
77421c6e-089f-4598-8eb1-64203132fafa,2020-05-13 03:12:17+00:00,06037,06,Alert,LEW,Law Enforcement Warning,silver alert,
363487e2-109c-4a5c-9c27-c975a4282acd,2020-05-13 03:20:58+00:00,06037,06,Cancel,LEW,Law Enforcement Warning,silver alert,
3901e928-58e6-4238-a284-9538981a3d11,2020-05-13 03:23:52+00:00,06037,06,Alert,LEW,Law Enforcement Warning,silver alert,
a0f0ca24-f672-44b3-a00f-dae9e751c6fb,2020-05-13 03:47:56+00:00,06037,06,Cancel,LEW,Law Enforcement Warning,silver alert,
5792c199-4f69-41cb-bf87-b4c284917300,2020-05-21 03:28:47+00:00,06085,06,Alert,LEW,Law Enforcement Warning,silver alert,
dacd9f31-adfb-43dd-a130-859acf885319,2020-05-21 04:06:25+00:00,06085,06,Cancel,LEW,Law Enforcement Warning,silver alert,
3dac9687-49c6-41e6-bdb5-7cffcf9ee103,2020-05-22 19:38:35+00:00,31055,31,Alert,LEW,Law Enforcement Warning,missing vulnerable,62.0
93c59ee2-b32d-4bdf-a83e-eab9ebec633c,2020-06-17 16:26:30+00:00,27067,27,Alert,CEM,Civil Emergency Message,missing elderly,
5427f533-296a-40ab-b873-0f5401fb2704,2020-06-17 16:30:50+00:00,27067,27,Update,CEM,Civil Emergency Message,missing elderly,
68cb3b5c-b0af-4599-940b-1a1ae128f75b,2020-06-18 03:57:25+00:00,06037,06,Alert,LEW,Law Enforcement Warning,silver alert,
2e3799e1-c4d6-4f00-838d-009d885a047d,2020-06-20 15:16:34+00:00,06037,06,Alert,LEW,Law Enforcement Warning,silver alert,
4362dec0-b9af-4b14-8c12-5fe2e7f0f78a,2020-07-04 01:26:43+00:00,06065,06,Alert,LEW,Law Enforcement Warning,silver alert,
2b0705eb-4584-4240-82fe-148121f8860a,2020-07-23 19:16:57+00:00,53063,53,Alert,LAE,Local Area Emergency,dementia,72.0
20fe4a6e-cfa3-4aa9-a96f-6382b244ec76,2020-07-26 00:18:00+00:00,06009,06,Alert,LEW,Law Enforcement Warning,silver alert,
94fc3f34-b85d-4e7b-af6b-5d26321c5e98,2020-07-26 01:43:22+00:00,06009,06,Cancel,LEW,Law Enforcement Warning,silver alert,
6d06a370-f012-43f8-8907-156ca713e422,2020-07-28 22:18:29+00:00,06007,06,Alert,LEW,Law Enforcement Warning,silver alert,
6886fba9-1e1c-4e6f-b758-5eca4f1a3bb3,2020-07-28 23:05:38+00:00,06007,06,Cancel,LEW,Law Enforcement Warning,silver alert,
c1b9f981-c2f3-47c7-9441-1f0e99b34c88,2020-08-02 00:01:35+00:00,38000,38,Alert,CEM,Civil Emergency Message,silver alert,
684b3d26-4c8a-49d8-a08e-e215feed384c,2020-08-03 01:15:05+00:00,06085,06,Alert,LEW,Law Enforcement Warning,silver alert,
5a398653-619c-40ee-9c9a-ebb983469a5a,2020-08-03 02:02:44+00:00,06085,06,Cancel,LEW,Law Enforcement Warning,silver alert,
3c34c41d-2c76-4fc9-a8a2-9290341d9655,2020-08-04 05:08:49+00:00,06059,06,Alert,LEW,Law Enforcement Warning,silver alert,
62ff2b92-6e72-4343-be19-9403c738f32a,2020-08-04 05:09:30+00:00,06059,06,Cancel,LEW,Law Enforcement Warning,silver alert,
cd421805-be64-4cd2-9e8a-dd990aef1241,2020-08-05 22:01:10+00:00,06039,06,Alert,BLU,Law Enforcement Blue Alert,silver alert,
240eaa49-dd33-4980-8745-1d8d36680594,2020-08-05 22:48:47+00:00,06037,06,Alert,LEW,Law Enforcement Warning,silver alert,
82c4471e-ece9-4963-93fa-a89cad0a9394,2020-08-06 00:15:27+00:00,06037,06,Cancel,LEW,Law Enforcement Warning,silver alert,
49054f23-093d-4237-a0e8-8f0f20566184,2020-08-06 00:16:16+00:00,06039,06,Cancel,BLU,Law Enforcement Blue Alert,silver alert,
c29de6a5-e80e-4192-8726-166725f9b7ef,2020-08-08 00:39:00+00:00,06001,06,Alert,LEW,Law Enforcement Warning,silver alert,
f2889a3a-0c10-42ba-9d1c-33615d8b12ed,2020-08-08 01:03:05+00:00,06001,06,Cancel,LEW,Law Enforcement Warning,silver alert,
e290d615-dfd0-4607-ab9d-dfa1c69b9596,2020-08-14 16:17:48+00:00,53063,53,Alert,LEW,Law Enforcement Warning,dementia,80.0
72a4d227-25c8-4e65-afef-86764666d421,2020-08-14 16:30:38+00:00,53063,53,Cancel,LEW,Law Enforcement Warning,dementia,80.0
c98193cc-b797-41b0-8be2-3b2e6d242dfc,2020-08-28 02:31:29+00:00,06001,06,Alert,LEW,Law Enforcement Warning,silver alert,
755a0491-0eea-47b0-814c-f54d931269ff,2020-08-31 21:11:20+00:00,06037,06,Alert,LEW,Law Enforcement Warning,silver alert,
1ac2c50f-735a-48aa-8876-88869582bff5,2020-09-01 14:58:27+00:00,06073,06,Alert,LEW,Law Enforcement Warning,silver alert,
4d66db60-2202-4246-a86d-6a0b1514d66d,2020-09-01 16:51:53+00:00,06067,06,Alert,LEW,Law Enforcement Warning,silver alert,
70e49992-fb66-4e11-ae21-fef957deba9d,2020-09-03 14:07:27+00:00,55127,55,Alert,LAE,Local Area Emergency Warning,missing vulnerable,
43d20f81-77c4-44b9-b8c3-41a2967937c8,2020-09-14 17:01:43+00:00,24013,24,Alert,CEM,Civil Emergency Message,critical missing,29.0
44107de9-dd07-4114-8a67-fd0d08f71762,2020-10-02 05:48:25+00:00,38000,38,Alert,CEM,Civil Emergency Message,silver alert,80.0
f432f5ad-ab86-4695-8c07-603df1d029a3,2020-10-02 05:58:45+00:00,38000,38,Alert,CEM,Civil Emergency Message,silver alert,
b6d39919-2ef3-4597-a151-ab13599f0559,2020-10-02 13:12:30+00:00,38000,38,Alert,CEM,Civil Emergency Message,silver alert,80.0
c62aa361-6eb8-4594-9c2c-8c815e7bbda2,2020-10-02 13:16:20+00:00,38000,38,Alert,CEM,Civil Emergency Message,silver alert,
48846aee-bebf-4835-a04f-d5ef6e58d368,2020-10-03 15:15:52+00:00,06001,06,Alert,LEW,Law Enforcement Warning,silver alert,
1f0ef9a5-3454-492d-afdf-fedf3c8156df,2020-10-03 16:48:18+00:00,06001,06,Cancel,LEW,Law Enforcement Warning,silver alert,
9c5cba5e-07a7-49c0-a397-f040024399e3,2020-10-03 22:01:34+00:00,06065,06,Alert,LEW,Law Enforcement Warning,silver alert,
9c5cba5e-07a7-49c0-a397-f040024399e3,2020-10-03 22:01:34+00:00,06071,06,Alert,LEW,Law Enforcement Warning,silver alert,
8144ce36-7926-4a26-a228-acfcfe862cc8,2020-10-03 23:58:26+00:00,06037,06,Alert,LEW,Law Enforcement Warning,silver alert,
953026fd-d677-468e-a099-031b42eee304,2020-10-08 16:09:34+00:00,06085,06,Alert,LEW,Law Enforcement Warning,silver alert,
de3ecde1-c989-4eb1-adda-b47192e65007,2020-10-17 22:35:15+00:00,06083,06,Alert,CEM,Civil Emergency Message,missing elderly,87.0
427b453a-e131-4452-a02f-1ef77bc382f2,2020-10-17 23:36:25+00:00,06083,06,Update,CEM,Civil Emergency Message,missing elderly,
751712e1-cd52-4304-863f-26cbb1ca1af4,2020-10-22 22:19:35+00:00,38000,38,Alert,CEM,Civil Emergency Message,silver alert,68.0
0cc8b4cf-18ef-4482-af2a-4d891d73634e,2020-10-22 22:27:20+00:00,38000,38,Alert,CEM,Civil Emergency Message,silver alert,
54f7ce37-90e8-4ab9-ba2e-11d71d9f4b2d,2020-10-25 01:24:55+00:00,06085,06,Alert,LEW,Law Enforcement Warning,silver alert,
1c823129-bdcf-4843-9faf-06f01343e638,2020-10-29 07:57:51+00:00,46123,46,Alert,LAE,Local Area Emergency Warning,dementia,70.0
a72a832c-74fe-44ea-8497-2781c495a7f1,2020-11-03 04:13:38+00:00,06029,06,Alert,LEW,Law Enforcement Warning,silver alert,
23c8ced9-fdc6-4bd4-bed4-78302a76b4ec,2020-11-03 05:16:38+00:00,06029,06,Cancel,LEW,Law Enforcement Warning,silver alert,
20b3c612-916e-4850-9f39-ceea19f8c75e,2020-11-05 04:06:54+00:00,06037,06,Alert,LEW,Law Enforcement Warning,silver alert,
b665f599-dd27-44f7-b823-6e8303fb106d,2020-11-11 18:27:52+00:00,06085,06,Alert,LEW,Law Enforcement Warning,silver alert,
bc963bc0-cb73-44d3-9565-cb3471b7e777,2020-11-12 17:43:14+00:00,32023,32,Alert,LEW,Law Enforcement Warning,missing endangered,62.0
fb2b5250-6f61-4bea-9506-89bb6d297283,2020-11-12 19:37:20+00:00,38000,38,Alert,CEM,Civil Emergency Message,silver alert,68.0
177d4c31-810d-4d26-b3e1-c40a0445b435,2020-11-12 19:40:00+00:00,38000,38,Alert,CEM,Civil Emergency Message,silver alert,
d130cbcf-0139-46af-8403-97b4aac59c31,2020-11-19 23:26:41+00:00,06037,06,Alert,LEW,Law Enforcement Warning,silver alert,
0bb434e9-c1df-41d3-8736-2204811db691,2020-11-26 04:48:38+00:00,06001,06,Alert,LEW,Law Enforcement Warning,silver alert,
0bb434e9-c1df-41d3-8736-2204811db691,2020-11-26 04:48:38+00:00,06085,06,Alert,LEW,Law Enforcement Warning,silver alert,
29bc8f72-5409-4849-a74d-323ddd2079e5,2020-12-02 19:47:31+00:00,06037,06,Alert,LEW,Law Enforcement Warning,silver alert,
c2423e04-4fbd-41ee-b604-5e5d7a1af1e7,2020-12-02 20:05:29+00:00,06037,06,Cancel,LEW,Law Enforcement Warning,silver alert,
6e339535-da57-4c4d-acad-7a2694f47fc7,2020-12-03 14:09:18+00:00,55133,55,Alert,LEW,Law Enforcement Warning,critical missing,58.0
a1e1c0f4-a868-444f-9542-299e4776ce66,2020-12-05 18:43:29+00:00,55133,55,Alert,LEW,Law Enforcement Warning,critical missing,
dd08deb7-e261-401b-9dca-2475479be329,2020-12-14 23:49:35+00:00,38000,38,Alert,CEM,Civil Emergency Message,silver alert,85.0
42302c59-9aa9-492d-81da-924c3ff0f3e6,2020-12-25 05:21:55+00:00,08101,08,Alert,LEW,Law Enforcement Warning,silver alert,
a03577eb-ed82-4cbc-aeb9-a6dd326f5bb9,2020-12-27 04:37:17+00:00,06037,06,Alert,LEW,Law Enforcement Warning,silver alert,
565a83d0-a422-428f-bb82-045225a05578,2020-12-28 11:28:10+00:00,21067,21,Alert,LAE,Local Area Emergency,golden alert,76.0
d99c7212-74ac-40b6-bdce-8659c37c89af,2021-01-08 01:25:42+00:00,06001,06,Alert,LEW,Law Enforcement Warning,silver alert,
b686d9d7-d7c4-43b6-9080-539ad12a8880,2021-01-08 17:36:00+00:00,06037,06,Alert,LEW,Law Enforcement Warning,silver alert,
c807eda8-56d0-4f82-891c-9d98e8bfd0f7,2021-01-10 06:01:23+00:00,53063,53,Alert,CEM,Civil Emergency Message,dementia,57.0
e6f477ea-d0e9-4efb-a02e-456dff79d3af,2021-01-12 00:44:57+00:00,06037,06,Alert,LEW,Law Enforcement Warning,silver alert,
a3e4731f-72d4-45c5-b223-8fd27157b214,2021-01-13 20:10:32+00:00,51000,51,Alert,LAE,Local Area Emergency,senior alert,
69e4306d-0df4-417d-bfaa-b6a0a2f41c11,2021-01-24 02:10:49+00:00,06001,06,Alert,LAE,Local Area Emergency,endangered missing,
a0a4dfea-a8ea-44f3-9390-62e36dde151a,2021-01-24 04:27:37+00:00,06001,06,Cancel,LAE,Local Area Emergency,endangered missing,
f98d72c3-f471-492c-bf39-65b8b01a40bc,2021-01-24 20:36:37+00:00,06047,06,Alert,LEW,Law Enforcement Warning,silver alert,
cb63fb71-1de5-41d7-b646-22732347fce7,2021-01-24 21:04:55+00:00,06047,06,Cancel,LEW,Law Enforcement Warning,silver alert,
770fbf0b-6aec-4b37-8be3-ae5393fdd9d1,2021-01-31 16:53:44+00:00,06019,06,Alert,LEW,Law Enforcement Warning,silver alert,
770fbf0b-6aec-4b37-8be3-ae5393fdd9d1,2021-01-31 16:53:44+00:00,06107,06,Alert,LEW,Law Enforcement Warning,silver alert,
cf9ef1b3-56ae-4f32-83bf-1a308643d79a,2021-02-01 01:01:44+00:00,06085,06,Alert,LEW,Law Enforcement Warning,silver alert,
9c0403ac-9294-4421-a408-4dd3b1fb8bea,2021-02-01 01:44:37+00:00,06085,06,Cancel,LEW,Law Enforcement Warning,silver alert,
15ce3288-d9e9-456b-a852-8e64807b9e90,2021-02-02 01:08:50+00:00,38000,38,Alert,CEM,Civil Emergency Message,silver alert,76.0
9c96732f-f2d2-4128-b1dc-81328482ccb9,2021-02-02 01:15:20+00:00,38000,38,Alert,CEM,Civil Emergency Message,silver alert,
93a1f05a-f8ea-4878-9446-687c67df28cf,2021-02-02 13:35:55+00:00,38000,38,Alert,CEM,Civil Emergency Message,silver alert,76.0
e00367da-32a5-41b9-8b5d-141043671709,2021-02-03 20:16:07+00:00,47011,47,Alert,LEW,Law Enforcement Warning,missing endangered,3.0
af43b08a-73f3-4fde-9109-e2a54dcab6c8,2021-02-04 02:10:20+00:00,38000,38,Alert,CEM,Civil Emergency Message,silver alert,70.0
8470e751-9b86-4760-a239-53784b413ccc,2021-02-04 02:23:25+00:00,38015,38,Alert,CEM,Civil Emergency Message,silver alert,
8470e751-9b86-4760-a239-53784b413ccc,2021-02-04 02:23:25+00:00,38059,38,Alert,CEM,Civil Emergency Message,silver alert,
0e900ae2-7d92-4fb2-b9e8-b87e83124695,2021-02-04 03:42:10+00:00,38001,38,Alert,CEM,Civil Emergency Message,silver alert,
0e900ae2-7d92-4fb2-b9e8-b87e83124695,2021-02-04 03:42:10+00:00,38003,38,Alert,CEM,Civil Emergency Message,silver alert,
0e900ae2-7d92-4fb2-b9e8-b87e83124695,2021-02-04 03:42:10+00:00,38005,38,Alert,CEM,Civil Emergency Message,silver alert,
0e900ae2-7d92-4fb2-b9e8-b87e83124695,2021-02-04 03:42:10+00:00,38007,38,Alert,CEM,Civil Emergency Message,silver alert,
0e900ae2-7d92-4fb2-b9e8-b87e83124695,2021-02-04 03:42:10+00:00,38009,38,Alert,CEM,Civil Emergency Message,silver alert,
0e900ae2-7d92-4fb2-b9e8-b87e83124695,2021-02-04 03:42:10+00:00,38011,38,Alert,CEM,Civil Emergency Message,silver alert,
0e900ae2-7d92-4fb2-b9e8-b87e83124695,2021-02-04 03:42:10+00:00,38013,38,Alert,CEM,Civil Emergency Message,silver alert,
0e900ae2-7d92-4fb2-b9e8-b87e83124695,2021-02-04 03:42:10+00:00,38017,38,Alert,CEM,Civil Emergency Message,silver alert,
0e900ae2-7d92-4fb2-b9e8-b87e83124695,2021-02-04 03:42:10+00:00,38019,38,Alert,CEM,Civil Emergency Message,silver alert,
0e900ae2-7d92-4fb2-b9e8-b87e83124695,2021-02-04 03:42:10+00:00,38021,38,Alert,CEM,Civil Emergency Message,silver alert,
0e900ae2-7d92-4fb2-b9e8-b87e83124695,2021-02-04 03:42:10+00:00,38023,38,Alert,CEM,Civil Emergency Message,silver alert,
0e900ae2-7d92-4fb2-b9e8-b87e83124695,2021-02-04 03:42:10+00:00,38025,38,Alert,CEM,Civil Emergency Message,silver alert,
0e900ae2-7d92-4fb2-b9e8-b87e83124695,2021-02-04 03:42:10+00:00,38027,38,Alert,CEM,Civil Emergency Message,silver alert,
0e900ae2-7d92-4fb2-b9e8-b87e83124695,2021-02-04 03:42:10+00:00,38029,38,Alert,CEM,Civil Emergency Message,silver alert,
0e900ae2-7d92-4fb2-b9e8-b87e83124695,2021-02-04 03:42:10+00:00,38031,38,Alert,CEM,Civil Emergency Message,silver alert,
0e900ae2-7d92-4fb2-b9e8-b87e83124695,2021-02-04 03:42:10+00:00,38033,38,Alert,CEM,Civil Emergency Message,silver alert,
0e900ae2-7d92-4fb2-b9e8-b87e83124695,2021-02-04 03:42:10+00:00,38035,38,Alert,CEM,Civil Emergency Message,silver alert,
0e900ae2-7d92-4fb2-b9e8-b87e83124695,2021-02-04 03:42:10+00:00,38037,38,Alert,CEM,Civil Emergency Message,silver alert,
0e900ae2-7d92-4fb2-b9e8-b87e83124695,2021-02-04 03:42:10+00:00,38039,38,Alert,CEM,Civil Emergency Message,silver alert,
0e900ae2-7d92-4fb2-b9e8-b87e83124695,2021-02-04 03:42:10+00:00,38041,38,Alert,CEM,Civil Emergency Message,silver alert,
0e900ae2-7d92-4fb2-b9e8-b87e83124695,2021-02-04 03:42:10+00:00,38043,38,Alert,CEM,Civil Emergency Message,silver alert,
0e900ae2-7d92-4fb2-b9e8-b87e83124695,2021-02-04 03:42:10+00:00,38045,38,Alert,CEM,Civil Emergency Message,silver alert,
0e900ae2-7d92-4fb2-b9e8-b87e83124695,2021-02-04 03:42:10+00:00,38047,38,Alert,CEM,Civil Emergency Message,silver alert,
0e900ae2-7d92-4fb2-b9e8-b87e83124695,2021-02-04 03:42:10+00:00,38049,38,Alert,CEM,Civil Emergency Message,silver alert,
0e900ae2-7d92-4fb2-b9e8-b87e83124695,2021-02-04 03:42:10+00:00,38051,38,Alert,CEM,Civil Emergency Message,silver alert,
0e900ae2-7d92-4fb2-b9e8-b87e83124695,2021-02-04 03:42:10+00:00,38053,38,Alert,CEM,Civil Emergency Message,silver alert,
0e900ae2-7d92-4fb2-b9e8-b87e83124695,2021-02-04 03:42:10+00:00,38055,38,Alert,CEM,Civil Emergency Message,silver alert,
0e900ae2-7d92-4fb2-b9e8-b87e83124695,2021-02-04 03:42:10+00:00,38057,38,Alert,CEM,Civil Emergency Message,silver alert,
0e900ae2-7d92-4fb2-b9e8-b87e83124695,2021-02-04 03:42:10+00:00,38061,38,Alert,CEM,Civil Emergency Message,silver alert,
0e900ae2-7d92-4fb2-b9e8-b87e83124695,2021-02-04 03:42:10+00:00,38063,38,Alert,CEM,Civil Emergency Message,silver alert,
0e900ae2-7d92-4fb2-b9e8-b87e83124695,2021-02-04 03:42:10+00:00,38065,38,Alert,CEM,Civil Emergency Message,silver alert,
0e900ae2-7d92-4fb2-b9e8-b87e83124695,2021-02-04 03:42:10+00:00,38067,38,Alert,CEM,Civil Emergency Message,silver alert,
0e900ae2-7d92-4fb2-b9e8-b87e83124695,2021-02-04 03:42:10+00:00,38069,38,Alert,CEM,Civil Emergency Message,silver alert,
0e900ae2-7d92-4fb2-b9e8-b87e83124695,2021-02-04 03:42:10+00:00,38071,38,Alert,CEM,Civil Emergency Message,silver alert,
0e900ae2-7d92-4fb2-b9e8-b87e83124695,2021-02-04 03:42:10+00:00,38073,38,Alert,CEM,Civil Emergency Message,silver alert,
0e900ae2-7d92-4fb2-b9e8-b87e83124695,2021-02-04 03:42:10+00:00,38075,38,Alert,CEM,Civil Emergency Message,silver alert,
0e900ae2-7d92-4fb2-b9e8-b87e83124695,2021-02-04 03:42:10+00:00,38077,38,Alert,CEM,Civil Emergency Message,silver alert,
0e900ae2-7d92-4fb2-b9e8-b87e83124695,2021-02-04 03:42:10+00:00,38079,38,Alert,CEM,Civil Emergency Message,silver alert,
0e900ae2-7d92-4fb2-b9e8-b87e83124695,2021-02-04 03:42:10+00:00,38081,38,Alert,CEM,Civil Emergency Message,silver alert,
0e900ae2-7d92-4fb2-b9e8-b87e83124695,2021-02-04 03:42:10+00:00,38083,38,Alert,CEM,Civil Emergency Message,silver alert,
0e900ae2-7d92-4fb2-b9e8-b87e83124695,2021-02-04 03:42:10+00:00,38085,38,Alert,CEM,Civil Emergency Message,silver alert,
0e900ae2-7d92-4fb2-b9e8-b87e83124695,2021-02-04 03:42:10+00:00,38087,38,Alert,CEM,Civil Emergency Message,silver alert,
0e900ae2-7d92-4fb2-b9e8-b87e83124695,2021-02-04 03:42:10+00:00,38089,38,Alert,CEM,Civil Emergency Message,silver alert,
0e900ae2-7d92-4fb2-b9e8-b87e83124695,2021-02-04 03:42:10+00:00,38091,38,Alert,CEM,Civil Emergency Message,silver alert,
0e900ae2-7d92-4fb2-b9e8-b87e83124695,2021-02-04 03:42:10+00:00,38093,38,Alert,CEM,Civil Emergency Message,silver alert,
0e900ae2-7d92-4fb2-b9e8-b87e83124695,2021-02-04 03:42:10+00:00,38095,38,Alert,CEM,Civil Emergency Message,silver alert,
0e900ae2-7d92-4fb2-b9e8-b87e83124695,2021-02-04 03:42:10+00:00,38097,38,Alert,CEM,Civil Emergency Message,silver alert,
0e900ae2-7d92-4fb2-b9e8-b87e83124695,2021-02-04 03:42:10+00:00,38099,38,Alert,CEM,Civil Emergency Message,silver alert,
0e900ae2-7d92-4fb2-b9e8-b87e83124695,2021-02-04 03:42:10+00:00,38101,38,Alert,CEM,Civil Emergency Message,silver alert,
0e900ae2-7d92-4fb2-b9e8-b87e83124695,2021-02-04 03:42:10+00:00,38103,38,Alert,CEM,Civil Emergency Message,silver alert,
0e900ae2-7d92-4fb2-b9e8-b87e83124695,2021-02-04 03:42:10+00:00,38105,38,Alert,CEM,Civil Emergency Message,silver alert,
96270eee-c2e3-4250-a3e9-a8b6e53434b8,2021-02-04 19:30:55+00:00,37071,37,Alert,CEM,Civil Emergency Message,dementia,
82b2c521-b879-4dee-9234-32cc8f20a27c,2021-02-04 21:46:15+00:00,37071,37,Alert,CEM,Civil Emergency Message,dementia,91.0
39d14573-4bd6-445e-af7a-436588d8bea5,2021-02-05 02:56:46+00:00,06085,06,Alert,LEW,Law Enforcement Warning,silver alert,
6417b772-1e00-4586-8c58-84c362c504c2,2021-02-05 04:34:49+00:00,06085,06,Cancel,LEW,Law Enforcement Warning,silver alert,
a27fc88f-edf0-48fc-a50a-504a4d948d40,2021-02-06 01:28:08+00:00,51013,51,Alert,LAE,Local Area Emergency,senior alert,78.0
a27fc88f-edf0-48fc-a50a-504a4d948d40,2021-02-06 01:28:08+00:00,51059,51,Alert,LAE,Local Area Emergency,senior alert,78.0
a27fc88f-edf0-48fc-a50a-504a4d948d40,2021-02-06 01:28:08+00:00,51107,51,Alert,LAE,Local Area Emergency,senior alert,78.0
a27fc88f-edf0-48fc-a50a-504a4d948d40,2021-02-06 01:28:08+00:00,51153,51,Alert,LAE,Local Area Emergency,senior alert,78.0
a27fc88f-edf0-48fc-a50a-504a4d948d40,2021-02-06 01:28:08+00:00,51510,51,Alert,LAE,Local Area Emergency,senior alert,78.0
a27fc88f-edf0-48fc-a50a-504a4d948d40,2021-02-06 01:28:08+00:00,51600,51,Alert,LAE,Local Area Emergency,senior alert,78.0
a27fc88f-edf0-48fc-a50a-504a4d948d40,2021-02-06 01:28:08+00:00,51610,51,Alert,LAE,Local Area Emergency,senior alert,78.0
028084c7-eb0a-4ade-bf9a-406a3dbd2ba6,2021-02-09 03:38:24+00:00,06085,06,Alert,LEW,Law Enforcement Warning,silver alert,
4b1e36f2-aea8-4ebd-b32b-5edee0d2aa34,2021-02-20 04:18:24+00:00,06037,06,Alert,LEW,Law Enforcement Warning,silver alert,
ad07d9a9-5d01-4d0f-afef-9c4542ef1a14,2021-02-23 22:17:43+00:00,06075,06,Alert,LEW,Law Enforcement Warning,silver alert,
ad07d9a9-5d01-4d0f-afef-9c4542ef1a14,2021-02-23 22:17:43+00:00,06081,06,Alert,LEW,Law Enforcement Warning,silver alert,
ad07d9a9-5d01-4d0f-afef-9c4542ef1a14,2021-02-23 22:17:43+00:00,06085,06,Alert,LEW,Law Enforcement Warning,silver alert,
aab95131-8ecf-4afe-9bc3-5acfcd02a9e5,2021-02-23 23:26:20+00:00,06075,06,Cancel,LEW,Law Enforcement Warning,silver alert,
aab95131-8ecf-4afe-9bc3-5acfcd02a9e5,2021-02-23 23:26:20+00:00,06081,06,Cancel,LEW,Law Enforcement Warning,silver alert,
aab95131-8ecf-4afe-9bc3-5acfcd02a9e5,2021-02-23 23:26:20+00:00,06085,06,Cancel,LEW,Law Enforcement Warning,silver alert,
416288d4-9fb6-45ed-bdf1-8fe7911b2dde,2021-03-12 21:04:05+00:00,06059,06,Alert,LEW,Law Enforcement Warning,silver alert,
6bd9d236-f72d-47b9-90fb-30ba523e71a2,2021-03-13 00:30:04+00:00,06059,06,Cancel,LEW,Law Enforcement Warning,silver alert,
725f7552-c9f5-4bc9-92b5-4c40d1a87428,2021-03-18 21:51:52+00:00,05007,05,Alert,LEW,Law Enforcement Warning,missing endangered,
a64e67c9-a0e3-469c-9114-60cb3ee61a9f,2021-03-21 20:16:54+00:00,06115,06,Alert,LEW,Law Enforcement Warning,silver alert,
bab034e8-e26c-4f65-9dad-4fed0e0292bc,2021-03-22 00:15:35+00:00,06115,06,Cancel,LEW,Law Enforcement Warning,silver alert,
8d2d85e5-5e85-48e9-843e-2d56f2a54bbe,2021-04-08 04:21:57+00:00,06059,06,Alert,LEW,Law Enforcement Warning,silver alert,
f0088132-5363-4a6f-a5ba-6f1226b8afdb,2021-04-08 05:01:55+00:00,06059,06,Cancel,LEW,Law Enforcement Warning,silver alert,
a029624f-1147-490a-8962-0b84abadb6b6,2021-04-14 03:10:22+00:00,04005,04,Alert,LEW,Page PD - Missing Person Assistance,missing elderly,75.0
ff918496-d7e1-412b-93e3-33c68eff56f4,2021-04-17 21:40:09+00:00,18003,18,Alert,LEW,Law Enforcement Warning,missing endangered,21.0
26e82a25-e343-4d64-bb72-4f3a1044f9e4,2021-04-21 02:12:23+00:00,06029,06,Alert,LEW,Law Enforcement Warning,silver alert,
54c7a4a8-d603-4ce2-8d30-f7aabdf0a14d,2021-04-21 19:07:16+00:00,06061,06,Alert,LEW,Law Enforcement Warning,silver alert,
54c7a4a8-d603-4ce2-8d30-f7aabdf0a14d,2021-04-21 19:07:16+00:00,06067,06,Alert,LEW,Law Enforcement Warning,silver alert,
67cc3daf-4a0e-447e-921d-741879ec7709,2021-04-24 02:12:00+00:00,38015,38,Alert,CEM,Civil Emergency Message,silver alert,50.0
67cc3daf-4a0e-447e-921d-741879ec7709,2021-04-24 02:12:00+00:00,38059,38,Alert,CEM,Civil Emergency Message,silver alert,50.0
638acb72-9327-4952-8376-8f6cbb279c54,2021-04-24 02:15:30+00:00,38015,38,Alert,CEM,Civil Emergency Message,silver alert,
638acb72-9327-4952-8376-8f6cbb279c54,2021-04-24 02:15:30+00:00,38059,38,Alert,CEM,Civil Emergency Message,silver alert,
4cc8f7bc-d4f7-4f83-a685-370af74d95b2,2021-04-24 19:31:08+00:00,47009,47,Alert,LAE,Local Area Emergency,dementia,
2faa3702-2e2f-4c22-922c-9fe31e684559,2021-04-25 14:30:24+00:00,12031,12,Alert,LAE,Local Area Emergency,missing endangered,5.0
24054b03-5688-4718-94cc-5d2af72d2177,2021-04-28 23:08:48+00:00,06037,06,Alert,LEW,Law Enforcement Warning,silver alert,
39d42406-c8de-454c-a0ff-3763de1842d9,2021-04-29 14:37:46+00:00,06067,06,Alert,LEW,Law Enforcement Warning,silver alert,
39d42406-c8de-454c-a0ff-3763de1842d9,2021-04-29 14:37:46+00:00,06113,06,Alert,LEW,Law Enforcement Warning,silver alert,
4c059672-d594-4524-a373-d4e50331b224,2021-05-03 00:09:09+00:00,06085,06,Alert,LEW,Law Enforcement Warning,silver alert,
a9ce51c9-4b2d-4cd2-b5fa-6272c9052995,2021-05-03 00:55:54+00:00,06085,06,Cancel,LEW,Law Enforcement Warning,silver alert,
61f2af1e-859b-4cf7-9add-7023c5189426,2021-05-06 05:14:25+00:00,49011,49,Alert,LAE,Local Area Emergency,dementia,53.0
4a895ed2-7b14-4e84-bfcf-36c965cd2c6e,2021-05-09 02:19:31+00:00,06067,06,Alert,LEW,Law Enforcement Warning,endangered missing,
4a895ed2-7b14-4e84-bfcf-36c965cd2c6e,2021-05-09 02:19:31+00:00,06113,06,Alert,LEW,Law Enforcement Warning,endangered missing,
da2e8987-d046-46cc-82c4-d2827b2eda41,2021-05-10 17:24:48+00:00,06001,06,Alert,LEW,Law Enforcement Warning,silver alert,
a1577d12-aa2c-4114-9078-ab4033f53f7a,2021-05-10 17:28:59+00:00,06001,06,Cancel,LEW,Law Enforcement Warning,silver alert,
9f9be8b7-3bec-4b1a-b8e6-4f136bfe7d2a,2021-05-10 19:55:40+00:00,06083,06,Alert,CEM,Civil Emergency Message,missing elderly,
71614696-1830-431c-97fe-62d4988619fc,2021-05-14 16:43:50+00:00,18089,18,Alert,LAE,Statewide Silver Alert has been declared,silver alert,29.0
911e8075-de33-40fa-afd3-49e1d9b4945b,2021-05-22 11:41:20+00:00,53077,53,Alert,LAE,Local Area Emergency,missing endangered,
2d6dd4d8-3b85-4054-bf3e-d530680dbc81,2021-05-23 02:30:55+00:00,18089,18,Alert,LAE,Silver Alert-Augusto Echevarria-Hammond,silver alert,81.0
95a4dc47-9f67-420a-ba32-95a55c899a55,2021-05-23 22:52:51+00:00,18089,18,Cancel,LAE,Silver Alert-Augusto Echevarria-Hammond,silver alert,81.0
afed78c5-8e9c-4d20-8044-b379ddd99282,2021-05-25 22:03:12+00:00,53063,53,Alert,LEW,Law Enforcement Warning,dementia,
a445983e-3ab8-43dc-8cf8-e81f83008bda,2021-05-29 23:22:43+00:00,06037,06,Alert,LEW,Law Enforcement Warning,silver alert,
8610d6a7-dc4c-4dc9-aab8-be4909695998,2021-06-01 00:03:28+00:00,12031,12,Alert,CEM,Civil Emergency Message,missing endangered,4.0
dc74de7c-85ac-4711-b536-7e90d9211b61,2021-06-03 04:44:23+00:00,18003,18,Alert,LEW,Law Enforcement Warning,missing endangered,4.0
87da2497-9ed7-49fd-86b1-284cb85f0483,2021-06-04 02:18:54+00:00,06037,06,Alert,LEW,Law Enforcement Warning,silver alert,
6f19c795-0087-4fba-bb0a-8e2f20fdc037,2021-06-04 04:58:15+00:00,06037,06,Cancel,LEW,Law Enforcement Warning,silver alert,
a0642f79-bbba-45f6-97d0-634853bce02b,2021-06-04 20:22:51+00:00,13225,13,Alert,LAE,Local Area Emergency,missing endangered,
baa30734-2886-4eba-bbc2-274e958561ef,2021-06-04 21:36:59+00:00,13225,13,Cancel,LAE,Local Area Emergency,missing endangered,
cb89f8e7-d935-4c9f-8dc9-b2bb08587eff,2021-06-15 01:28:50+00:00,06085,06,Alert,LEW,Law Enforcement Warning,silver alert,
98030053-4358-4a6d-b062-fd10b153153b,2021-06-15 02:11:25+00:00,18003,18,Alert,LAE,Local Area Emergency,missing endangered,12.0
75d7c8cd-fe05-40c0-a9f6-684414ae3158,2021-06-15 04:41:12+00:00,06085,06,Cancel,LEW,Law Enforcement Warning,silver alert,
69579b65-ef31-4ae9-a8f9-bec2dbdd98d9,2021-06-15 15:49:09+00:00,06065,06,Alert,LEW,Law Enforcement Warning,silver alert,
4816a4a4-21ff-4abb-81b4-5a52a92362f0,2021-06-15 18:45:46+00:00,06065,06,Cancel,LEW,Law Enforcement Warning,silver alert,
c21f6928-b4a7-43f6-b31b-db1114219246,2021-06-17 02:33:50+00:00,53063,53,Alert,CEM,Civil Emergency Message,dementia,
2400ceb5-1c6d-4120-867c-a33bc71e1914,2021-06-19 03:58:20+00:00,53063,53,Alert,LEW,Law Enforcement Warning,missing elderly,
76957b02-a9e2-4cf4-b717-d8e556ba6d31,2021-06-19 04:23:28+00:00,53063,53,Update,LEW,Law Enforcement Warning,missing elderly,
6c918c69-b8d3-49f4-868d-fad7872fb6d4,2021-06-19 16:10:14+00:00,21239,21,Alert,LEW,John Reeves Golden Alert,golden alert,
d91f85d5-15c7-4ab8-ae34-6373188e2dda,2021-06-19 16:35:10+00:00,21239,21,Cancel,LEW,John Reeves Golden Alert,golden alert,
1cd03089-39f0-4dcf-9ada-75122cb55dd2,2021-06-23 20:10:16+00:00,06085,06,Alert,LEW,Law Enforcement Warning,silver alert,
04b24c91-a86f-4c4e-8500-f3e2ba5be18b,2021-06-23 23:23:18+00:00,06085,06,Cancel,LEW,Law Enforcement Warning,silver alert,
5b1510c5-873f-44d6-8886-a71779157889,2021-06-25 01:34:19+00:00,53063,53,Alert,CDW,Civil Danger Warning,alzheimer,73.0
1ca005a3-5799-445e-8d16-3435fe8bb995,2021-06-30 04:26:32+00:00,06085,06,Alert,LEW,Law Enforcement Warning,silver alert,
a1387958-11e5-4460-9198-790ab56adbcb,2021-07-02 20:07:36+00:00,55133,55,Alert,LEW,Law Enforcement Warning,missing elderly,75.0
1215f82a-947a-44f1-bb48-1c0ffcd5a1f2,2021-07-02 21:31:45+00:00,55133,55,Alert,LEW,Law Enforcement Warning,missing elderly,75.0
8393fcd0-b5d6-47ef-b369-bd9c8f83202d,2021-07-04 17:01:51+00:00,53063,53,Alert,CEM,Civil Emergency Message,alzheimer,81.0
1a905a6e-d807-4fc8-b3d4-566202c5672b,2021-07-04 17:10:17+00:00,53063,53,Alert,CEM,Civil Emergency Message,alzheimer,81.0
8c4b5f2e-d2c2-45bb-ba4d-9473b86f5ecd,2021-07-06 15:42:25+00:00,12031,12,Alert,LAE,Local Area Emergency,missing endangered,14.0
d4e3b738-1882-42f8-902a-cc07e85418c5,2021-07-06 22:43:43+00:00,55133,55,Alert,LEW,Law Enforcement Warning,missing elderly,75.0
caf64f17-6ac2-4b44-8ab5-5ea3598014be,2021-07-06 22:53:23+00:00,55133,55,Update,LEW,Law Enforcement Warning,missing elderly,
04986f55-d4ae-421b-a10f-160639c5053c,2021-07-09 10:23:43+00:00,53063,53,Alert,LAE,Local Area Emergency,dementia,
27c5c3a2-288d-49d0-be48-afb0318e8759,2021-07-12 03:36:18+00:00,06019,06,Alert,LEW,Law Enforcement Warning,silver alert,
67df6528-b7f3-4c9f-b037-894f8e9b0614,2021-07-13 22:09:16+00:00,06037,06,Alert,LEW,Law Enforcement Warning,silver alert,
1320214a-62bd-4ae7-8770-2b5d28128aa2,2021-07-13 23:42:41+00:00,06037,06,Cancel,LEW,Law Enforcement Warning,silver alert,
dc76f440-ad1c-4996-be9e-17a71903a359,2021-07-16 17:13:21+00:00,18089,18,Alert,LAE,Silver Alert - GREGORY HETRICK - Dyer IN,silver alert,60.0
1dc19f12-af1d-4d6c-943b-c7675aaf4de0,2021-07-21 01:48:20+00:00,38000,38,Alert,CEM,Civil Emergency Message,silver alert,73.0
7120eeef-3f22-4647-b684-ecfb21fb6dfd,2021-07-21 02:08:00+00:00,38000,38,Alert,CEM,Civil Emergency Message,silver alert,
de181812-1bb6-45a3-a332-d2e8b744efd8,2021-07-21 18:07:53+00:00,06037,06,Alert,LEW,Law Enforcement Warning,silver alert,
e6ca4f17-647b-4ee0-8157-82f7f167d012,2021-07-21 19:44:30+00:00,12031,12,Alert,LAE,Local Area Emergency,missing endangered,9.0
60dd8e17-12ee-4004-9536-b2ab0e42588e,2021-07-21 20:59:58+00:00,06037,06,Cancel,LEW,Law Enforcement Warning,silver alert,
a9683ef6-9161-4c9c-acc3-614ecfcd906e,2021-07-28 18:03:46+00:00,13225,13,Alert,LAE,Local Area Emergency,missing endangered,66.0
a01b555e-10f3-4966-8175-fd9b4cdea746,2021-07-28 19:14:48+00:00,13225,13,Cancel,LAE,Local Area Emergency,missing endangered,66.0
68c3d523-67c5-4fc6-a51a-479bf2e45ac1,2021-07-28 19:19:18+00:00,13225,13,Alert,LAE,Local Area Emergency,missing endangered,
0c026b6a-805b-4c03-906c-d6e368e27e81,2021-07-29 04:00:52+00:00,06077,06,Alert,LEW,Law Enforcement Warning,silver alert,
ac34b126-a13b-4244-812d-bef43172f295,2021-07-29 04:49:23+00:00,06077,06,Cancel,LEW,Law Enforcement Warning,silver alert,
59e0c22a-ecff-462d-9810-c71828e04727,2021-07-29 21:10:54+00:00,06085,06,Alert,LEW,Law Enforcement Warning,silver alert,
c573bcde-c41c-4d71-b5de-033c291c0535,2021-07-30 22:39:11+00:00,18089,18,Alert,CEM,Statewide Silver Alert Declared,silver alert,11.0
3956597e-99dd-4b10-9bcc-b604c579db18,2021-07-31 00:38:11+00:00,06013,06,Alert,LEW,Law Enforcement Warning,silver alert,
060b901a-9d85-470b-8b8b-89ba4428066e,2021-07-31 07:55:33+00:00,18089,18,Cancel,CEM,Statewide Silver Alert Declared,silver alert,11.0
985cc7a1-472d-4f3b-ad7f-cc6c54fc7382,2021-08-03 11:53:29+00:00,12031,12,Alert,LAE,Local Area Emergency,missing endangered,58.0
0dd199d5-a5f7-4845-aad8-afdb3ead92d3,2021-08-05 21:46:51+00:00,06065,06,Alert,LEW,Law Enforcement Warning,silver alert,
487ff4c6-0d98-42a1-b0ea-98e54a3f0fda,2021-08-05 22:15:57+00:00,06037,06,Alert,LEW,Law Enforcement Warning,silver alert,
d09c7485-e171-4cfb-8300-8e42fa30818a,2021-08-06 19:41:20+00:00,06037,06,Alert,LEW,Law Enforcement Warning,endangered missing,
96adf780-2b47-465d-ab87-e96cafd315ce,2021-08-06 20:18:32+00:00,06037,06,Cancel,LEW,Law Enforcement Warning,endangered missing,
cd457a69-9875-46b3-bdda-a80159edda55,2021-08-08 20:56:21+00:00,06065,06,Alert,LEW,Law Enforcement Warning,silver alert,
51c0e811-3264-421c-a750-9a997bbe37f4,2021-08-08 22:22:07+00:00,06065,06,Cancel,LEW,Law Enforcement Warning,silver alert,
98cfcda3-0a2b-4c9b-85d5-9ee9cf30b6a2,2021-08-09 14:16:44+00:00,06081,06,Alert,LEW,Law Enforcement Warning,silver alert,
98cfcda3-0a2b-4c9b-85d5-9ee9cf30b6a2,2021-08-09 14:16:44+00:00,06085,06,Alert,LEW,Law Enforcement Warning,silver alert,
3e49683b-3bd5-4586-a572-cfc989a1df0f,2021-08-13 15:18:19+00:00,06037,06,Alert,LEW,Law Enforcement Warning,silver alert,
c3fa2699-a6d2-4022-b774-77182946c5e7,2021-08-14 15:54:00+00:00,21151,21,Alert,LAE,LOCAL AREA EMERGENCY,golden alert,
a928e43f-ff52-4859-8601-a8d7cdf2f64a,2021-08-14 16:04:00+00:00,21151,21,Alert,LAE,LOCAL AREA EMERGENCY,golden alert,
69f80750-154c-44f4-b4c0-1927d260cf4b,2021-08-14 16:28:00+00:00,21151,21,Alert,LAE,LOCAL AREA EMERGENCY,golden alert,
dbcf4c7d-d3c1-4884-b916-5a2cf91c3164,2021-08-20 23:50:08+00:00,06037,06,Alert,LEW,Law Enforcement Warning,endangered missing,
1052a1cb-4db9-4718-a204-e830e7c0cde9,2021-08-20 23:58:55+00:00,06037,06,Update,LEW,Law Enforcement Warning,endangered missing,
cfb5feaf-1717-4f89-ab1c-c7b4c978ae3b,2021-08-21 00:13:43+00:00,06037,06,Cancel,LEW,Law Enforcement Warning,endangered missing,
355a5a5d-1722-405b-83ab-6a6841487c76,2021-08-22 03:44:04+00:00,06031,06,Alert,LEW,Law Enforcement Warning,endangered missing,
5ec5fe3a-f62c-4474-b93f-a1566ff4f954,2021-08-22 03:57:12+00:00,06031,06,Cancel,LEW,Law Enforcement Warning,endangered missing,
dc0fda3a-2521-4ba5-b88c-4fe6b6b63c33,2021-08-22 17:50:04+00:00,06037,06,Alert,LEW,Law Enforcement Warning,silver alert,
05147b51-7e58-48b4-a1a7-780e636658ae,2021-08-22 19:45:08+00:00,06037,06,Cancel,LEW,Law Enforcement Warning,silver alert,
8e14fd84-d1a4-4011-92df-e07f035b6fec,2021-08-24 16:13:04+00:00,18003,18,Alert,LAE,Local Area Emergency,missing endangered,
a4bee461-5a9b-4785-9993-1412a30be86d,2021-08-25 13:00:40+00:00,12031,12,Alert,LAE,Local Area Emergency,missing endangered,76.0
503efeb1-c22e-4dd1-99a5-849daba94adf,2021-08-27 04:17:02+00:00,06067,06,Alert,LEW,Law Enforcement Warning,silver alert,
8c2bf833-93b1-4742-82d3-a7db0508dcbd,2021-08-27 04:57:40+00:00,06067,06,Cancel,LEW,Law Enforcement Warning,silver alert,
d013726d-5189-407c-b88c-13e7dc646556,2021-08-31 16:25:30+00:00,18003,18,Alert,LAE,Local Area Emergency,alzheimer,83.0
5c4ffa1d-655a-4b66-95bd-4ba1120321ea,2021-08-31 22:53:06+00:00,18089,18,Alert,LEW,Silver Alert - Davion Blakes - Age 15,silver alert,15.0
4b0d90a7-edc6-42d6-949b-9e4dcf928271,2021-09-04 18:00:20+00:00,38000,38,Alert,CEM,Civil Emergency Message,silver alert,53.0
4700bc77-2412-4652-b08c-46b41c8ab7e8,2021-09-04 18:09:10+00:00,38000,38,Alert,CEM,Civil Emergency Message,silver alert,
eb6ed034-38f0-40cc-8d8b-a22b966d8cb5,2021-09-07 03:57:14+00:00,06023,06,Alert,LEW,Law Enforcement Warning,silver alert,
67da5f24-3625-4659-b562-e06e994431e6,2021-09-07 04:20:50+00:00,06023,06,Cancel,LEW,Law Enforcement Warning,silver alert,
7ea1505d-5912-4944-b869-1ab543892973,2021-09-07 21:10:13+00:00,06059,06,Alert,LEW,Law Enforcement Warning,silver alert,
faafc888-749a-476e-ab86-d1147835b28d,2021-09-07 21:39:00+00:00,06059,06,Cancel,LEW,Law Enforcement Warning,silver alert,
2d1882bc-e072-4883-a7c8-465327265fd5,2021-09-08 02:19:15+00:00,06037,06,Alert,LEW,Law Enforcement Warning,silver alert,
38f8dc45-430d-4e67-8c2d-5868b1640218,2021-09-08 03:40:10+00:00,06037,06,Cancel,LEW,Law Enforcement Warning,silver alert,
71cea12c-f39f-494d-ac83-7293a94d4151,2021-09-09 15:12:34+00:00,06037,06,Alert,LEW,Law Enforcement Warning,silver alert,
e114d6db-eb21-4fef-be51-3f6c99d987b3,2021-09-09 16:27:56+00:00,06085,06,Alert,LEW,Law Enforcement Warning,endangered missing,
7e2e727f-5bb6-4f19-8ec3-5a8a60f78ee1,2021-09-09 16:54:34+00:00,06085,06,Cancel,LEW,Law Enforcement Warning,endangered missing,
38252c1f-d9ac-44ca-a877-14bf832fbe04,2021-09-12 13:42:30+00:00,18089,18,Alert,LEW,Silver Alert - William Kroncke - Age 65,silver alert,65.0
b97178cb-5d0d-4456-86bb-ecc885e66a2a,2021-09-12 17:31:14+00:00,18089,18,Cancel,LEW,Silver Alert - William Kroncke - Age 65,silver alert,65.0
6777a8a3-0b98-4cef-aaa6-9a52f860d43a,2021-09-19 23:51:45+00:00,38000,38,Alert,CEM,Civil Emergency Message,silver alert,88.0
cbf24bfb-0143-47e6-9917-dcbb3c11c067,2021-09-19 23:58:50+00:00,38000,38,Alert,CEM,Civil Emergency Message,silver alert,88.0
96d40ffc-0aa1-4be2-84f0-00470d2c867b,2021-09-21 12:08:23+00:00,42039,42,Alert,LAE,Local Area Emergency,missing elderly,
89c573b5-bf77-4523-8cfa-ffcd3fe0036f,2021-09-24 23:34:00+00:00,06085,06,Alert,LEW,Law Enforcement Warning,silver alert,
5e210ef8-d047-40d6-837b-70bc7b0348b9,2021-09-25 01:36:35+00:00,06085,06,Cancel,LEW,Law Enforcement Warning,silver alert,
9f939e4c-df2e-4e42-bee3-4f5e6b0eb7b0,2021-09-26 20:44:00+00:00,12031,12,Alert,LAE,Local Area Emergency,missing endangered,68.0
bc36ab98-5e54-40f6-9100-e1b4dfbb98c1,2021-09-29 00:14:00+00:00,38015,38,Alert,CEM,Civil Emergency Message,silver alert,72.0
bc36ab98-5e54-40f6-9100-e1b4dfbb98c1,2021-09-29 00:14:00+00:00,38059,38,Alert,CEM,Civil Emergency Message,silver alert,72.0
25ca5e68-9412-43b8-928a-0bf899530b62,2021-09-29 00:34:04+00:00,38015,38,Alert,CEM,Civil Emergency Message,silver alert,
25ca5e68-9412-43b8-928a-0bf899530b62,2021-09-29 00:34:04+00:00,38059,38,Alert,CEM,Civil Emergency Message,silver alert,
9b467cea-5ed7-4085-a276-4867c122c179,2021-10-07 06:31:51+00:00,18003,18,Alert,LAE,Local Area Emergency,missing endangered,53.0
6c2d166c-5207-40ef-9cef-0c120c1b285a,2021-10-07 07:44:39+00:00,18003,18,Cancel,LAE,Local Area Emergency,missing endangered,53.0
65f440f4-9ed4-4ceb-9e0c-bd029ef7afa1,2021-10-22 10:42:20+00:00,38000,38,Alert,CEM,Civil Emergency Message,silver alert,18.0
8d733224-d172-4e39-aa37-96d193f032dd,2021-10-22 10:50:50+00:00,38005,38,Alert,CEM,Civil Emergency Message,silver alert,
8d733224-d172-4e39-aa37-96d193f032dd,2021-10-22 10:50:50+00:00,38019,38,Alert,CEM,Civil Emergency Message,silver alert,
8d733224-d172-4e39-aa37-96d193f032dd,2021-10-22 10:50:50+00:00,38027,38,Alert,CEM,Civil Emergency Message,silver alert,
8d733224-d172-4e39-aa37-96d193f032dd,2021-10-22 10:50:50+00:00,38031,38,Alert,CEM,Civil Emergency Message,silver alert,
8d733224-d172-4e39-aa37-96d193f032dd,2021-10-22 10:50:50+00:00,38035,38,Alert,CEM,Civil Emergency Message,silver alert,
8d733224-d172-4e39-aa37-96d193f032dd,2021-10-22 10:50:50+00:00,38039,38,Alert,CEM,Civil Emergency Message,silver alert,
8d733224-d172-4e39-aa37-96d193f032dd,2021-10-22 10:50:50+00:00,38063,38,Alert,CEM,Civil Emergency Message,silver alert,
8d733224-d172-4e39-aa37-96d193f032dd,2021-10-22 10:50:50+00:00,38067,38,Alert,CEM,Civil Emergency Message,silver alert,
8d733224-d172-4e39-aa37-96d193f032dd,2021-10-22 10:50:50+00:00,38069,38,Alert,CEM,Civil Emergency Message,silver alert,
8d733224-d172-4e39-aa37-96d193f032dd,2021-10-22 10:50:50+00:00,38071,38,Alert,CEM,Civil Emergency Message,silver alert,
8d733224-d172-4e39-aa37-96d193f032dd,2021-10-22 10:50:50+00:00,38079,38,Alert,CEM,Civil Emergency Message,silver alert,
8d733224-d172-4e39-aa37-96d193f032dd,2021-10-22 10:50:50+00:00,38091,38,Alert,CEM,Civil Emergency Message,silver alert,
8d733224-d172-4e39-aa37-96d193f032dd,2021-10-22 10:50:50+00:00,38095,38,Alert,CEM,Civil Emergency Message,silver alert,
8d733224-d172-4e39-aa37-96d193f032dd,2021-10-22 10:50:50+00:00,38097,38,Alert,CEM,Civil Emergency Message,silver alert,
8d733224-d172-4e39-aa37-96d193f032dd,2021-10-22 10:50:50+00:00,38099,38,Alert,CEM,Civil Emergency Message,silver alert,
8d733224-d172-4e39-aa37-96d193f032dd,2021-10-22 10:50:50+00:00,38103,38,Alert,CEM,Civil Emergency Message,silver alert,
c82dde19-6966-4546-a548-1ae233140ccb,2021-10-25 05:12:29+00:00,18003,18,Alert,LAE,Local Area Emergency,missing endangered,12.0
1b38e16d-af83-4d3d-bd36-c02db409ecf2,2021-10-25 07:11:22+00:00,18003,18,Cancel,LAE,Local Area Emergency,missing endangered,12.0
d3d3be57-a019-4201-9041-3321286e4e38,2021-10-25 20:10:41+00:00,42039,42,Alert,LAE,Local Area Emergency,missing elderly,66.0
1fac37b9-6607-426c-8f93-e8f0138c626a,2021-10-26 16:25:01+00:00,06033,06,Alert,LEW,Law Enforcement Warning,silver alert,
c2233bda-0e61-4481-a88b-fe8701f483c9,2021-10-26 16:50:20+00:00,36019,36,Alert,CEM,Civil Emergency Message,dementia,78.0
a4fd3b19-e71c-40bb-beec-1e1235c0ce71,2021-11-03 16:52:10+00:00,38000,38,Alert,CEM,Civil Emergency Message,silver alert,18.0
4964c143-9b54-4a2a-a324-2079647b8080,2021-11-03 16:55:25+00:00,38000,38,Alert,CEM,Civil Emergency Message,silver alert,
e9befe1e-fa09-4917-bd29-9f38711ce9b6,2021-11-05 00:51:45+00:00,38000,38,Alert,CEM,Civil Emergency Message,silver alert,76.0
ba1efe98-abd4-49fb-b987-2a0924a7b027,2021-11-05 01:05:50+00:00,38000,38,Alert,CEM,Civil Emergency Message,silver alert,
e13e4fc4-9983-4342-b870-67fc674244b7,2021-11-05 01:08:15+00:00,38000,38,Alert,CEM,Civil Emergency Message,silver alert,
21db2629-315d-481b-ad66-e15fe6876c4c,2021-11-07 03:32:19+00:00,06065,06,Alert,LEW,Law Enforcement Warning,silver alert,
cd5670a4-3299-471e-9515-8c652844f2e9,2021-11-08 21:47:51+00:00,06001,06,Alert,LEW,Law Enforcement Warning,silver alert,
91d92598-c971-467b-ad12-16c0b8cf1d1d,2021-11-08 22:15:39+00:00,06001,06,Cancel,LEW,Law Enforcement Warning,silver alert,
579459ed-ed54-4f88-a9d5-89cffdf70d61,2021-11-10 00:25:20+00:00,37071,37,Alert,LEW,Law Enforcement Warning,dementia,75.0
77fdd954-1ce0-4d5f-8179-93993c1e621e,2021-11-10 22:27:39+00:00,06037,06,Alert,LEW,Law Enforcement Warning,silver alert,
65db5ba2-ba9f-4267-b2f7-9e8e5b3f7d60,2021-11-10 23:31:06+00:00,06037,06,Cancel,LEW,Law Enforcement Warning,silver alert,
94e67e5a-289b-4058-b7b6-298c0f21618a,2021-11-12 21:53:36+00:00,06071,06,Alert,LEW,Law Enforcement Warning,endangered missing,
cfa66461-af3d-4901-8986-41594298f077,2021-11-12 22:01:02+00:00,06071,06,Cancel,LEW,Law Enforcement Warning,endangered missing,
6bb69627-9392-4c47-9602-e816d5618530,2021-11-14 03:25:10+00:00,24013,24,Alert,LAE,Local Area Emergency,dementia,71.0
085f8872-8069-4806-8ad0-ac0f6de5d8b1,2021-11-14 22:50:57+00:00,13225,13,Alert,LEW,Law Enforcement Warning,missing endangered,
1e952cfd-9b00-467d-a79c-ede61ef7ec6d,2021-11-14 23:01:57+00:00,13225,13,Update,LEW,Law Enforcement Warning,missing endangered,
8daee811-4edb-4d11-9f2b-c5a9957eb315,2021-11-15 15:09:19+00:00,06001,06,Alert,LEW,Law Enforcement Warning,silver alert,
8f2c4ff9-d459-4cd7-9317-9216675932a1,2021-11-15 15:37:36+00:00,06001,06,Cancel,LEW,Law Enforcement Warning,silver alert,
6131f7e5-4786-4f6b-9f09-d655c13fbc26,2021-11-18 00:55:03+00:00,55133,55,Alert,LEW,Law Enforcement Warning,dementia,
10182ebf-93dc-4c27-81dc-c3ea16b4c021,2021-11-18 01:05:10+00:00,55133,55,Alert,LEW,Law Enforcement Warning,dementia,
3b796521-b923-4536-bf9a-9a507cd3be69,2021-11-18 02:39:34+00:00,06065,06,Alert,LEW,Law Enforcement Warning,silver alert,
b3bb827c-243b-4bd5-808f-ed8ff54f813d,2021-11-18 20:31:15+00:00,06037,06,Alert,LEW,Law Enforcement Warning,silver alert,
e14b7613-c7c1-405c-a216-fa8a4a74573f,2021-11-19 04:30:11+00:00,06047,06,Alert,LEW,Law Enforcement Warning,silver alert,
229a8bc8-6b9f-4ef1-930f-c91b05faa78b,2021-11-19 05:11:19+00:00,06047,06,Cancel,LEW,Law Enforcement Warning,silver alert,
5980b204-58f4-4b55-9c04-d681d282b6e2,2021-11-21 02:21:19+00:00,06037,06,Alert,LEW,Law Enforcement Warning,silver alert,
3408069c-5c72-4cf7-b988-0dff47a86883,2021-11-22 03:50:11+00:00,06067,06,Alert,LEW,Law Enforcement Warning,silver alert,
5340425d-b02d-48dc-b62f-7a21d586d303,2021-11-24 16:35:52+00:00,06037,06,Alert,LEW,Law Enforcement Warning,silver alert,
deef163d-b6e8-4cae-b522-4c674c88da6e,2021-11-24 19:06:21+00:00,18003,18,Alert,LEW,Law Enforcement Warning,missing endangered,53.0
cdce3d2d-e22c-4791-99ff-a0dd7a06f803,2021-11-24 19:27:28+00:00,06037,06,Cancel,LEW,Law Enforcement Warning,silver alert,
9d0a8a66-ca9c-486a-94b4-07674f1fc373,2021-11-26 20:16:12+00:00,06037,06,Alert,LEW,Law Enforcement Warning,silver alert,
69ffae06-e46b-4524-b2cb-c3d23a8a7d3b,2021-11-26 20:51:56+00:00,06037,06,Cancel,LEW,Law Enforcement Warning,silver alert,
07d28f54-fa02-4a07-8a7c-f0f9edfedd89,2021-12-01 22:40:33+00:00,18089,18,Alert,CEM,Silver Alert Raul Hernandez Dyer IN,silver alert,72.0
c8cb5241-976d-4f6f-841f-45863b8459f2,2021-12-03 21:36:55+00:00,12031,12,Alert,LAE,Local Area Emergency,missing endangered,80.0
f14bbb06-6bbe-4048-89f9-c6d0e444542e,2021-12-06 03:51:15+00:00,06037,06,Alert,LEW,Law Enforcement Warning,silver alert,
d6e7f42e-1fa5-44b1-bb51-86e8f44f59af,2021-12-06 06:00:06+00:00,06037,06,Cancel,LEW,Law Enforcement Warning,silver alert,
f88b6f20-6e49-4532-b33c-70d64d4cdfd9,2021-12-06 16:58:46+00:00,13223,13,Alert,LAE,Local Area Emergency,dementia,63.0
01d32ee2-6f65-4e2d-9492-ebbc77403680,2021-12-06 17:29:12+00:00,13223,13,Cancel,LAE,Local Area Emergency,dementia,63.0
b4e9d643-e409-4937-866c-e982683b0f83,2021-12-09 01:33:53+00:00,06037,06,Alert,LEW,Law Enforcement Warning,silver alert,
288e18ca-160c-487a-9e62-4d0a6904745a,2021-12-09 01:35:24+00:00,06037,06,Cancel,LEW,Law Enforcement Warning,silver alert,
0c03c011-b323-4bbb-9e75-e1d533725440,2021-12-14 05:46:55+00:00,38000,38,Alert,CEM,Civil Emergency Message,silver alert,64.0
1b837a7c-8c94-449d-9c89-4316bfdd4a63,2021-12-14 05:50:40+00:00,38000,38,Alert,CEM,Civil Emergency Message,silver alert,
1e92d355-008a-4a0a-acba-6226c495ed04,2021-12-17 03:16:57+00:00,06037,06,Alert,LEW,Law Enforcement Warning,endangered missing,
1e92d355-008a-4a0a-acba-6226c495ed04,2021-12-17 03:16:57+00:00,06059,06,Alert,LEW,Law Enforcement Warning,endangered missing,
e678fa7f-8c9c-4ecd-beef-7f457ed35b30,2021-12-17 03:49:20+00:00,06037,06,Cancel,LEW,Law Enforcement Warning,endangered missing,
e678fa7f-8c9c-4ecd-beef-7f457ed35b30,2021-12-17 03:49:20+00:00,06059,06,Cancel,LEW,Law Enforcement Warning,endangered missing,
be22b824-7546-45a2-890f-d017c1d2ca21,2021-12-19 18:46:35+00:00,06065,06,Alert,LEW,Law Enforcement Warning,silver alert,
a7dd845f-4332-4e68-bca5-94307dfdb034,2021-12-19 19:36:06+00:00,06065,06,Cancel,LEW,Law Enforcement Warning,silver alert,
886e3935-e1e7-4ff3-8ad0-1265f9d0fbae,2021-12-22 18:06:52+00:00,06085,06,Alert,LEW,Law Enforcement Warning,silver alert,
0a2d69e7-c93d-4b6b-bed5-59640c507070,2021-12-22 19:22:47+00:00,06085,06,Cancel,LEW,Law Enforcement Warning,silver alert,
68e60fe1-58ee-4826-8cbe-eae933af1993,2021-12-22 22:01:36+00:00,16000,16,Alert,LEW,Law Enforcement Warning,endangered missing,
191b9d28-b9f0-4c74-9281-d53d97c6e726,2021-12-23 02:01:36+00:00,18089,18,Alert,CEM,"Silver Alert Valerie Jones, Hammond",silver alert,59.0
9ced4b53-e531-44f1-b4fd-0cc86d6904cb,2021-12-23 16:51:10+00:00,16000,16,Cancel,LEW,Law Enforcement Warning,endangered missing,
b1a294ae-efff-4d6a-87a5-7b9ae1bafae8,2021-12-23 19:17:00+00:00,18089,18,Cancel,CEM,"Silver Alert Valerie Jones, Hammond",silver alert,59.0
ab01b44d-6ce5-49b2-96ad-2c1535fcb875,2021-12-27 02:51:33+00:00,18003,18,Alert,LEW,Law Enforcement Warning,endangered adult,44.0
7245e103-7522-4799-afd3-60379dedc0f8,2021-12-27 03:09:10+00:00,18003,18,Alert,LEW,Law Enforcement Warning,endangered adult,44.0
10782079-3b10-4a05-a8c4-dfeac96c8015,2021-12-27 03:11:33+00:00,18003,18,Alert,LEW,Law Enforcement Warning,endangered adult,44.0
5b18dcf6-33c6-4706-bfe0-7fb0b9f10102,2021-12-27 04:41:41+00:00,06085,06,Alert,LEW,Law Enforcement Warning,silver alert,
78d5d485-e4ba-4f17-8684-4ff9d1b5489a,2021-12-27 06:06:37+00:00,06085,06,Cancel,LEW,Law Enforcement Warning,silver alert,
8a374cb1-7efc-442e-b9e0-1e46dcbdc871,2022-01-04 16:30:19+00:00,06037,06,Alert,LEW,Law Enforcement Warning,silver alert,
1ad5e3bb-1514-43e9-8e05-9da61977aab8,2022-01-04 17:27:42+00:00,06037,06,Cancel,LEW,Law Enforcement Warning,silver alert,
583b5c0d-6008-4914-9c8b-bbeac7a138c3,2022-01-07 04:44:45+00:00,06067,06,Alert,LEW,Law Enforcement Warning,silver alert,
eb0a338d-574a-4df2-ac4b-d044130f0573,2022-01-07 05:12:40+00:00,06067,06,Cancel,LEW,Law Enforcement Warning,silver alert,
26bb6b22-b0c5-43c1-946f-dfd399cb683a,2022-01-10 18:54:13+00:00,06037,06,Alert,LEW,Law Enforcement Warning,silver alert,
26bb6b22-b0c5-43c1-946f-dfd399cb683a,2022-01-10 18:54:13+00:00,06059,06,Alert,LEW,Law Enforcement Warning,silver alert,
724d27a2-c313-44d2-9693-44e6ef64c267,2022-01-10 19:02:16+00:00,06037,06,Cancel,LEW,Law Enforcement Warning,silver alert,
724d27a2-c313-44d2-9693-44e6ef64c267,2022-01-10 19:02:16+00:00,06059,06,Cancel,LEW,Law Enforcement Warning,silver alert,
3fb2fc85-4de5-4ea5-8722-e347b20604a9,2022-01-13 04:59:47+00:00,16000,16,Alert,LEW,Law Enforcement Warning,endangered missing,70.0
e9abd3dd-5704-4db7-9c12-c8d613b6ae17,2022-01-13 05:16:47+00:00,16000,16,Cancel,LEW,Law Enforcement Warning,endangered missing,70.0
c070a936-de2c-44ee-8e7b-a56f903b93d1,2022-01-18 15:55:14+00:00,06099,06,Alert,LEW,Law Enforcement Warning,silver alert,
960a88b5-afcf-468c-8b4d-68a36faf1fe2,2022-01-18 19:22:37+00:00,06099,06,Cancel,LEW,Law Enforcement Warning,silver alert,
25a7bd23-cf45-46fa-ba79-e77c9884ceaf,2022-01-19 17:53:46+00:00,53063,53,Alert,CEM,Civil Emergency Message,missing endangered,27.0
95ba5502-aff7-46e7-90e8-439ce588e782,2022-01-19 21:26:20+00:00,06047,06,Alert,LEW,Law Enforcement Warning,silver alert,
cfebbe6b-f00f-465e-8839-bb610509ee51,2022-01-20 00:12:15+00:00,06059,06,Alert,LEW,Law Enforcement Warning,silver alert,
4f3e3154-6bb8-4ba3-bbd3-3bc6ad49adb7,2022-01-20 01:45:30+00:00,06059,06,Cancel,LEW,Law Enforcement Warning,silver alert,
0b41aa9d-d65f-4c44-a006-465bd63b87d8,2022-01-26 16:44:20+00:00,06037,06,Alert,LEW,Law Enforcement Warning,silver alert,
0b41aa9d-d65f-4c44-a006-465bd63b87d8,2022-01-26 16:44:20+00:00,06059,06,Alert,LEW,Law Enforcement Warning,silver alert,
4bf250e7-fdad-4d7b-a779-a8fdd57a32ad,2022-01-29 02:39:20+00:00,12031,12,Alert,CEM,Civil Emergency Message,missing endangered,63.0
7c8ab365-0b51-410f-9b26-ae4df679dba0,2022-01-29 13:45:00+00:00,12031,12,Alert,CEM,Civil Emergency Message,missing endangered,63.0
1d3f57e7-1e86-48f4-b488-4fe59604c6b4,2022-01-30 21:53:04+00:00,06037,06,Alert,LEW,Law Enforcement Warning,silver alert,
7bdf71c9-f69c-4dbb-b909-393116a281be,2022-02-08 14:14:44+00:00,42039,42,Alert,LEW,Law Enforcement Warning,missing endangered,33.0
476101b2-4b95-4981-8486-063585752cd5,2022-02-11 11:11:32+00:00,39025,39,Alert,LAE,Local Area Emergency,missing elderly,
18a4281f-1c46-4f07-99b5-9d245dda67f6,2022-02-11 12:32:25+00:00,39025,39,Cancel,LAE,Local Area Emergency,missing elderly,
9ce88f56-95ee-4d02-bdb6-441c5f6a134b,2022-02-15 15:53:52+00:00,06071,06,Alert,LEW,Law Enforcement Warning,silver alert,
255e11ec-72af-4661-a31d-bb22a032c13e,2022-02-15 18:26:35+00:00,06071,06,Cancel,LEW,Law Enforcement Warning,silver alert,
909b10c7-8e62-4811-b2d7-76a515a6aa10,2022-02-16 23:58:40+00:00,06001,06,Alert,LEW,Law Enforcement Warning,silver alert,
237ad3c0-79ce-4841-afb3-19203fd54e09,2022-02-17 03:12:04+00:00,06007,06,Alert,LEW,Law Enforcement Warning,silver alert,
13bbb882-d584-47d0-9571-b50bc25456bd,2022-02-23 02:00:50+00:00,06039,06,Alert,LEW,Law Enforcement Warning,endangered missing,
4ae72466-a162-4f65-9bce-d090ee6be289,2022-03-01 01:58:52+00:00,31055,31,Alert,LEW,Law Enforcement Warning,dementia,
c2274133-cef9-4409-9028-fa7948020caa,2022-03-03 05:26:02+00:00,06037,06,Alert,LEW,Law Enforcement Warning,silver alert,
ffc0181c-9f82-40f4-a18c-7b3a3caf5ae6,2022-03-03 06:04:05+00:00,06037,06,Cancel,LEW,Law Enforcement Warning,silver alert,
3c2a5216-54ae-4590-8479-d95f3df8cb9a,2022-03-04 15:55:47+00:00,06037,06,Alert,LEW,Law Enforcement Warning,endangered missing,
3c2a5216-54ae-4590-8479-d95f3df8cb9a,2022-03-04 15:55:47+00:00,06059,06,Alert,LEW,Law Enforcement Warning,endangered missing,
f90b169b-f793-4021-b8da-2a903835cead,2022-03-04 17:02:22+00:00,06037,06,Cancel,LEW,Law Enforcement Warning,endangered missing,
f90b169b-f793-4021-b8da-2a903835cead,2022-03-04 17:02:22+00:00,06059,06,Cancel,LEW,Law Enforcement Warning,endangered missing,
ae4b7e5f-8cfd-47f8-bddc-cf0b2946f8ca,2022-03-05 11:12:50+00:00,37071,37,Alert,LEW,Law Enforcement Warning,dementia,77.0
12be90dd-ef53-4f5c-8f75-f107ded0deb5,2022-03-06 00:06:13+00:00,06085,06,Alert,LEW,Law Enforcement Warning,silver alert,
4f54fefd-5e22-41b8-80e8-4d1e4efe684a,2022-03-06 01:22:15+00:00,06085,06,Cancel,LEW,Law Enforcement Warning,silver alert,
92091c94-058e-4542-8e29-5f867a7a8bae,2022-03-07 04:55:10+00:00,18003,18,Alert,LAE,Local Area Emergency,missing endangered,10.0
f5fc946e-e94c-48db-8f56-0bb57b3ca000,2022-03-07 05:07:00+00:00,18003,18,Cancel,LAE,Local Area Emergency,missing endangered,10.0
fb309505-bf23-40bc-8294-956adf4a3173,2022-03-07 05:10:17+00:00,18003,18,Cancel,LAE,Local Area Emergency,missing endangered,12.0
bcf98252-27a6-499c-8a23-eedce834ffd3,2022-03-07 05:13:38+00:00,18003,18,Alert,LAE,Local Area Emergency,missing endangered,
89c81a03-6cda-44e8-beac-77b21dd79593,2022-03-07 05:17:10+00:00,18003,18,Alert,LAE,Local Area Emergency,missing endangered,10.0
62a8f95f-e5fc-46a8-83df-134107ba3db1,2022-03-07 05:27:08+00:00,06085,06,Alert,LEW,Law Enforcement Warning,silver alert,
c922a3c9-4799-4578-9f9c-3aea15e74b4c,2022-03-07 05:30:37+00:00,18003,18,Cancel,LAE,Local Area Emergency,missing endangered,10.0
144fd6a7-713e-46b6-920c-b36b0f595180,2022-03-07 16:46:15+00:00,12031,12,Alert,LAE,Local Area Emergency,missing endangered,
ffb522eb-289e-4277-bbcd-1f1dc66ed42d,2022-03-13 03:43:57+00:00,06037,06,Alert,LEW,Law Enforcement Warning,silver alert,
10159136-58de-4683-b1f3-1bed379cc9e3,2022-03-13 04:22:18+00:00,06037,06,Cancel,LEW,Law Enforcement Warning,silver alert,
8d4a32fc-86dd-42e9-9789-8b972ca3b5c5,2022-03-16 04:35:35+00:00,06037,06,Alert,LEW,Law Enforcement Warning,silver alert,
bef2804a-bf24-4cf5-a09a-12cbffdd0aa2,2022-03-20 19:11:35+00:00,18003,18,Alert,LAE,Local Area Emergency,missing endangered,65.0
c7d64847-8661-4879-b6b5-ab3f6a2c2745,2022-03-25 23:28:40+00:00,24013,24,Alert,LAE,Local Area Emergency,dementia,77.0
3272b495-0392-48b6-aac3-14a1b56f9d5d,2022-04-03 05:45:33+00:00,06053,06,Alert,LEW,Law Enforcement Warning,endangered missing,
cda81346-7a9b-4ca2-8988-7db6836a0150,2022-04-03 06:50:14+00:00,06053,06,Cancel,LEW,Law Enforcement Warning,endangered missing,
3e2c0c56-1873-4209-908e-1ba1c1505540,2022-04-04 16:22:23+00:00,06037,06,Alert,LEW,Law Enforcement Warning,silver alert,
3a08b806-ed35-4a81-ae03-cce437b19511,2022-04-04 16:44:13+00:00,06037,06,Cancel,LEW,Law Enforcement Warning,silver alert,
e236fc24-b2fe-4fa8-9bf2-eb5b6fe0d7e9,2022-04-06 14:17:30+00:00,06013,06,Alert,LAE,Local Area Emergency,dementia,
f3690206-d6a3-4cf0-a673-39d914c132dd,2022-04-11 22:23:36+00:00,40097,40,Alert,CEM,Civil Emergency Message,missing endangered,
1f6fc6bc-3d10-406a-b6c6-7ecccaeef401,2022-04-12 11:45:00+00:00,24013,24,Alert,LAE,Local Area Emergency,critical missing,12.0
52d230d6-0729-475a-b9bd-d3bfed058e2f,2022-04-12 23:23:28+00:00,06037,06,Alert,LEW,Law Enforcement Warning,silver alert,
582dfd07-7d5e-4d40-8ebe-a9c6f3a9104c,2022-04-12 23:48:04+00:00,06037,06,Cancel,LEW,Law Enforcement Warning,silver alert,
2917261e-4c5c-437b-b65b-ed510c83175c,2022-04-13 02:04:59+00:00,06037,06,Alert,LEW,Law Enforcement Warning,silver alert,
2917261e-4c5c-437b-b65b-ed510c83175c,2022-04-13 02:04:59+00:00,06065,06,Alert,LEW,Law Enforcement Warning,silver alert,
2917261e-4c5c-437b-b65b-ed510c83175c,2022-04-13 02:04:59+00:00,06071,06,Alert,LEW,Law Enforcement Warning,silver alert,
fa3c4520-7042-473b-9d94-9af0764a1aab,2022-04-13 02:57:49+00:00,06047,06,Alert,LEW,Law Enforcement Warning,silver alert,
fa3c4520-7042-473b-9d94-9af0764a1aab,2022-04-13 02:57:49+00:00,06099,06,Alert,LEW,Law Enforcement Warning,silver alert,
289ffc48-b996-408b-86ea-bee49f7e4e33,2022-04-13 03:56:58+00:00,06047,06,Cancel,LEW,Law Enforcement Warning,silver alert,
289ffc48-b996-408b-86ea-bee49f7e4e33,2022-04-13 03:56:58+00:00,06099,06,Cancel,LEW,Law Enforcement Warning,silver alert,
d5fb29da-9de5-4542-810f-dc5f0eb38ffd,2022-04-14 01:48:37+00:00,06097,06,Alert,LEW,Law Enforcement Warning,silver alert,
b76036e1-e43d-4397-8470-32bb3ba3c181,2022-04-20 17:54:10+00:00,38000,38,Alert,CEM,Civil Emergency Message,silver alert,69.0
fcadfaa1-056e-493e-9ec0-3e1d52a17c2e,2022-04-20 17:59:00+00:00,38000,38,Alert,CEM,Civil Emergency Message,silver alert,
5423ef22-733d-4ecc-88de-5c5143857b14,2022-04-21 19:00:30+00:00,55035,55,Alert,LEW,Law Enforcement Warning,silver alert,
770e4f7e-aa99-47e1-950b-ff30ea7186bf,2022-04-21 22:51:10+00:00,47149,47,Alert,CEM,Civil Emergency Message,dementia,85.0
aaff9c90-0dbe-42db-a309-f909cda9a00e,2022-04-21 23:45:25+00:00,55000,55,Cancel,LEW,Law Enforcement Warning,silver alert,
2c7d2d09-0595-4e11-a8c8-d1fe71d142ea,2022-04-22 01:58:24+00:00,06071,06,Alert,LEW,Law Enforcement Warning,silver alert,
88e27ac8-d6e4-451d-9252-5047b6285496,2022-04-22 02:39:32+00:00,06071,06,Cancel,LEW,Law Enforcement Warning,silver alert,
91541f7a-70ce-4dc8-b34c-5d90b023cde4,2022-04-25 00:57:46+00:00,40105,40,Alert,CEM,Civil Emergency Message,missing endangered,
272e5acd-b1a1-438c-b993-fb821024dd13,2022-04-25 01:31:35+00:00,40105,40,Cancel,CEM,Civil Emergency Message,missing endangered,
248d2679-3a6d-4996-bb31-dab179ac56a6,2022-05-01 15:11:53+00:00,08049,08,Alert,LAE,Local Area Emergency,silver alert,70.0
759484a4-ace4-4961-84be-65e513bca4d0,2022-05-01 15:34:32+00:00,06059,06,Alert,LEW,Law Enforcement Warning,silver alert,
2701c20b-7737-4e7c-9e7e-81feccaee1a1,2022-05-01 15:52:49+00:00,08049,08,Cancel,LAE,Local Area Emergency,silver alert,70.0
ed353b61-c7aa-4315-a7d3-7dab1fe97ebe,2022-05-03 21:37:15+00:00,01125,01,Alert,LAE,Local Area Emergency,missing elderly,
b1b3579f-a026-4332-9d63-f696ba85c089,2022-05-03 22:06:00+00:00,01125,01,Update,LAE,Local Area Emergency,missing elderly,
c557fac8-ee94-4b51-9258-2aecc0797b3d,2022-05-04 04:07:14+00:00,53063,53,Alert,CEM,Civil Emergency Message,dementia,72.0
87669436-16ee-4ca2-852c-d73c9e8a38e8,2022-05-04 04:41:29+00:00,53063,53,Alert,CEM,Civil Emergency Message,dementia,72.0
14123c3e-e4ae-4cb5-a0c0-1cc9b6349c13,2022-05-04 05:31:34+00:00,53063,53,Update,CEM,Civil Emergency Message,dementia,
a01f2348-df05-4baa-8793-b0cede504a2b,2022-05-04 05:32:01+00:00,53063,53,Cancel,CEM,Civil Emergency Message,dementia,72.0
6367082a-05ae-4624-bf5a-74571c2b0fed,2022-05-08 03:47:49+00:00,06059,06,Alert,LEW,Law Enforcement Warning,silver alert,
7aa83ed9-fb9c-4d09-8201-d705d8d3f43a,2022-05-08 04:47:14+00:00,06059,06,Cancel,LEW,Law Enforcement Warning,silver alert,
f39e7b56-6daa-4e2c-a61a-f63aadd1143e,2022-05-12 20:14:40+00:00,55079,55,Alert,LEW,Law Enforcement Warning,silver alert,
06037cd5-0855-41e3-ab8f-1dbfdcf9542b,2022-05-12 21:14:40+00:00,55000,55,Cancel,LEW,Law Enforcement Warning,silver alert,
1a026521-0b21-49fe-b5bf-98123cf17cc4,2022-05-12 21:42:15+00:00,55079,55,Alert,LEW,Law Enforcement Warning,silver alert,
b5fda3d2-f405-49bd-8be6-a4095ab57421,2022-05-12 23:03:35+00:00,55000,55,Cancel,LEW,Law Enforcement Warning,silver alert,
0657e0d4-4941-427b-876b-67e9d3791c08,2022-05-13 20:42:35+00:00,55000,55,Cancel,LEW,Law Enforcement Warning,silver alert,
8d0730b3-d509-491c-93fa-6c75999ee384,2022-05-15 23:13:17+00:00,53063,53,Alert,CEM,Civil Emergency Message,missing endangered,25.0
0f91d86f-15c2-4a3f-aa23-32797f7b4023,2022-05-16 19:05:30+00:00,55000,55,Alert,LEW,Law Enforcement Warning,silver alert,
a41666fa-4394-432a-b5ac-bb27d91ba213,2022-05-17 02:01:05+00:00,55000,55,Cancel,LEW,Law Enforcement Warning,silver alert,
77706da4-e334-42e0-b490-002871d81a08,2022-05-17 16:42:16+00:00,06071,06,Alert,LEW,Law Enforcement Warning,silver alert,
51f20e9c-1ff6-4de1-9059-f6233cf9b980,2022-05-17 19:31:10+00:00,55000,55,Alert,LEW,Law Enforcement Warning,silver alert,
52b9cce3-535f-44cb-b2b4-fc63e0e05435,2022-05-17 19:39:45+00:00,55000,55,Cancel,LEW,Law Enforcement Warning,silver alert,
3feee9e2-02d0-47a6-a644-66301b072d09,2022-05-17 21:07:45+00:00,55000,55,Alert,LEW,Law Enforcement Warning,silver alert,
560f9d67-52c2-4c09-8412-55335fdb9d0c,2022-05-17 21:32:40+00:00,55000,55,Cancel,LEW,Law Enforcement Warning,silver alert,
39ae200d-2bc6-4f95-ab6b-3fe6084b437b,2022-05-17 23:45:57+00:00,08049,08,Alert,LAE,Local Area Emergency,silver alert,81.0
d75b643b-aeba-4ffb-8a6a-0d3bb2f0292c,2022-05-17 23:53:56+00:00,08049,08,Cancel,LAE,Local Area Emergency,silver alert,81.0
a3ed0f98-b45d-47d8-9eb0-37edae14cd07,2022-05-21 13:21:25+00:00,55000,55,Alert,LEW,Law Enforcement Warning,silver alert,
633bb1b5-fce9-49c5-a1d9-fc0132fb20bc,2022-05-21 17:22:10+00:00,55000,55,Cancel,LEW,Law Enforcement Warning,silver alert,
37230db3-ab38-479e-a97f-ee5346a2252e,2022-05-21 17:31:45+00:00,55000,55,Cancel,LEW,Law Enforcement Warning,silver alert,
c20e0d31-a5e8-4064-8908-3c37f20588c5,2022-05-21 18:26:55+00:00,55000,55,Cancel,LEW,Law Enforcement Warning,silver alert,
e86729f5-c7e0-41ef-a016-9565704ad6a2,2022-05-22 00:27:20+00:00,55000,55,Cancel,LEW,Law Enforcement Warning,silver alert,
39e3e00e-2a2b-465d-a95f-bc0f37daf4d7,2022-05-22 23:25:05+00:00,38000,38,Alert,CEM,Civil Emergency Message,silver alert,73.0
b5f1bf1c-0409-4f2d-a941-b503b3afb2f2,2022-05-22 23:28:35+00:00,38000,38,Alert,CEM,Civil Emergency Message,silver alert,
c9716f87-1f04-47a9-a851-174147518080,2022-05-25 13:18:15+00:00,55000,55,Alert,LEW,Law Enforcement Warning,silver alert,
162f0b0c-6cdf-4911-bf50-05cd3a34f3e4,2022-05-26 16:17:45+00:00,51810,51,Alert,LAE,Local Area Emergency,senior alert,68.0
bc87a1c6-ecfe-49f0-930d-e14577e25828,2022-05-26 17:18:40+00:00,55000,55,Alert,LEW,Law Enforcement Warning,silver alert,
d5e3a879-cf81-4c89-a07f-86a7d6ca8135,2022-05-26 17:59:10+00:00,55000,55,Cancel,LEW,Law Enforcement Warning,silver alert,
fdc12bdd-087f-4882-b4a4-9ee37ef4d989,2022-05-27 18:40:30+00:00,55000,55,Cancel,LEW,Law Enforcement Warning,silver alert,
10ae2608-73bf-4342-8d93-eec263b5775e,2022-05-30 09:09:02+00:00,16083,16,Alert,LEW,Law Enforcement Warning,endangered missing,7.0
c126ac72-4d1d-43bb-9b8b-547c70f924c0,2022-05-30 18:32:12+00:00,16083,16,Cancel,LEW,Law Enforcement Warning,endangered missing,7.0
0be8e7e4-0feb-4009-92fb-5151866df8c1,2022-06-02 04:27:04+00:00,06037,06,Alert,LEW,Law Enforcement Warning,silver alert,
00fbd3d4-00a1-4e19-8c10-896622ec3314,2022-06-02 05:04:14+00:00,06037,06,Cancel,LEW,Law Enforcement Warning,silver alert,
90958447-1949-4582-9139-62a3c540688e,2022-06-03 21:32:08+00:00,06085,06,Alert,LEW,Law Enforcement Warning,silver alert,
63376bed-87ee-42f6-9465-1d902076612c,2022-06-04 00:59:13+00:00,06085,06,Cancel,LEW,Law Enforcement Warning,silver alert,
24403d84-7aec-4c0b-914a-c80ec6142999,2022-06-04 13:56:22+00:00,18003,18,Alert,LEW,Law Enforcement Warning,missing elderly,
804f7102-19ad-46ac-8077-4712927d1a0f,2022-06-06 13:22:23+00:00,18003,18,Alert,LEW,Law Enforcement Warning,missing endangered,
1b420927-4879-49c7-bfbd-bf2544207934,2022-06-06 13:48:24+00:00,18003,18,Cancel,LEW,Law Enforcement Warning,missing endangered,
1bb015bf-accd-4092-b572-e908bf2b50e6,2022-06-10 17:01:21+00:00,06065,06,Alert,LEW,Law Enforcement Warning,endangered missing,
a450f4d9-49cd-4279-b342-e458d1f391c3,2022-06-10 17:37:06+00:00,06065,06,Cancel,LEW,Law Enforcement Warning,endangered missing,
1f543190-33e1-4b07-bb79-3870cb0c8c08,2022-06-11 00:07:44+00:00,48367,48,Alert,LAE,Local Area Emergency,alzheimer,
7e77de57-dfdb-413c-9a2a-1f9c8431463a,2022-06-12 03:11:16+00:00,06013,06,Alert,LEW,Law Enforcement Warning,silver alert,
ad5a44ab-fb9c-459e-8802-27598dfcd1ee,2022-06-15 14:27:25+00:00,18003,18,Alert,LAE,Local Area Emergency,dementia,62.0
ee5e674f-f4e5-443c-ad7e-8ed0a1399a27,2022-06-16 14:37:57+00:00,18003,18,Alert,LAE,Local Area Emergency,dementia,88.0
b37a75e6-5af1-4402-a67e-da1b068fcff9,2022-06-16 14:49:38+00:00,18003,18,Cancel,LAE,Local Area Emergency,dementia,88.0
a445a975-a9d9-4067-bc93-9e0a8bc5d5d5,2022-06-18 15:09:16+00:00,06037,06,Alert,LEW,Law Enforcement Warning,silver alert,
bf4433b7-4e5f-48fe-87f5-3da8e9b9c13c,2022-06-21 21:45:00+00:00,12031,12,Alert,LAE,Local Area Emergency,missing endangered,
a709151c-ba63-4dbf-bf9a-67aca275fb34,2022-06-22 17:36:10+00:00,06037,06,Alert,LEW,Law Enforcement Warning,silver alert,
89240f53-dbae-4c1b-aa7f-4d941dd512c8,2022-06-22 18:03:23+00:00,06037,06,Cancel,LEW,Law Enforcement Warning,silver alert,
5c0c6fd9-fe5f-4c30-8441-374f75e0b06b,2022-06-24 00:33:51+00:00,18003,18,Alert,LAE,Local Area Emergency,endangered missing,11.0
e9da2d03-6c50-4263-ba07-cd9aba9ab78c,2022-06-24 17:13:10+00:00,55000,55,Alert,LEW,Law Enforcement Warning,silver alert,92.0
2b2de9e8-8d1f-4348-867c-45ee44e7b849,2022-06-24 17:25:55+00:00,55000,55,Cancel,LEW,Law Enforcement Warning,silver alert,92.0
c532f366-bce1-415b-9561-2eea440b2f70,2022-06-24 21:18:15+00:00,55000,55,Alert,LEW,Law Enforcement Warning,silver alert,
f1426fe2-921c-4589-9951-179fbbbb7c6d,2022-06-24 21:42:15+00:00,55000,55,Cancel,LEW,Law Enforcement Warning,silver alert,
445ea9d4-fdc4-44c5-aa73-b19154108ef6,2022-06-27 01:51:04+00:00,40113,40,Alert,CEM,Civil Emergency Message,missing endangered,11.0
cbe593a4-8343-46d1-80ef-870023e56323,2022-06-27 02:21:22+00:00,40113,40,Cancel,CEM,Civil Emergency Message,missing endangered,
6da24a31-13d4-4699-9c2f-ebaeb5b96d55,2022-06-28 00:28:18+00:00,06037,06,Alert,LEW,Law Enforcement Warning,silver alert,
007ee295-386e-4060-a991-423c770a4c23,2022-06-28 22:58:55+00:00,55000,55,Alert,LEW,Law Enforcement Warning,silver alert,
8af19911-eeeb-425b-b2c4-5fd4a714b806,2022-06-28 23:42:00+00:00,55000,55,Cancel,LEW,Law Enforcement Warning,silver alert,
38af2b14-b4f8-431f-bccc-43b2912b643b,2022-06-29 04:05:53+00:00,06071,06,Alert,LEW,Law Enforcement Warning,silver alert,
a935e025-959d-413d-a0c4-fe3c9ce20d82,2022-06-29 04:36:21+00:00,06071,06,Cancel,LEW,Law Enforcement Warning,silver alert,
44f373f6-b1f0-4f1f-a56e-8370d6d0d572,2022-07-01 14:46:21+00:00,06085,06,Alert,LEW,Law Enforcement Warning,silver alert,
fe7040f6-b8c5-448b-b599-59a54206445b,2022-07-02 18:14:35+00:00,55000,55,Alert,LEW,Law Enforcement Warning,silver alert,
a8be9ae3-ed13-4442-9295-1d6ba2486145,2022-07-03 02:00:50+00:00,55000,55,Cancel,LEW,Law Enforcement Warning,silver alert,
b76700c0-d201-4ab0-9047-279f6026bf52,2022-07-13 14:57:32+00:00,06037,06,Alert,LEW,Law Enforcement Warning,silver alert,
6cef3004-5f4a-4d32-a5ac-ccacd85d2eb9,2022-07-13 16:07:03+00:00,06037,06,Cancel,LEW,Law Enforcement Warning,silver alert,
e4f9f52d-c365-4a2f-8681-07f82855148b,2022-07-16 17:02:47+00:00,06001,06,Alert,LEW,Law Enforcement Warning,silver alert,
e4f9f52d-c365-4a2f-8681-07f82855148b,2022-07-16 17:02:47+00:00,06013,06,Alert,LEW,Law Enforcement Warning,silver alert,
46a8b256-c78c-400e-bf7d-be5b0683b35d,2022-07-16 18:06:11+00:00,42039,42,Alert,LAE,Local Area Emergency,missing endangered,34.0
21143192-cff4-4eb6-b72c-b3c5df8e1f2e,2022-07-21 19:05:13+00:00,06037,06,Alert,LEW,Law Enforcement Warning,silver alert,
41c80ad7-858d-400c-8e65-34e3537d5ab8,2022-07-21 19:20:35+00:00,55000,55,Alert,LEW,Law Enforcement Warning,silver alert,
46ea4c01-3623-4a1c-9a57-8d0cf526ac69,2022-07-21 21:42:07+00:00,06037,06,Cancel,LEW,Law Enforcement Warning,silver alert,
6ee366a0-84b8-41e5-9ad8-8715b184771d,2022-07-21 23:29:21+00:00,16009,16,Alert,LEW,Law Enforcement Warning,endangered missing,76.0
6ee366a0-84b8-41e5-9ad8-8715b184771d,2022-07-21 23:29:21+00:00,16017,16,Alert,LEW,Law Enforcement Warning,endangered missing,76.0
6ee366a0-84b8-41e5-9ad8-8715b184771d,2022-07-21 23:29:21+00:00,16021,16,Alert,LEW,Law Enforcement Warning,endangered missing,76.0
6ee366a0-84b8-41e5-9ad8-8715b184771d,2022-07-21 23:29:21+00:00,16055,16,Alert,LEW,Law Enforcement Warning,endangered missing,76.0
6ee366a0-84b8-41e5-9ad8-8715b184771d,2022-07-21 23:29:21+00:00,16079,16,Alert,LEW,Law Enforcement Warning,endangered missing,76.0
c419baea-87ed-456d-a4d4-5f336615fbfd,2022-07-22 01:34:27+00:00,16009,16,Cancel,LEW,Law Enforcement Warning,endangered missing,76.0
c419baea-87ed-456d-a4d4-5f336615fbfd,2022-07-22 01:34:27+00:00,16017,16,Cancel,LEW,Law Enforcement Warning,endangered missing,76.0
c419baea-87ed-456d-a4d4-5f336615fbfd,2022-07-22 01:34:27+00:00,16021,16,Cancel,LEW,Law Enforcement Warning,endangered missing,76.0
c419baea-87ed-456d-a4d4-5f336615fbfd,2022-07-22 01:34:27+00:00,16055,16,Cancel,LEW,Law Enforcement Warning,endangered missing,76.0
c419baea-87ed-456d-a4d4-5f336615fbfd,2022-07-22 01:34:27+00:00,16079,16,Cancel,LEW,Law Enforcement Warning,endangered missing,76.0
68007133-9ac2-45f6-ab1d-46c22304e92d,2022-07-22 01:59:40+00:00,55000,55,Cancel,LEW,Law Enforcement Warning,silver alert,
6210ba1f-bd4b-4094-b635-6314381a928f,2022-07-27 01:58:01+00:00,18003,18,Alert,LAE,Local Area Emergency,missing endangered,14.0
74b9cb10-0594-440c-8796-82f9b89193b5,2022-07-28 20:28:34+00:00,55127,55,Alert,LAE,Local Area Emergency Warning,dementia,68.0
d9d0e388-aa20-4542-90ac-cbce3de742cc,2022-07-29 20:24:32+00:00,53063,53,Alert,CEM,Civil Emergency Message,missing vulnerable,20.0
71a41e4b-fc85-4e1e-ae6b-d9ba805c5aba,2022-08-01 20:34:31+00:00,16035,16,Alert,LEW,Law Enforcement Warning,endangered missing,71.0
71a41e4b-fc85-4e1e-ae6b-d9ba805c5aba,2022-08-01 20:34:31+00:00,16049,16,Alert,LEW,Law Enforcement Warning,endangered missing,71.0
71a41e4b-fc85-4e1e-ae6b-d9ba805c5aba,2022-08-01 20:34:31+00:00,16061,16,Alert,LEW,Law Enforcement Warning,endangered missing,71.0
71a41e4b-fc85-4e1e-ae6b-d9ba805c5aba,2022-08-01 20:34:31+00:00,16069,16,Alert,LEW,Law Enforcement Warning,endangered missing,71.0
47d07257-c31a-4ef9-907a-c9fab60a5991,2022-08-02 14:08:25+00:00,16035,16,Cancel,LEW,Law Enforcement Warning,endangered missing,71.0
47d07257-c31a-4ef9-907a-c9fab60a5991,2022-08-02 14:08:25+00:00,16049,16,Cancel,LEW,Law Enforcement Warning,endangered missing,71.0
47d07257-c31a-4ef9-907a-c9fab60a5991,2022-08-02 14:08:25+00:00,16061,16,Cancel,LEW,Law Enforcement Warning,endangered missing,71.0
47d07257-c31a-4ef9-907a-c9fab60a5991,2022-08-02 14:08:25+00:00,16069,16,Cancel,LEW,Law Enforcement Warning,endangered missing,71.0
dd8e4832-c34e-4b4b-a0f1-c5a6ff9bd106,2022-08-03 16:23:44+00:00,06087,06,Alert,LEW,Law Enforcement Warning,silver alert,
40af8484-73e3-4efc-b746-c888c3ec1e39,2022-08-03 16:26:21+00:00,06087,06,Cancel,LEW,Law Enforcement Warning,silver alert,
d1a4d943-7298-4f05-bc5b-c407d93a381e,2022-08-05 22:53:20+00:00,06073,06,Alert,LAE,Local Area Emergency Warning,endangered missing,
210b82cd-2b6e-4c19-8577-1b699ebce3d9,2022-08-06 19:18:52+00:00,06037,06,Alert,LEW,Law Enforcement Warning,endangered missing,
68ac6c66-1d87-46f7-b39b-a8a05bc51273,2022-08-06 22:06:57+00:00,06037,06,Cancel,LEW,Law Enforcement Warning,endangered missing,
544c4562-d807-460c-bb72-5cc6d999aded,2022-08-07 00:23:25+00:00,06065,06,Alert,LEW,Law Enforcement Warning,silver alert,
e1dfeb9d-426d-4cf4-ac50-9b586e71a5f4,2022-08-07 03:22:50+00:00,06065,06,Cancel,LEW,Law Enforcement Warning,silver alert,
da285ed2-ca39-4036-b155-5fa33246fcb8,2022-08-07 13:45:35+00:00,55000,55,Alert,LEW,Law Enforcement Warning,silver alert,
28815a25-3fce-462a-933e-8a8c5669b9c6,2022-08-07 16:43:00+00:00,55000,55,Cancel,LEW,Law Enforcement Warning,silver alert,
0461794a-5cb7-4b89-92c2-b13c8c9495ae,2022-08-15 11:03:15+00:00,38000,38,Alert,CEM,Civil Emergency Message,silver alert,77.0
dc030980-b28b-4a7f-bd92-70fa1852cad7,2022-08-15 11:07:20+00:00,38000,38,Alert,CEM,Civil Emergency Message,silver alert,
76a597af-ff02-465c-a046-2bda5ecf1ffd,2022-08-15 16:02:46+00:00,28033,28,Alert,LEW,Law Enforcement Warning,silver alert,
47571821-546c-4e6d-a3c7-39ced54b4bc8,2022-08-15 18:16:43+00:00,53063,53,Alert,CEM,Civil Emergency Message,missing vulnerable,
1c65e65e-04ee-4057-8aa1-3d0f8d4528ad,2022-08-17 20:34:46+00:00,06081,06,Alert,LEW,Law Enforcement Warning,silver alert,
f8c8fe36-eb6a-4149-865c-efa514f1252d,2022-08-17 21:42:29+00:00,06081,06,Cancel,LEW,Law Enforcement Warning,silver alert,
acaddb3d-a2e9-49a0-98e8-662c79683205,2022-08-19 02:59:22+00:00,18003,18,Alert,LAE,Local Area Emergency,missing endangered,14.0
5a7be332-5158-46d0-9b06-7cd7719ac1c2,2022-08-19 03:45:04+00:00,18003,18,Alert,LAE,Local Area Emergency,missing endangered,14.0
06bfb31e-a34f-4674-b2d6-0e418ae9e358,2022-08-21 00:04:52+00:00,06017,06,Alert,LEW,Law Enforcement Warning,endangered missing,
79d7e40c-40ec-4700-bd30-eef5cc115e53,2022-08-26 22:29:45+00:00,36019,36,Alert,LEW,Law Enforcement Warning,missing elderly,
f52825eb-4bee-4eba-a1e1-9a0ff1039cd6,2022-08-27 05:59:32+00:00,06065,06,Alert,LEW,Law Enforcement Warning,endangered missing,
f52825eb-4bee-4eba-a1e1-9a0ff1039cd6,2022-08-27 05:59:32+00:00,06071,06,Alert,LEW,Law Enforcement Warning,endangered missing,
efb8a255-5b88-4cf3-81dd-312b4c81a98b,2022-08-28 00:59:35+00:00,55079,55,Alert,LEW,Law Enforcement Warning,silver alert,
1089582a-9ae1-43e4-bf79-b1b28c23eaad,2022-08-28 01:26:40+00:00,55000,55,Cancel,LEW,Law Enforcement Warning,silver alert,
5a43f77f-2f64-4ab6-bd01-5dc226c10757,2022-08-30 17:30:19+00:00,06037,06,Alert,LEW,Law Enforcement Warning,silver alert,
422060c6-4cdd-47f1-91b6-ae69321937b1,2022-08-30 21:03:48+00:00,06037,06,Cancel,LEW,Law Enforcement Warning,silver alert,
15c79016-88c7-4ec1-b990-36ed58b76e9a,2022-09-01 20:26:05+00:00,55000,55,Alert,LEW,Law Enforcement Warning,silver alert,
1fbfe5fc-4401-4739-92f7-bd92f52edb44,2022-09-01 21:33:50+00:00,55000,55,Cancel,LEW,Law Enforcement Warning,silver alert,
56fc30e6-05c9-4799-b4a0-e682373af21c,2022-09-01 22:03:40+00:00,55000,55,Cancel,LEW,Law Enforcement Warning,silver alert,
a8796dc2-8326-49b2-843f-3d98fef2aefa,2022-09-01 23:52:05+00:00,55079,55,Alert,LEW,Law Enforcement Warning,silver alert,
e467d207-9d36-4080-a020-a4944b8b7db3,2022-09-02 00:54:25+00:00,55000,55,Cancel,LEW,Law Enforcement Warning,silver alert,
e19061d8-3e9b-443e-bc85-8fc2f9ee7fc4,2022-09-03 23:11:50+00:00,55079,55,Alert,LEW,Law Enforcement Warning,silver alert,
36fa446f-f4b3-468d-8749-c858ad60d411,2022-09-03 23:24:20+00:00,55000,55,Cancel,LEW,Law Enforcement Warning,silver alert,
8973bfb1-265f-4d3c-bcd7-bcda67cb941f,2022-09-06 23:52:37+00:00,06053,06,Alert,LEW,Law Enforcement Warning,silver alert,
913bf220-fa5a-4b06-8983-80cc1524f169,2022-09-07 03:06:51+00:00,06053,06,Cancel,LEW,Law Enforcement Warning,silver alert,
c386c51b-3571-4404-b020-96e8314e20b9,2022-09-09 12:47:05+00:00,18003,18,Alert,LEW,Law Enforcement Warning,missing endangered,
d66f5332-d39d-40b1-bab6-149c3e5f8e77,2022-09-09 13:14:29+00:00,18003,18,Alert,LEW,Law Enforcement Warning,missing endangered,
e2e130d7-35d5-4963-b361-db79c8ece962,2022-09-10 11:27:37+00:00,51069,51,Alert,LAE,Local Area Emergency,missing elderly,
aed85577-db55-42ac-9b80-47904f4fdc89,2022-09-12 04:45:14+00:00,13223,13,Alert,LAE,Local Area Emergency,dementia,70.0
ea076dfc-dce1-4a85-9cbd-300c6e0d668a,2022-09-12 17:39:27+00:00,06037,06,Alert,LEW,Law Enforcement Warning,silver alert,
da0a5661-24d0-4490-9b19-a0d494ba7643,2022-09-12 20:29:18+00:00,06037,06,Cancel,LEW,Law Enforcement Warning,silver alert,
cde4755f-ffce-4978-aa58-5e3da2617141,2022-09-14 13:52:50+00:00,55079,55,Alert,LEW,Law Enforcement Warning,silver alert,
af311fbf-86ba-4efb-9e5a-39f7ba50c1c7,2022-09-14 15:23:55+00:00,55000,55,Cancel,LEW,Law Enforcement Warning,silver alert,
35c3ed22-5910-45bd-8e27-24c04c33a2d1,2022-09-15 21:39:56+00:00,18003,18,Alert,LAE,Local Area Emergency,missing endangered,19.0
0573fb3b-aee4-424f-a754-3a8805cf76e0,2022-09-15 22:16:33+00:00,18003,18,Alert,LAE,Local Area Emergency,missing endangered,19.0
998b1f1a-3fa0-45bf-a9e3-4d3d68e97088,2022-09-16 01:46:15+00:00,06037,06,Alert,LEW,Law Enforcement Warning,silver alert,
3cb015a0-44a2-4a4f-8ec8-b877e6181e07,2022-09-16 05:15:16+00:00,06037,06,Cancel,LEW,Law Enforcement Warning,silver alert,
de451fab-9697-4dac-8796-3bfab4ca057f,2022-09-17 22:59:50+00:00,55079,55,Alert,LEW,Law Enforcement Warning,silver alert,
f65a2db8-4a50-422c-955f-0a73348f92ea,2022-09-17 23:47:23+00:00,06037,06,Alert,LEW,Law Enforcement Warning,silver alert,
5cd51242-b600-4bcf-829b-f19f277e6fa6,2022-09-18 02:33:25+00:00,06037,06,Cancel,LEW,Law Enforcement Warning,silver alert,
1d8ab196-0093-4c1c-b825-a4f637662d7e,2022-09-18 15:22:44+00:00,06023,06,Alert,LEW,Law Enforcement Warning,silver alert,
cb16c368-cfa3-4e22-9a56-a1cd3fbfc1ea,2022-09-22 20:40:40+00:00,18003,18,Alert,LAE,Local Area Emergency,endangered missing,71.0
1a8de134-5329-439e-bc70-03dd070836a2,2022-09-22 20:49:43+00:00,18003,18,Alert,LAE,Local Area Emergency,endangered missing,71.0
17c4b561-7a07-4a5f-ae86-4f8e9ebedf62,2022-09-23 20:52:20+00:00,12031,12,Alert,CEM,Civil Emergency Message,missing endangered,72.0
1f936057-acb6-4cc8-9f62-c89e04a96820,2022-09-24 03:16:30+00:00,06037,06,Alert,LEW,Law Enforcement Warning,silver alert,
f613faf2-327b-4b7c-aab8-59271e614984,2022-09-24 13:22:15+00:00,12031,12,Alert,CEM,Civil Emergency Message,missing endangered,72.0
70900195-e735-40d4-918e-4c40b2ab9cdc,2022-09-24 14:29:40+00:00,12031,12,Cancel,CEM,Civil Emergency Message,missing endangered,72.0
05932d3b-5bee-4998-b310-842d5fdbfe77,2022-09-26 03:33:09+00:00,06031,06,Alert,LEW,Law Enforcement Warning,silver alert,
47339fe8-0a6f-4915-94af-5eea0d57bf07,2022-10-01 12:23:56+00:00,40109,40,Alert,CEM,Civil Emergency Message,missing endangered,42.0
23f3296c-78d8-4f9a-8a18-ab330b2e87a6,2022-10-01 12:56:56+00:00,40109,40,Cancel,CEM,Civil Emergency Message,missing endangered,42.0
3dcad4e2-11b6-4ef8-ad5d-a0e71842b5a6,2022-10-01 17:02:15+00:00,18003,18,Alert,LEW,Law Enforcement Warning,missing endangered,20.0
04264497-bf11-49c6-a93c-d41ff7bb6568,2022-10-03 15:31:30+00:00,55000,55,Alert,LEW,Law Enforcement Warning,silver alert,
9ad409cd-511a-4642-9696-612cdf23ec30,2022-10-03 16:22:55+00:00,55000,55,Cancel,LEW,Law Enforcement Warning,silver alert,
83b58e54-4489-4588-ad65-1616edf81836,2022-10-06 18:25:54+00:00,55107,55,Alert,LAE,Local Area Emergency Warning,dementia,91.0
d5d40191-b9da-460f-a930-a61c91980311,2022-10-07 19:58:36+00:00,40039,40,Alert,CEM,Civil Emergency Message,endangered missing,
d5d40191-b9da-460f-a930-a61c91980311,2022-10-07 19:58:36+00:00,40149,40,Alert,CEM,Civil Emergency Message,endangered missing,
2faeeee6-ef85-4e1b-8372-272d8a5bd15a,2022-10-07 20:15:02+00:00,40039,40,Cancel,CEM,Civil Emergency Message,endangered missing,
2faeeee6-ef85-4e1b-8372-272d8a5bd15a,2022-10-07 20:15:02+00:00,40149,40,Cancel,CEM,Civil Emergency Message,endangered missing,
cad381c9-512a-42be-a1e8-4636fb63b462,2022-10-07 20:15:06+00:00,40039,40,Cancel,CEM,Civil Emergency Message,endangered missing,
cad381c9-512a-42be-a1e8-4636fb63b462,2022-10-07 20:15:06+00:00,40149,40,Cancel,CEM,Civil Emergency Message,endangered missing,
fce932ab-ca2f-4925-8406-5d9dbe7b2b53,2022-10-07 20:21:37+00:00,40039,40,Cancel,CEM,Civil Emergency Message,endangered missing,
fce932ab-ca2f-4925-8406-5d9dbe7b2b53,2022-10-07 20:21:37+00:00,40149,40,Cancel,CEM,Civil Emergency Message,endangered missing,
c9e9663a-09b9-4736-aaa8-6973380d3e4b,2022-10-09 18:40:08+00:00,40143,40,Alert,CEM,Civil Emergency Message,missing endangered,
00062933-6bf0-48b5-8188-60ebefe37e98,2022-10-11 22:01:51+00:00,16015,16,Alert,LEW,Law Enforcement Warning,endangered missing,77.0
00062933-6bf0-48b5-8188-60ebefe37e98,2022-10-11 22:01:51+00:00,16045,16,Alert,LEW,Law Enforcement Warning,endangered missing,77.0
00062933-6bf0-48b5-8188-60ebefe37e98,2022-10-11 22:01:51+00:00,16085,16,Alert,LEW,Law Enforcement Warning,endangered missing,77.0
8434cd04-93d4-423a-97af-50951e7e1ade,2022-10-15 00:39:15+00:00,55079,55,Alert,LEW,Law Enforcement Warning,silver alert,
d1de8dbf-2212-49ad-9ee1-a1f287acf3fc,2022-10-15 02:03:40+00:00,55000,55,Cancel,LEW,Law Enforcement Warning,silver alert,
6372fea0-9f7a-4301-9377-01b0b62d5c83,2022-10-16 23:53:10+00:00,53067,53,Alert,LEW,Law Enforcement Warning,endangered missing,
362d7c7a-2f32-4d9a-a60e-878086923d30,2022-10-17 00:59:35+00:00,53053,53,Alert,LEW,Law Enforcement Warning,endangered missing,
d4736a54-8167-4c62-ad43-e38cb6ae9648,2022-10-17 18:32:25+00:00,06111,06,Alert,LEW,Law Enforcement Warning,silver alert,
7dcdbf45-9c52-47c1-8866-d65b14558ff1,2022-10-17 19:16:36+00:00,06111,06,Cancel,LEW,Law Enforcement Warning,silver alert,
ba4a0f18-b31e-4bda-9f97-9ddae6c54f37,2022-10-23 02:15:04+00:00,47065,47,Alert,LAE,Local Area Emergency,missing endangered,
0df2b029-e589-4348-9964-db5b8384688f,2022-10-25 19:07:45+00:00,06085,06,Alert,LEW,Law Enforcement Warning,silver alert,
42479db1-f325-4169-9c05-a2bb60730b3b,2022-10-28 05:42:19+00:00,16027,16,Alert,LEW,Law Enforcement Warning,endangered missing,15.0
8a95db65-6090-47cb-88b0-40e10de1fbbd,2022-10-28 06:19:21+00:00,16027,16,Cancel,LEW,Law Enforcement Warning,endangered missing,15.0
e1740621-f7b6-448b-9b85-88a96d71d60b,2022-10-29 19:36:15+00:00,06037,06,Alert,LEW,Law Enforcement Warning,silver alert,
74c68a72-3241-4aa6-8874-c6b885471c78,2022-10-31 13:29:31+00:00,18003,18,Alert,LEW,Law Enforcement Warning,missing endangered,60.0
645352dd-10c3-49bc-b88a-e5f165b08c04,2022-11-02 17:21:00+00:00,06075,06,Alert,LEW,Law Enforcement Warning,silver alert,
645352dd-10c3-49bc-b88a-e5f165b08c04,2022-11-02 17:21:00+00:00,06081,06,Alert,LEW,Law Enforcement Warning,silver alert,
390631f6-af96-4693-9c40-1dbe86aa86e7,2022-11-02 19:07:25+00:00,55000,55,Alert,LEW,Law Enforcement Warning,silver alert,
b12bc7c8-6b6c-4af1-8f4a-c107a248d2bb,2022-11-02 19:09:55+00:00,55000,55,Cancel,LEW,Law Enforcement Warning,silver alert,
6faaf220-60fb-467a-95f6-406247faaf2a,2022-11-02 22:51:20+00:00,16027,16,Alert,LEW,Law Enforcement Warning,endangered missing,83.0
6faaf220-60fb-467a-95f6-406247faaf2a,2022-11-02 22:51:20+00:00,16075,16,Alert,LEW,Law Enforcement Warning,endangered missing,83.0
6faaf220-60fb-467a-95f6-406247faaf2a,2022-11-02 22:51:20+00:00,16087,16,Alert,LEW,Law Enforcement Warning,endangered missing,83.0
7034e8d9-bd76-4dea-abb8-0417f381c2dc,2022-11-02 23:48:08+00:00,16027,16,Cancel,LEW,Law Enforcement Warning,endangered missing,83.0
7034e8d9-bd76-4dea-abb8-0417f381c2dc,2022-11-02 23:48:08+00:00,16075,16,Cancel,LEW,Law Enforcement Warning,endangered missing,83.0
7034e8d9-bd76-4dea-abb8-0417f381c2dc,2022-11-02 23:48:08+00:00,16087,16,Cancel,LEW,Law Enforcement Warning,endangered missing,83.0
2a2f63ce-ce41-4880-8044-3c558f07f524,2022-11-03 20:18:10+00:00,55079,55,Alert,LEW,Law Enforcement Warning,silver alert,
06f7595b-8a82-469e-8981-42709c51c31e,2022-11-09 15:08:40+00:00,53067,53,Alert,LEW,Law Enforcement Warning,silver alert,
d3d3ad54-1d93-4884-821f-2b2ab830f3b9,2022-11-11 18:19:36+00:00,16043,16,Cancel,LEW,Law Enforcement Warning,endangered missing,73.0
d3d3ad54-1d93-4884-821f-2b2ab830f3b9,2022-11-11 18:19:36+00:00,16065,16,Cancel,LEW,Law Enforcement Warning,endangered missing,73.0
08d34284-4df0-49da-b6f8-a25f0d264850,2022-11-12 15:04:00+00:00,55079,55,Alert,LEW,Law Enforcement Warning,silver alert,
e3537228-82f8-4cb0-b33f-9309d59bef0a,2022-11-12 15:28:50+00:00,55000,55,Cancel,LEW,Law Enforcement Warning,silver alert,
7734a6a6-2d0a-4b72-b74c-9e8a4a0c5009,2022-11-16 17:53:30+00:00,06085,06,Alert,LEW,Law Enforcement Warning,silver alert,
8bd7866f-0066-451a-851c-3725f9c82b5b,2022-11-18 00:26:40+00:00,06037,06,Alert,LEW,Law Enforcement Warning,silver alert,
8bd7866f-0066-451a-851c-3725f9c82b5b,2022-11-18 00:26:40+00:00,06059,06,Alert,LEW,Law Enforcement Warning,silver alert,
e2c79d27-9151-4b98-a2fd-3feae8e53b50,2022-11-23 03:37:10+00:00,06037,06,Alert,LEW,Law Enforcement Warning,silver alert,
213834cc-0426-4163-bf1a-9dcc757c158b,2022-11-23 21:37:45+00:00,06077,06,Alert,LEW,Law Enforcement Warning,silver alert,
8c207452-e1e8-4020-b7d2-f7d2c786af71,2022-11-28 02:05:25+00:00,53063,53,Alert,CEM,Civil Emergency Message,dementia,59.0
2860c94e-2aaa-4574-a0da-dd36aab4e46d,2022-11-28 02:24:26+00:00,53063,53,Update,CEM,Civil Emergency Message,dementia,59.0
e91bbd61-ce6d-434b-b484-9b0488de3398,2022-11-29 22:34:23+00:00,16001,16,Alert,LEW,Law Enforcement Warning,endangered missing,47.0
e91bbd61-ce6d-434b-b484-9b0488de3398,2022-11-29 22:34:23+00:00,16027,16,Alert,LEW,Law Enforcement Warning,endangered missing,47.0
9e7004c9-346c-45f3-a0a8-f62bc1b78043,2022-11-29 22:58:45+00:00,16001,16,Cancel,LEW,Law Enforcement Warning,endangered missing,47.0
9e7004c9-346c-45f3-a0a8-f62bc1b78043,2022-11-29 22:58:45+00:00,16027,16,Cancel,LEW,Law Enforcement Warning,endangered missing,47.0
498fbd63-3f2e-4f57-b428-3a8b342017c5,2022-12-02 00:51:05+00:00,12031,12,Alert,CEM,Civil Emergency Message,missing endangered,84.0
2b7d57d7-a96a-4390-a10d-9063fa6f0651,2022-12-04 01:11:00+00:00,55000,55,Alert,LEW,Law Enforcement Warning,silver alert,
c581fb84-f7ef-4187-bf96-e355d733d98c,2022-12-04 03:03:10+00:00,55000,55,Cancel,LEW,Law Enforcement Warning,silver alert,
13482779-1ced-47a5-b2a3-5b695fa05ef6,2022-12-08 00:27:45+00:00,24009,24,Alert,LAE,Local Area Emergency,critical missing,9.0
b5711967-418a-41e1-81ed-f6e059ed78db,2022-12-10 00:52:10+00:00,40041,40,Alert,CEM,Civil Emergency Message,missing endangered,
b5711967-418a-41e1-81ed-f6e059ed78db,2022-12-10 00:52:10+00:00,40091,40,Alert,CEM,Civil Emergency Message,missing endangered,
b5711967-418a-41e1-81ed-f6e059ed78db,2022-12-10 00:52:10+00:00,40115,40,Alert,CEM,Civil Emergency Message,missing endangered,
584d9d13-c5fe-44fa-9882-3e3c3cb3a7fc,2022-12-10 00:53:49+00:00,40041,40,Cancel,CEM,Civil Emergency Message,missing endangered,
584d9d13-c5fe-44fa-9882-3e3c3cb3a7fc,2022-12-10 00:53:49+00:00,40091,40,Cancel,CEM,Civil Emergency Message,missing endangered,
584d9d13-c5fe-44fa-9882-3e3c3cb3a7fc,2022-12-10 00:53:49+00:00,40115,40,Cancel,CEM,Civil Emergency Message,missing endangered,
c1a5b9ee-268d-4c7f-a21c-54ae425fec90,2022-12-12 03:16:00+00:00,06085,06,Alert,LEW,Law Enforcement Warning,silver alert,
35e14db9-b4f4-477a-aa0c-478455646852,2022-12-14 16:46:45+00:00,06097,06,Alert,LEW,Law Enforcement Warning,silver alert,
a9b8aa54-9386-4bce-8e9e-180da51273a6,2022-12-15 02:00:09+00:00,16001,16,Alert,LEW,Law Enforcement Warning,endangered missing,84.0
a9b8aa54-9386-4bce-8e9e-180da51273a6,2022-12-15 02:00:09+00:00,16027,16,Alert,LEW,Law Enforcement Warning,endangered missing,84.0
a9b8aa54-9386-4bce-8e9e-180da51273a6,2022-12-15 02:00:09+00:00,16073,16,Alert,LEW,Law Enforcement Warning,endangered missing,84.0
0813a496-cb78-476c-b005-a30f132caedb,2022-12-15 03:20:19+00:00,16001,16,Update,LEW,Law Enforcement Warning,endangered missing,84.0
0813a496-cb78-476c-b005-a30f132caedb,2022-12-15 03:20:19+00:00,16027,16,Update,LEW,Law Enforcement Warning,endangered missing,84.0
0813a496-cb78-476c-b005-a30f132caedb,2022-12-15 03:20:19+00:00,16073,16,Update,LEW,Law Enforcement Warning,endangered missing,84.0
eb00a551-c4ee-4c38-97ff-92d9845b548d,2022-12-15 11:45:28+00:00,16001,16,Cancel,LEW,Law Enforcement Warning,endangered missing,84.0
eb00a551-c4ee-4c38-97ff-92d9845b548d,2022-12-15 11:45:28+00:00,16027,16,Cancel,LEW,Law Enforcement Warning,endangered missing,84.0
eb00a551-c4ee-4c38-97ff-92d9845b548d,2022-12-15 11:45:28+00:00,16073,16,Cancel,LEW,Law Enforcement Warning,endangered missing,84.0
1473d7cd-b2e0-4bab-8b87-9ab87115eff6,2022-12-17 15:07:24+00:00,16069,16,Alert,LEW,Law Enforcement Warning,endangered missing,48.0
0df6c2a5-e906-438e-ac98-8b2c5d2413a2,2022-12-18 01:44:40+00:00,55000,55,Cancel,LEW,Law Enforcement Warning,silver alert,
e780331c-b6ad-4c07-b5b4-dedfa68ba4ad,2022-12-19 05:02:36+00:00,16031,16,Alert,LEW,Law Enforcement Warning,endangered missing,78.0
e780331c-b6ad-4c07-b5b4-dedfa68ba4ad,2022-12-19 05:02:36+00:00,16083,16,Alert,LEW,Law Enforcement Warning,endangered missing,78.0
41c85d66-ad4f-46fd-b96e-bb1b55e96142,2022-12-19 05:31:33+00:00,16031,16,Cancel,LEW,Law Enforcement Warning,endangered missing,78.0
41c85d66-ad4f-46fd-b96e-bb1b55e96142,2022-12-19 05:31:33+00:00,16083,16,Cancel,LEW,Law Enforcement Warning,endangered missing,78.0
beb62917-455a-467d-be0a-23f94461e0e8,2022-12-19 20:27:00+00:00,06059,06,Alert,LEW,Law Enforcement Warning,silver alert,
cbb767b2-59b2-421c-a000-f37b1abcbd9d,2022-12-21 10:50:50+00:00,38000,38,Alert,CEM,Civil Emergency Message,silver alert,80.0
af0b48eb-a0e7-4c3a-ab97-78e4ce1ab398,2022-12-21 12:02:30+00:00,38000,38,Alert,CEM,Civil Emergency Message,silver alert,
465aa6e6-6c64-4ed0-bf02-6a01b4a8e6c5,2022-12-23 17:43:30+00:00,21067,21,Alert,LAE,Local Area Emergency,golden alert,67.0
7c047def-1cea-47fc-a5dc-a1182e4589a8,2022-12-25 11:52:25+00:00,12031,12,Alert,CEM,Civil Emergency Message,missing endangered,81.0
1c998600-bbf2-4932-a176-ba1e784803f9,2022-12-25 13:25:30+00:00,12031,12,Cancel,CEM,Civil Emergency Message,missing endangered,81.0
fd7e20ba-1d15-4e46-9861-2799001026e8,2022-12-25 13:35:35+00:00,12031,12,Alert,CEM,Civil Emergency Message,missing endangered,81.0
9ae7ea67-f74b-4254-931d-03b88b151818,2022-12-25 17:01:15+00:00,12031,12,Cancel,CEM,Civil Emergency Message,missing endangered,81.0
84bb236d-1092-414d-a953-e163f7c991fd,2022-12-26 00:32:25+00:00,06059,06,Alert,LEW,Law Enforcement Warning,silver alert,
d8699e83-4cd2-4da1-bb2c-c296661c93fc,2022-12-26 00:51:40+00:00,06059,06,Alert,LEW,Law Enforcement Warning,silver alert,
b222513c-301e-458a-9267-cdeb7b1bd273,2022-12-26 14:05:40+00:00,45083,45,Alert,LAE,Local Area Emergency,dementia,92.0
86e6c0d4-7614-406f-99dc-ae2fca46e399,2022-12-27 15:40:55+00:00,06111,06,Alert,LEW,Law Enforcement Warning,silver alert,
45c48624-40ff-45f9-afc4-8d4ae55ef126,2022-12-27 15:50:45+00:00,06001,06,Alert,LEW,Law Enforcement Warning,silver alert,
0510c91a-79d4-43d6-bccf-d384c6017c7b,2023-01-01 04:24:10+00:00,06019,06,Alert,LEW,Law Enforcement Warning,silver alert,
83570f3b-d2c6-471b-8496-90ec6504d3b3,2023-01-06 17:00:20+00:00,06059,06,Alert,LEW,Law Enforcement Warning,silver alert,
fe67a453-19c2-4212-ada1-a4b4c6c8889a,2023-01-09 01:26:08+00:00,13225,13,Alert,LEW,Law Enforcement Warning,dementia,60.0
48bf3e18-6bca-4257-971a-15726d8edcfc,2023-01-09 01:49:11+00:00,13225,13,Cancel,LEW,Law Enforcement Warning,dementia,60.0
0c2b8720-e986-41a0-8d44-c3a3d6750e80,2023-01-10 06:14:11+00:00,41039,41,Alert,CEM,Civil Emergency Message,missing endangered,13.0
096f5ca0-f343-4e50-9e80-5d0e1ace8043,2023-01-11 04:25:30+00:00,12031,12,Alert,CEM,Civil Emergency Message,missing endangered,78.0
97964930-8d34-4568-a222-d851c5cf698a,2023-01-11 12:23:50+00:00,12031,12,Alert,CEM,Civil Emergency Message,missing endangered,78.0
1e1e66e4-f379-4557-8823-0ee003301cd1,2023-01-11 23:15:55+00:00,12031,12,Alert,CEM,Civil Emergency Message,missing endangered,78.0
1ddd16f2-6d27-4251-b914-ea2e60ab68b4,2023-01-13 22:00:16+00:00,18003,18,Alert,LAE,Local Area Emergency Warning,missing endangered,81.0
a5e5ecdf-2f5d-4510-ae42-ab88d5669066,2023-01-15 00:30:05+00:00,06099,06,Alert,LEW,Law Enforcement Warning,silver alert,
0947b779-8bc9-44d7-bbe5-c166e5a234bb,2023-01-16 02:12:35+00:00,06037,06,Alert,LEW,Law Enforcement Warning,silver alert,
07270437-92ad-44ec-b2a4-bd9cb4134cb5,2023-01-16 15:56:25+00:00,55079,55,Cancel,LEW,Law Enforcement Warning,silver alert,
4b7d3df1-1a32-415e-b549-3385c56aaf79,2023-01-27 03:33:10+00:00,12031,12,Alert,CEM,Civil Emergency Message,missing endangered,75.0
8ef8aa93-92a9-433c-bed5-ad0fcbe09394,2023-01-27 12:00:30+00:00,12031,12,Alert,CEM,Civil Emergency Message,missing endangered,75.0
07851dd9-bc73-4a3b-955d-849c34256688,2023-01-27 21:59:33+00:00,21000,21,Alert,CEM,Civil Emergency Message,golden alert,
63605ec1-cc30-4e40-8aa0-5d09033b2ed2,2023-01-29 03:00:55+00:00,06085,06,Alert,LEW,Law Enforcement Warning,silver alert,
e4456f6d-d31b-4610-9f59-2b4158c12839,2023-02-02 22:51:04+00:00,18003,18,Alert,LEW,Law Enforcement Warning,missing endangered,73.0
5223028f-276b-4a06-87fe-962c9b69610f,2023-02-02 23:27:44+00:00,18003,18,Alert,LEW,Law Enforcement Warning,missing endangered,73.0
ba5db1a8-29ab-44de-a30e-cd86578301fd,2023-02-07 03:12:12+00:00,40109,40,Alert,CEM,Civil Emergency Message,missing endangered,
29dbee50-f298-4e65-92d1-e6b43197c189,2023-02-09 19:30:45+00:00,39149,39,Alert,LAE,Local Area Emergency,missing elderly,
4b56b443-62c9-443e-9bae-63f405a04912,2023-02-10 15:57:54+00:00,45015,45,Alert,LAE,Local Area Emergency,missing elderly,88.0
0cff66cf-52f7-4c76-af2b-5532de9eab4d,2023-02-10 15:58:11+00:00,45015,45,Alert,LAE,Local Area Emergency,missing elderly,88.0
feb8793c-4bc9-4af6-ab32-933c3dec5f04,2023-02-10 17:50:00+00:00,45015,45,Alert,LAE,Local Area Emergency,missing elderly,
dd3a8a57-f161-46df-a271-9b7ff42db9b4,2023-02-13 02:34:45+00:00,55079,55,Alert,LEW,Law Enforcement Warning,silver alert,
ab1c198b-ab9a-4c4a-b1eb-0f10f80759fd,2023-02-13 07:38:05+00:00,16001,16,Alert,LAE,Local Area Emergency,endangered missing,60.0
68789019-a4d0-44d2-bf3b-77409de58ce8,2023-02-18 03:20:08+00:00,47065,47,Alert,LAE,Local Area Emergency,dementia,
3d18e6b6-2ded-4c13-975a-3ae467cc65f9,2023-02-18 04:20:21+00:00,47065,47,Alert,LAE,Local Area Emergency,dementia,
7c966bf8-1948-4f58-aa45-eb8b15eb514d,2023-02-20 18:17:00+00:00,55079,55,Alert,LEW,Law Enforcement Warning,silver alert,
da97b48b-9869-4573-b42c-ccebbeb1a581,2023-02-20 18:25:35+00:00,55000,55,Cancel,LEW,Law Enforcement Warning,silver alert,
72636c1c-9384-4a70-bd69-36531f14aa2e,2023-02-22 16:50:29+00:00,40109,40,Alert,CEM,Civil Emergency Message,missing endangered,
ada556f0-f6e3-4f69-97e2-fca526dcb4c4,2023-02-22 17:04:19+00:00,40109,40,Cancel,CEM,Civil Emergency Message,missing endangered,
f53d9c53-1be9-4388-8a5e-8fdbd5f2e9ca,2023-02-23 15:30:40+00:00,55000,55,Alert,LEW,Law Enforcement Warning,silver alert,
6cf2921f-8010-4117-a505-fafe74de6322,2023-02-23 16:19:25+00:00,55000,55,Cancel,LEW,Law Enforcement Warning,silver alert,
54a884fe-4c31-460e-bb5e-e7f6643aaa0b,2023-02-28 17:00:50+00:00,06097,06,Alert,LEW,Law Enforcement Warning,silver alert,
2125f3de-5dbb-416e-bc4e-63bcca0f3790,2023-03-02 02:46:45+00:00,55000,55,Alert,LEW,Law Enforcement Warning,silver alert,
ec325593-461b-4448-af8b-9079cbb6e7e1,2023-03-02 03:01:45+00:00,55000,55,Cancel,LEW,Law Enforcement Warning,silver alert,
8c8fae8b-5c4c-4696-a496-efd7a915e18a,2023-03-05 20:16:45+00:00,06065,06,Alert,LEW,Law Enforcement Warning,silver alert,
f0ee66e6-fcfc-4d24-898c-e7d536967052,2023-03-05 21:02:30+00:00,06065,06,Cancel,LEW,Law Enforcement Warning,silver alert,
f8bebe91-45e5-493d-b618-19f7d9fbe003,2023-03-09 02:34:45+00:00,40123,40,Alert,CEM,Civil Emergency Message,endangered missing,11.0
d060624c-2e69-481b-b180-5883a5481628,2023-03-09 03:07:52+00:00,40123,40,Cancel,CEM,Civil Emergency Message,endangered missing,
f13f01a7-1966-48a5-82e1-2aa5417797bd,2023-03-09 03:37:47+00:00,40123,40,Cancel,CEM,Civil Emergency Message,endangered missing,
010fac62-b4d1-44b5-8dc0-5b09972b72bd,2023-03-09 03:38:03+00:00,40123,40,Cancel,CEM,Civil Emergency Message,endangered missing,
78c35ef2-c38e-4286-821c-1a3a92d3e730,2023-03-10 19:38:00+00:00,06037,06,Alert,LEW,Law Enforcement Warning,endangered missing,
f6704575-196d-4544-9fdb-a58747a9d6dd,2023-03-10 19:56:25+00:00,06037,06,Update,LEW,Law Enforcement Warning,endangered missing,
9a16dc9f-0add-49b6-9eec-38947dadbaa5,2023-03-22 06:52:21+00:00,46027,46,Alert,LAE,Local Area Emergency Warning,missing endangered,81.0
81bb1ef8-2859-4b3e-b742-e5558e4d76b1,2023-03-22 06:56:02+00:00,46027,46,Update,LAE,Local Area Emergency Warning,missing endangered,81.0
fa8b0ffe-6e00-4763-b0ed-3fafd420bd4b,2023-03-29 04:48:58+00:00,55133,55,Alert,LEW,Law Enforcement Warning,missing endangered,
8666f043-facf-4eae-99b3-b84e151b0a9e,2023-03-29 13:11:05+00:00,55000,55,Alert,LEW,Law Enforcement Warning,silver alert,
21774797-01ec-4b85-aafb-2ccbcb7d9e6f,2023-03-29 13:56:40+00:00,55000,55,Cancel,LEW,Law Enforcement Warning,silver alert,
09fce42e-75a4-4e7b-939e-9a29563f9963,2023-03-31 00:37:46+00:00,50001,50,Alert,LEW,Law Enforcement Warning,missing vulnerable,17.0
3a28a7ec-dc57-46eb-8895-0e6be585041c,2023-03-31 22:19:35+00:00,55000,55,Alert,LEW,Law Enforcement Warning,silver alert,
d96c78de-9017-4aa7-a6dc-bf72fec8dd6c,2023-03-31 23:13:30+00:00,55000,55,Cancel,LEW,Law Enforcement Warning,silver alert,
18d22218-a590-4e24-9ec4-c20a920d8470,2023-04-02 16:40:30+00:00,06111,06,Alert,LEW,Law Enforcement Warning,silver alert,
51eb66a6-6de0-42e8-8d58-164b5cbe2602,2023-04-02 17:37:35+00:00,06111,06,Cancel,LEW,Law Enforcement Warning,silver alert,
d2d764f3-cd9b-4cba-8965-7e648fdb6f01,2023-04-04 01:23:07+00:00,40037,40,Alert,CEM,Civil Emergency Message,missing endangered,
c52b5e30-7af3-4ac8-8830-a032e3eac8c9,2023-04-07 00:05:40+00:00,06065,06,Alert,LEW,Law Enforcement Warning,silver alert,
c52b5e30-7af3-4ac8-8830-a032e3eac8c9,2023-04-07 00:05:40+00:00,06071,06,Alert,LEW,Law Enforcement Warning,silver alert,
021b6269-b0e6-4d38-9b2f-a957055d55b3,2023-04-07 00:59:05+00:00,06065,06,Cancel,LEW,Law Enforcement Warning,silver alert,
021b6269-b0e6-4d38-9b2f-a957055d55b3,2023-04-07 00:59:05+00:00,06071,06,Cancel,LEW,Law Enforcement Warning,silver alert,
d778f9ef-eb9b-430b-a923-32ebda33fae4,2023-04-09 00:36:35+00:00,55000,55,Alert,LEW,Law Enforcement Warning,silver alert,
dff2438e-a611-4755-bb8b-797df90ff34d,2023-04-09 02:03:20+00:00,55000,55,Cancel,LEW,Law Enforcement Warning,silver alert,
3f84fd29-fb77-4829-9af3-74633f2bfedd,2023-04-09 11:22:25+00:00,01125,01,Alert,LAE,Local Area Emergency,missing elderly,60.0
381e935b-07e9-4727-b2e7-9c306925464e,2023-04-12 02:15:04+00:00,16001,16,Alert,LEW,Law Enforcement Warning,endangered missing,72.0
4b0c12be-ee13-4635-aa0a-fafb1132389f,2023-04-12 02:46:58+00:00,16000,16,Alert,LEW,Law Enforcement Warning,endangered missing,72.0
f734fcde-4ce9-4ed3-850e-16be294ee5eb,2023-04-12 13:45:05+00:00,55000,55,Alert,LEW,Law Enforcement Warning,silver alert,
77b8294a-f1e6-4bba-a624-7e429bc6a04d,2023-04-12 14:21:20+00:00,55000,55,Cancel,LEW,Law Enforcement Warning,silver alert,
c768ae57-aa88-4495-b2bc-cdbc91e27592,2023-04-16 21:14:05+00:00,06037,06,Alert,LEW,Law Enforcement Warning,silver alert,
04b07e91-a594-49c1-9af4-cce77be1af7e,2023-04-16 21:35:20+00:00,06037,06,Cancel,LEW,Law Enforcement Warning,silver alert,
f7494136-2cb3-4e64-b982-e89a4a62a2f4,2023-04-22 19:44:35+00:00,06037,06,Alert,LEW,Law Enforcement Warning,endangered missing,
97f5c3bd-123d-49d1-ab06-f9c898955dd7,2023-04-25 03:12:39+00:00,21239,21,Alert,LAE,Golden Alert Jane Elizabeth Zwick,golden alert,
d52fb091-2d6f-4d8a-aca9-3e6539a9448f,2023-04-26 01:54:45+00:00,40049,40,Alert,CEM,Civil Emergency Message,missing endangered,
804858f8-7014-4a5b-89b3-f1c3fb3fdad5,2023-04-26 15:29:28+00:00,21001,21,Alert,LAE,Local Area Emergency Warning,golden alert,59.0
804858f8-7014-4a5b-89b3-f1c3fb3fdad5,2023-04-26 15:29:28+00:00,21087,21,Alert,LAE,Local Area Emergency Warning,golden alert,59.0
804858f8-7014-4a5b-89b3-f1c3fb3fdad5,2023-04-26 15:29:28+00:00,21169,21,Alert,LAE,Local Area Emergency Warning,golden alert,59.0
35b84a49-2e1c-42bf-88ae-904ba64f4485,2023-04-26 15:31:49+00:00,21001,21,Alert,LAE,Local Area Emergency Warning,golden alert,59.0
35b84a49-2e1c-42bf-88ae-904ba64f4485,2023-04-26 15:31:49+00:00,21087,21,Alert,LAE,Local Area Emergency Warning,golden alert,59.0
35b84a49-2e1c-42bf-88ae-904ba64f4485,2023-04-26 15:31:49+00:00,21169,21,Alert,LAE,Local Area Emergency Warning,golden alert,59.0
d91e9661-008b-4ba6-a8c9-ae9d2a8601c7,2023-05-01 15:21:22+00:00,40000,40,Alert,CEM,Civil Emergency Message,missing endangered,
b232e953-d301-40cf-9f41-f950bc4c337c,2023-05-02 14:55:15+00:00,06037,06,Alert,LEW,Law Enforcement Warning,silver alert,
114e5089-6e4d-496a-b757-9f98e5116ca9,2023-05-03 20:43:00+00:00,06065,06,Alert,LEW,Law Enforcement Warning,silver alert,
114e5089-6e4d-496a-b757-9f98e5116ca9,2023-05-03 20:43:00+00:00,06071,06,Alert,LEW,Law Enforcement Warning,silver alert,
05f0e215-2068-4199-9c32-ff3e281637a8,2023-05-05 01:36:25+00:00,06067,06,Alert,LEW,Law Enforcement Warning,silver alert,
ae8abe1e-6816-45e6-8478-554d29fda3e0,2023-05-05 02:42:55+00:00,06067,06,Cancel,LEW,Law Enforcement Warning,silver alert,
dab6bc18-79ac-421c-af05-6602774979b1,2023-05-11 01:51:05+00:00,18003,18,Alert,LEW,Law Enforcement Warning,missing endangered,
5ea79332-ebc5-4142-8bba-9a1bd1909e1c,2023-05-13 13:42:02+00:00,50003,50,Alert,LEW,Law Enforcement Warning,missing vulnerable,72.0
6625f1cf-17c5-4567-94ae-b8f5bb66e0b6,2023-05-18 16:11:20+00:00,06085,06,Alert,LEW,Law Enforcement Warning,silver alert,
4897d521-1652-4fb7-a29d-f71b5f3651c1,2023-05-19 18:35:00+00:00,12031,12,Alert,CEM,Civil Emergency Message,missing endangered,94.0
cb2c9f45-9e4a-4b91-aaec-b9b966273d7f,2023-05-19 19:49:09+00:00,40027,40,Alert,CEM,Civil Emergency Message,endangered missing,
cb2c9f45-9e4a-4b91-aaec-b9b966273d7f,2023-05-19 19:49:09+00:00,40093,40,Alert,CEM,Civil Emergency Message,endangered missing,
cb2c9f45-9e4a-4b91-aaec-b9b966273d7f,2023-05-19 19:49:09+00:00,40109,40,Alert,CEM,Civil Emergency Message,endangered missing,
cb2c9f45-9e4a-4b91-aaec-b9b966273d7f,2023-05-19 19:49:09+00:00,40125,40,Alert,CEM,Civil Emergency Message,endangered missing,
2e01c09e-6829-44bf-bb09-99920a3b07e3,2023-05-19 20:00:40+00:00,12031,12,Cancel,CEM,Civil Emergency Message,missing endangered,94.0
7575977f-6eed-4f00-87af-40970a7fd916,2023-05-21 03:22:50+00:00,40071,40,Alert,CEM,Civil Emergency Message,missing endangered,
7575977f-6eed-4f00-87af-40970a7fd916,2023-05-21 03:22:50+00:00,40103,40,Alert,CEM,Civil Emergency Message,missing endangered,
7575977f-6eed-4f00-87af-40970a7fd916,2023-05-21 03:22:50+00:00,40113,40,Alert,CEM,Civil Emergency Message,missing endangered,
a2c83f17-97ca-48c7-846d-97bef911018c,2023-05-21 23:41:02+00:00,40101,40,Alert,CEM,Civil Emergency Message,missing endangered,
bad476b7-7dcd-4550-9948-bd0527a522ec,2023-05-25 13:45:56+00:00,50023,50,Alert,LEW,Law Enforcement Warning,missing vulnerable,77.0
6607d62d-7947-42b7-9bb5-42fdc66d56ce,2023-05-25 14:44:16+00:00,40065,40,Alert,CEM,Civil Emergency Message,missing endangered,
20fa3b9b-e93d-4ef8-86fa-ff066a2d880a,2023-05-25 21:25:15+00:00,06037,06,Alert,LEW,Law Enforcement Warning,silver alert,
20fa3b9b-e93d-4ef8-86fa-ff066a2d880a,2023-05-25 21:25:15+00:00,06059,06,Alert,LEW,Law Enforcement Warning,silver alert,
20fa3b9b-e93d-4ef8-86fa-ff066a2d880a,2023-05-25 21:25:15+00:00,06071,06,Alert,LEW,Law Enforcement Warning,silver alert,
5c915716-ddcd-47f5-9e6c-4eda72029ddc,2023-05-25 21:27:31+00:00,16000,16,Alert,LAE,Local Area Emergency,endangered missing,
9250f89e-2dda-47d8-a99b-2a8e1f00206b,2023-05-26 14:31:59+00:00,18003,18,Alert,LAE,Local Area Emergency,missing endangered,32.0
20fab4e6-2d7d-4876-8483-6a6ad2951465,2023-05-26 20:50:04+00:00,18003,18,Alert,LEW,Law Enforcement Warning,endangered missing,74.0
9e41c28a-d59a-421b-a2c4-564fb67f71bf,2023-05-26 20:55:29+00:00,18003,18,Alert,LEW,Law Enforcement Warning,missing endangered,74.0
fa5f3d66-1a66-4005-b286-f9afd1f39b0e,2023-05-26 21:34:15+00:00,18003,18,Alert,LEW,Law Enforcement Warning,missing endangered,74.0
1d5962c4-6ecd-49c3-ac46-0853af0ecf71,2023-05-26 22:23:25+00:00,06037,06,Alert,LEW,Law Enforcement Warning,silver alert,
d2d1d73f-5d1c-4409-bab5-517d1c14edb3,2023-05-27 20:07:50+00:00,38000,38,Alert,CEM,Civil Emergency Message,silver alert,70.0
6c04decd-14c1-4e74-ad7f-3ff42de8d59f,2023-05-29 17:23:30+00:00,55000,55,Alert,LEW,Law Enforcement Warning,silver alert,
63db4241-b492-4d82-9d12-e9fa2cd1f845,2023-05-29 18:04:20+00:00,55000,55,Cancel,LEW,Law Enforcement Warning,silver alert,
1246b11f-cf71-44ce-b655-5bc07fed52e4,2023-05-30 20:13:35+00:00,36009,36,Alert,LAE,Local Area Emergency,missing senior,85.0
ad056b9b-8112-4ecc-8281-e30a72785790,2023-05-31 15:29:24+00:00,18003,18,Alert,LAE,Local Area Emergency,missing endangered,82.0
1f0766f3-81eb-48ac-93a9-b553e4199fc8,2023-06-01 07:25:49+00:00,40131,40,Alert,CEM,Civil Emergency Message,missing endangered,
1f0766f3-81eb-48ac-93a9-b553e4199fc8,2023-06-01 07:25:49+00:00,40143,40,Alert,CEM,Civil Emergency Message,missing endangered,
1f0766f3-81eb-48ac-93a9-b553e4199fc8,2023-06-01 07:25:49+00:00,40145,40,Alert,CEM,Civil Emergency Message,missing endangered,
ae266e8d-926d-40d8-8679-bcd1812bd86f,2023-06-01 18:40:35+00:00,06037,06,Alert,LEW,Law Enforcement Warning,silver alert,
e7f820d1-e74a-4349-99db-cfecd88c7e29,2023-06-01 19:57:00+00:00,06037,06,Alert,LEW,Law Enforcement Warning,silver alert,
8a1e28a1-db11-474a-a343-f6ecaa9eef4e,2023-06-03 08:33:00+00:00,21151,21,Alert,LAE,LOCAL AREA EMERGENCY,golden alert,43.0
22733e6a-7b2c-4fa5-ba06-6219366c48c2,2023-06-03 11:39:32+00:00,21151,21,Alert,CEM,Civil Emergency Message,golden alert,43.0
a726a5a7-e1df-48c5-bc29-5589eea3f337,2023-06-03 17:20:17+00:00,16019,16,Alert,LAE,Local Area Emergency Warning,missing endangered,14.0
07ee3453-feb0-4133-99fe-14063852a3b3,2023-06-03 18:12:15+00:00,16000,16,Alert,LEW,Law Enforcement Warning,endangered missing,14.0
07ee3453-feb0-4133-99fe-14063852a3b3,2023-06-03 18:12:15+00:00,16019,16,Alert,LEW,Law Enforcement Warning,endangered missing,14.0
ec853032-6508-49e7-b862-28523492cb26,2023-06-03 18:24:09+00:00,16019,16,Update,LAE,Local Area Emergency Warning,missing endangered,14.0
e319e3b3-b27d-40a4-abe7-e55d2a5cf4c7,2023-06-08 20:47:40+00:00,55000,55,Alert,LEW,Law Enforcement Warning,silver alert,
14413c66-4b0d-4917-aa10-624729e32a29,2023-06-08 21:01:20+00:00,55000,55,Cancel,LEW,Law Enforcement Warning,silver alert,
8c4b3c79-e755-432a-9e71-4fc5cf9209e7,2023-06-10 01:30:10+00:00,06037,06,Alert,LEW,Law Enforcement Warning,silver alert,
e4d94926-ad43-465a-b233-d95886e84e9d,2023-06-11 04:56:41+00:00,21077,21,Alert,CEM,Civil Emergency Message,golden alert,79.0
0382e10b-d545-4fdd-a167-ba18893d5f47,2023-06-11 14:46:40+00:00,55000,55,Alert,LEW,Law Enforcement Warning,silver alert,
186d3e7d-2c48-4ce6-9a9e-899db63984e8,2023-06-11 22:16:30+00:00,06075,06,Alert,LEW,Law Enforcement Warning,silver alert,
186d3e7d-2c48-4ce6-9a9e-899db63984e8,2023-06-11 22:16:30+00:00,06081,06,Alert,LEW,Law Enforcement Warning,silver alert,
186d3e7d-2c48-4ce6-9a9e-899db63984e8,2023-06-11 22:16:30+00:00,06085,06,Alert,LEW,Law Enforcement Warning,silver alert,
d72f6936-2ee2-4fe7-9822-37e2b48f9b7f,2023-06-11 23:34:10+00:00,06075,06,Cancel,LEW,Law Enforcement Warning,silver alert,
d72f6936-2ee2-4fe7-9822-37e2b48f9b7f,2023-06-11 23:34:10+00:00,06081,06,Cancel,LEW,Law Enforcement Warning,silver alert,
d72f6936-2ee2-4fe7-9822-37e2b48f9b7f,2023-06-11 23:34:10+00:00,06085,06,Cancel,LEW,Law Enforcement Warning,silver alert,
b50ffea4-949a-4354-b3a9-48ca48bf4e28,2023-06-12 01:35:40+00:00,55000,55,Cancel,LEW,Law Enforcement Warning,silver alert,
edbcbfd3-f814-42e9-b9b5-79a7d246d849,2023-06-12 01:35:45+00:00,36009,36,Alert,LAE,Local Area Emergency,missing endangered,90.0
b39f75e2-73d0-42bf-8726-be564dfcd3f7,2023-06-12 02:23:25+00:00,36009,36,Cancel,LAE,Local Area Emergency,missing endangered,
c7e821a0-abba-4ad2-8f67-7319e134c01e,2023-06-12 02:43:20+00:00,36009,36,Alert,LAE,Local Area Emergency,missing elderly,
bfdf4e81-e59d-4b6b-88ca-f04685c07957,2023-06-12 02:53:20+00:00,36009,36,Cancel,LAE,Local Area Emergency,missing elderly,
e61ae07f-ddfb-4734-a6ed-b34a8bec851d,2023-06-12 15:57:35+00:00,06085,06,Alert,LEW,Law Enforcement Warning,silver alert,
a217b6c7-68ef-4202-a9dd-50d62328be8f,2023-06-15 23:12:40+00:00,38000,38,Alert,CEM,Civil Emergency Message,silver alert,84.0
0c38f8d3-a777-4287-b0a7-2f1954eb8281,2023-06-16 03:23:51+00:00,16000,16,Cancel,LAE,Local Area Emergency,endangered missing,73.0
c20cb126-527b-477f-8305-ee2eebfa6c68,2023-06-16 15:10:10+00:00,06001,06,Alert,LEW,Law Enforcement Warning,silver alert,
f17ebcd5-88b0-45c3-974a-29db0d4dcef7,2023-06-19 21:08:25+00:00,06029,06,Alert,LEW,Law Enforcement Warning,silver alert,
20c0b210-3ed3-4f55-aee8-6306f229a24d,2023-06-23 15:41:03+00:00,40000,40,Alert,CEM,Civil Emergency Message,missing endangered,9.0
554f25ce-1a4c-4b91-9e5e-540d213d6193,2023-06-23 18:11:36+00:00,40000,40,Cancel,CEM,Civil Emergency Message,missing endangered,
81c0fe9b-ee01-4fdc-8631-460ce59042df,2023-06-24 00:59:05+00:00,12031,12,Alert,LAE,Local Area Emergency,missing endangered,76.0
f4b08ffe-782a-4041-a783-e83dc19b7e4e,2023-06-24 01:08:50+00:00,12031,12,Cancel,LAE,Local Area Emergency,missing endangered,76.0
34bab269-9232-40f2-af03-9d50f653e8ca,2023-06-30 18:34:48+00:00,40121,40,Alert,CEM,Civil Emergency Message,endangered missing,
25fa3a12-bb67-4a58-8c57-fdcccfe2cfdb,2023-07-03 21:24:40+00:00,06037,06,Alert,LEW,Law Enforcement Warning,endangered missing,
48e3c5e8-f242-4a2e-8b56-e9b5ba69b398,2023-07-03 22:39:00+00:00,06037,06,Cancel,LEW,Law Enforcement Warning,endangered missing,
94679405-cee4-45e1-ac52-1283cc0706b3,2023-07-07 06:18:48+00:00,18003,18,Alert,LAE,Local Area Emergency,missing endangered,
2b552446-5286-4b6b-a56d-a8b285779cbb,2023-07-11 00:41:35+00:00,55000,55,Alert,LEW,Law Enforcement Warning,silver alert,
c4193e45-6d8c-42ba-aebe-2bcb9d6b5013,2023-07-11 01:35:05+00:00,55000,55,Cancel,LEW,Law Enforcement Warning,silver alert,
2c1bbf3c-df12-4ca4-abe2-d0b1c503e64c,2023-07-11 16:36:00+00:00,38013,38,Alert,CEM,Civil Emergency Message,silver alert,
2c1bbf3c-df12-4ca4-abe2-d0b1c503e64c,2023-07-11 16:36:00+00:00,38025,38,Alert,CEM,Civil Emergency Message,silver alert,
2c1bbf3c-df12-4ca4-abe2-d0b1c503e64c,2023-07-11 16:36:00+00:00,38053,38,Alert,CEM,Civil Emergency Message,silver alert,
2c1bbf3c-df12-4ca4-abe2-d0b1c503e64c,2023-07-11 16:36:00+00:00,38055,38,Alert,CEM,Civil Emergency Message,silver alert,
2c1bbf3c-df12-4ca4-abe2-d0b1c503e64c,2023-07-11 16:36:00+00:00,38057,38,Alert,CEM,Civil Emergency Message,silver alert,
2c1bbf3c-df12-4ca4-abe2-d0b1c503e64c,2023-07-11 16:36:00+00:00,38061,38,Alert,CEM,Civil Emergency Message,silver alert,
2c1bbf3c-df12-4ca4-abe2-d0b1c503e64c,2023-07-11 16:36:00+00:00,38075,38,Alert,CEM,Civil Emergency Message,silver alert,
2c1bbf3c-df12-4ca4-abe2-d0b1c503e64c,2023-07-11 16:36:00+00:00,38101,38,Alert,CEM,Civil Emergency Message,silver alert,
2c1bbf3c-df12-4ca4-abe2-d0b1c503e64c,2023-07-11 16:36:00+00:00,38105,38,Alert,CEM,Civil Emergency Message,silver alert,
97434fad-9918-4d9c-b0f9-446e2e259e3a,2023-07-11 16:42:55+00:00,38013,38,Alert,CEM,Civil Emergency Message,silver alert,
97434fad-9918-4d9c-b0f9-446e2e259e3a,2023-07-11 16:42:55+00:00,38025,38,Alert,CEM,Civil Emergency Message,silver alert,
97434fad-9918-4d9c-b0f9-446e2e259e3a,2023-07-11 16:42:55+00:00,38053,38,Alert,CEM,Civil Emergency Message,silver alert,
97434fad-9918-4d9c-b0f9-446e2e259e3a,2023-07-11 16:42:55+00:00,38055,38,Alert,CEM,Civil Emergency Message,silver alert,
97434fad-9918-4d9c-b0f9-446e2e259e3a,2023-07-11 16:42:55+00:00,38057,38,Alert,CEM,Civil Emergency Message,silver alert,
97434fad-9918-4d9c-b0f9-446e2e259e3a,2023-07-11 16:42:55+00:00,38061,38,Alert,CEM,Civil Emergency Message,silver alert,
97434fad-9918-4d9c-b0f9-446e2e259e3a,2023-07-11 16:42:55+00:00,38075,38,Alert,CEM,Civil Emergency Message,silver alert,
97434fad-9918-4d9c-b0f9-446e2e259e3a,2023-07-11 16:42:55+00:00,38101,38,Alert,CEM,Civil Emergency Message,silver alert,
97434fad-9918-4d9c-b0f9-446e2e259e3a,2023-07-11 16:42:55+00:00,38105,38,Alert,CEM,Civil Emergency Message,silver alert,
453f1e62-2867-4682-b16d-07b57945ebdd,2023-07-11 21:27:46+00:00,47003,47,Alert,LAE,Local Area Emergency,silver alert,
6ebe5e0b-223e-4421-85e3-b9e0a614e221,2023-07-11 21:50:40+00:00,47117,47,Alert,LAE,Local Area Emergency,dementia,83.0
cf2756d7-d042-41af-a111-638775b37d23,2023-07-12 17:16:54+00:00,56013,56,Alert,LAE,Local Area Emergency,dementia,
35d66a7a-302a-46e2-bd33-8f63bcbdd921,2023-07-12 17:39:25+00:00,56013,56,Cancel,LAE,Local Area Emergency,dementia,
b976b1d5-8049-4c43-a1c8-8b0b8e537d39,2023-07-13 19:39:42+00:00,18003,18,Alert,LEW,Law Enforcement Warning,missing endangered,21.0
198dccbb-e00a-4a94-8bc2-70ee13f18011,2023-07-20 23:44:27+00:00,16021,16,Alert,LEW,Law Enforcement Warning,endangered missing,
717026e8-3027-4eca-a108-8fc320705857,2023-07-23 12:31:25+00:00,12031,12,Alert,CEM,Civil Emergency Message,missing endangered,16.0
792f5a4c-7bdc-4919-ba14-1d293197c2b0,2023-07-23 18:55:15+00:00,38000,38,Alert,CEM,Civil Emergency Message,silver alert,56.0
f96c4207-a67c-49f3-b81e-3edd3a8633c9,2023-07-23 18:59:20+00:00,38000,38,Alert,CEM,Civil Emergency Message,silver alert,
479168d5-aef9-46fc-8738-e0154649b269,2023-07-25 13:32:05+00:00,55000,55,Alert,LEW,Law Enforcement Warning,silver alert,
bd25eacf-cbed-4d39-974a-eca7edd6caee,2023-07-25 13:54:20+00:00,55000,55,Cancel,LEW,Law Enforcement Warning,silver alert,
03d1c943-415c-40fa-a9ca-f36676bafe3f,2023-07-27 19:42:15+00:00,06059,06,Alert,LEW,Law Enforcement Warning,silver alert,
5e523bd2-7487-4923-9a88-696369eabfc4,2023-07-27 20:43:11+00:00,56013,56,Alert,LAE,Local Area Emergency,dementia,
51225ad3-ef70-4db1-b42a-cd2b82b92fa0,2023-07-27 20:52:05+00:00,56013,56,Update,LAE,Local Area Emergency,dementia,
17dbb732-a697-40ef-b633-5ad85449b3d9,2023-07-27 21:26:20+00:00,06059,06,Cancel,LEW,Law Enforcement Warning,silver alert,
2c9d0b46-1570-48b3-8427-4e272f5425a7,2023-07-27 23:36:55+00:00,56000,56,Update,LAE,Local Area Emergency,dementia,
38992934-493f-4a75-aed2-5bc8f08bfe53,2023-07-28 01:40:52+00:00,56000,56,Cancel,LAE,Local Area Emergency,dementia,
39aed676-a35c-4dc0-8fc5-9fc7715f67e4,2023-07-28 18:34:50+00:00,56000,56,Alert,LAE,Local Area Emergency,dementia,
06c25c89-37e0-4ec1-873f-aa56b3ef8480,2023-07-28 19:27:35+00:00,06029,06,Alert,LEW,Law Enforcement Warning,silver alert,
504ec3b1-04c8-4f58-8251-34e75573cda1,2023-07-28 23:33:15+00:00,56000,56,Cancel,LAE,Local Area Emergency,dementia,
4310e6f7-2d59-4f20-a0c7-b7876a592474,2023-07-29 17:21:00+00:00,06037,06,Alert,LEW,Law Enforcement Warning,endangered missing,
dff31f57-70a7-4c3d-97c5-bfddc2e3ab67,2023-07-29 18:47:25+00:00,06037,06,Cancel,LEW,Law Enforcement Warning,endangered missing,
79994f0a-842a-4f7c-8301-92812d208892,2023-07-29 22:19:36+00:00,40000,40,Alert,CEM,Civil Emergency Message,missing endangered,
4022ea72-c94d-4415-8da5-a2fafa68c0c1,2023-07-30 01:10:25+00:00,55000,55,Alert,LEW,Law Enforcement Warning,silver alert,
8a9bac0d-65bc-4cca-a2b8-4b7c69c5bd8d,2023-07-30 01:58:40+00:00,55000,55,Cancel,LEW,Law Enforcement Warning,silver alert,
acc6598e-0c94-4cb8-ae3e-f7b357ac4774,2023-07-31 18:38:32+00:00,18089,18,Alert,LEW,Silver Alert - Davion Blakes - Age 15,silver alert,12.0
707f6e21-b174-41b1-b842-41a4f11c6971,2023-08-01 21:05:20+00:00,06031,06,Alert,LEW,Law Enforcement Warning,silver alert,
4619c33a-b057-470b-9d99-ecd9fcf6151c,2023-08-01 21:34:35+00:00,06031,06,Cancel,LEW,Law Enforcement Warning,silver alert,
ea3f3f2a-3c2f-4f6b-b920-f0e7812b7403,2023-08-01 21:50:25+00:00,06031,06,Alert,LEW,Law Enforcement Warning,silver alert,
17e3ed61-d606-4978-85b4-454b2c420b3f,2023-08-01 22:45:45+00:00,06031,06,Cancel,LEW,Law Enforcement Warning,silver alert,
98453539-770c-4240-9aa2-3450440c58ef,2023-08-03 23:14:54+00:00,40097,40,Alert,CEM,Civil Emergency Message,missing endangered,
0d5d6433-226b-4cc4-9cef-06086fc0107a,2023-08-04 03:23:30+00:00,06037,06,Alert,LEW,Law Enforcement Warning,endangered missing,
f83b2b54-900d-493f-8809-8dd14d253257,2023-08-06 13:46:50+00:00,55000,55,Alert,LEW,Law Enforcement Warning,silver alert,
3ea92ada-ffe4-4b4d-a29c-dfa2d9969def,2023-08-06 17:19:00+00:00,55000,55,Cancel,LEW,Law Enforcement Warning,silver alert,
0a5e2d25-c336-4dbe-9c36-4fdb664592dc,2023-08-06 19:01:15+00:00,55000,55,Alert,LEW,Law Enforcement Warning,silver alert,
927a804e-2941-4598-8013-f28efce5767b,2023-08-06 19:24:10+00:00,55000,55,Cancel,LEW,Law Enforcement Warning,silver alert,
3079ca09-f128-4672-98c7-380f43f3af07,2023-08-06 19:26:30+00:00,12031,12,Alert,CEM,Civil Emergency Message,missing endangered,19.0
dcd36c19-d511-478f-8dc2-44588e0f33e9,2023-08-06 20:03:21+00:00,12031,12,Cancel,CEM,Civil Emergency Message,missing endangered,19.0
264a81dc-2182-44c2-8a90-72d9ede01c18,2023-08-08 00:34:08+00:00,06063,06,Alert,LAE,Local Area Emergency,dementia,72.0
a593c044-a3b0-479d-9fee-22185bb69e99,2023-08-09 03:14:35+00:00,06085,06,Alert,LEW,Law Enforcement Warning,silver alert,
81795537-dfdc-4a6d-8e4d-6b87b4f63b6a,2023-08-09 23:15:48+00:00,55133,55,Alert,LEW,Law Enforcement Warning,missing elderly,
ad271929-6c00-44e0-a40e-d46785075c6e,2023-08-09 23:17:27+00:00,55133,55,Update,LEW,Law Enforcement Warning,missing elderly,
03cf8137-e9fc-4267-87bb-23a2a448167e,2023-08-11 05:01:08+00:00,16049,16,Alert,LAE,Local Area Emergency,endangered missing,12.0
03cf8137-e9fc-4267-87bb-23a2a448167e,2023-08-11 05:01:08+00:00,16061,16,Alert,LAE,Local Area Emergency,endangered missing,12.0
321cb1db-de95-4746-bb87-d629cac5c743,2023-08-11 05:30:17+00:00,16049,16,Cancel,LAE,Local Area Emergency,endangered missing,12.0
321cb1db-de95-4746-bb87-d629cac5c743,2023-08-11 05:30:17+00:00,16061,16,Cancel,LAE,Local Area Emergency,endangered missing,12.0
aff49dd7-f2bb-472d-a7c8-b8394a5b059b,2023-08-12 16:13:31+00:00,40031,40,Alert,CEM,Civil Emergency Message,endangered missing,23.0
0a06167d-a0f0-439f-8598-371d1dfdd3ef,2023-08-13 19:38:55+00:00,55000,55,Alert,LEW,Law Enforcement Warning,silver alert,
86dd3e55-fc78-4034-91ea-96767c8a30cf,2023-08-14 02:15:05+00:00,55000,55,Cancel,LEW,Law Enforcement Warning,silver alert,
fdcd750b-9542-4a4b-83da-8f591ba85103,2023-08-16 17:02:00+00:00,06037,06,Alert,LEW,Law Enforcement Warning,silver alert,
fdcd750b-9542-4a4b-83da-8f591ba85103,2023-08-16 17:02:00+00:00,06059,06,Alert,LEW,Law Enforcement Warning,silver alert,
7d5f09ee-5560-4ac3-9a4d-0b910b48ebfa,2023-08-17 20:35:56+00:00,40000,40,Alert,CEM,Civil Emergency Message,missing endangered,12.0
850d7b30-03ac-480d-af76-9f6fb179fab6,2023-08-17 21:34:20+00:00,55000,55,Alert,LEW,Law Enforcement Warning,silver alert,
05bc24de-5d2d-4283-91df-9567374b4745,2023-08-17 23:59:45+00:00,55000,55,Cancel,LEW,Law Enforcement Warning,silver alert,
69acaa5d-41c6-4955-8ee5-a6992a6cb825,2023-08-18 12:00:12+00:00,40027,40,Alert,CEM,Civil Emergency Message,missing endangered,23.0
66d5acc3-aead-4f88-ae95-cc03920ed5aa,2023-08-18 22:29:07+00:00,40005,40,Alert,CEM,Civil Emergency Message,missing endangered,14.0
66d5acc3-aead-4f88-ae95-cc03920ed5aa,2023-08-18 22:29:07+00:00,40013,40,Alert,CEM,Civil Emergency Message,missing endangered,14.0
66d5acc3-aead-4f88-ae95-cc03920ed5aa,2023-08-18 22:29:07+00:00,40019,40,Alert,CEM,Civil Emergency Message,missing endangered,14.0
66d5acc3-aead-4f88-ae95-cc03920ed5aa,2023-08-18 22:29:07+00:00,40027,40,Alert,CEM,Civil Emergency Message,missing endangered,14.0
66d5acc3-aead-4f88-ae95-cc03920ed5aa,2023-08-18 22:29:07+00:00,40029,40,Alert,CEM,Civil Emergency Message,missing endangered,14.0
66d5acc3-aead-4f88-ae95-cc03920ed5aa,2023-08-18 22:29:07+00:00,40031,40,Alert,CEM,Civil Emergency Message,missing endangered,14.0
66d5acc3-aead-4f88-ae95-cc03920ed5aa,2023-08-18 22:29:07+00:00,40033,40,Alert,CEM,Civil Emergency Message,missing endangered,14.0
66d5acc3-aead-4f88-ae95-cc03920ed5aa,2023-08-18 22:29:07+00:00,40035,40,Alert,CEM,Civil Emergency Message,missing endangered,14.0
66d5acc3-aead-4f88-ae95-cc03920ed5aa,2023-08-18 22:29:07+00:00,40037,40,Alert,CEM,Civil Emergency Message,missing endangered,14.0
66d5acc3-aead-4f88-ae95-cc03920ed5aa,2023-08-18 22:29:07+00:00,40049,40,Alert,CEM,Civil Emergency Message,missing endangered,14.0
66d5acc3-aead-4f88-ae95-cc03920ed5aa,2023-08-18 22:29:07+00:00,40051,40,Alert,CEM,Civil Emergency Message,missing endangered,14.0
66d5acc3-aead-4f88-ae95-cc03920ed5aa,2023-08-18 22:29:07+00:00,40063,40,Alert,CEM,Civil Emergency Message,missing endangered,14.0
66d5acc3-aead-4f88-ae95-cc03920ed5aa,2023-08-18 22:29:07+00:00,40081,40,Alert,CEM,Civil Emergency Message,missing endangered,14.0
66d5acc3-aead-4f88-ae95-cc03920ed5aa,2023-08-18 22:29:07+00:00,40085,40,Alert,CEM,Civil Emergency Message,missing endangered,14.0
66d5acc3-aead-4f88-ae95-cc03920ed5aa,2023-08-18 22:29:07+00:00,40091,40,Alert,CEM,Civil Emergency Message,missing endangered,14.0
66d5acc3-aead-4f88-ae95-cc03920ed5aa,2023-08-18 22:29:07+00:00,40093,40,Alert,CEM,Civil Emergency Message,missing endangered,14.0
66d5acc3-aead-4f88-ae95-cc03920ed5aa,2023-08-18 22:29:07+00:00,40097,40,Alert,CEM,Civil Emergency Message,missing endangered,14.0
66d5acc3-aead-4f88-ae95-cc03920ed5aa,2023-08-18 22:29:07+00:00,40099,40,Alert,CEM,Civil Emergency Message,missing endangered,14.0
66d5acc3-aead-4f88-ae95-cc03920ed5aa,2023-08-18 22:29:07+00:00,40101,40,Alert,CEM,Civil Emergency Message,missing endangered,14.0
66d5acc3-aead-4f88-ae95-cc03920ed5aa,2023-08-18 22:29:07+00:00,40107,40,Alert,CEM,Civil Emergency Message,missing endangered,14.0
66d5acc3-aead-4f88-ae95-cc03920ed5aa,2023-08-18 22:29:07+00:00,40109,40,Alert,CEM,Civil Emergency Message,missing endangered,14.0
66d5acc3-aead-4f88-ae95-cc03920ed5aa,2023-08-18 22:29:07+00:00,40111,40,Alert,CEM,Civil Emergency Message,missing endangered,14.0
66d5acc3-aead-4f88-ae95-cc03920ed5aa,2023-08-18 22:29:07+00:00,40115,40,Alert,CEM,Civil Emergency Message,missing endangered,14.0
66d5acc3-aead-4f88-ae95-cc03920ed5aa,2023-08-18 22:29:07+00:00,40121,40,Alert,CEM,Civil Emergency Message,missing endangered,14.0
66d5acc3-aead-4f88-ae95-cc03920ed5aa,2023-08-18 22:29:07+00:00,40131,40,Alert,CEM,Civil Emergency Message,missing endangered,14.0
66d5acc3-aead-4f88-ae95-cc03920ed5aa,2023-08-18 22:29:07+00:00,40143,40,Alert,CEM,Civil Emergency Message,missing endangered,14.0
66d5acc3-aead-4f88-ae95-cc03920ed5aa,2023-08-18 22:29:07+00:00,40145,40,Alert,CEM,Civil Emergency Message,missing endangered,14.0
57d0c69b-b078-4ea6-a121-375400a7aff6,2023-08-19 14:17:00+00:00,53041,53,Alert,LEW,Law Enforcement Warning,silver alert,
57d0c69b-b078-4ea6-a121-375400a7aff6,2023-08-19 14:17:00+00:00,53067,53,Alert,LEW,Law Enforcement Warning,silver alert,
9779cbaf-138f-4364-8449-0ec3bcc25d88,2023-08-26 23:49:15+00:00,55000,55,Alert,LEW,Law Enforcement Warning,silver alert,
b4c09472-f87e-426a-b2a2-5a15e3f8d260,2023-08-27 02:08:30+00:00,55000,55,Cancel,LEW,Law Enforcement Warning,silver alert,
5237fd06-1dea-4083-a012-20802593038e,2023-08-29 15:03:59+00:00,18003,18,Alert,LAE,Local Area Emergency,missing endangered,13.0
be0fd5f6-aa2f-44eb-98ef-293977889400,2023-08-29 22:35:49+00:00,18003,18,Alert,LEW,Law Enforcement Warning,missing endangered,66.0
bb308ec5-7a3f-4ece-8e58-650f6f069fd1,2023-08-30 19:51:55+00:00,40111,40,Alert,CEM,Civil Emergency Message,endangered missing,16.0
ba2a66ae-dc64-44f8-97e8-6e4ecfc85a21,2023-09-03 02:10:40+00:00,12031,12,Alert,LAE,Local Area Emergency,missing endangered,8.0
d211d9f1-9cf2-4fce-ac71-cbb0cb450641,2023-09-03 02:27:50+00:00,12031,12,Update,LAE,Local Area Emergency,missing endangered,8.0
ba8716be-075a-41e7-a295-5aa0936a4420,2023-09-03 02:34:45+00:00,12031,12,Cancel,LAE,Local Area Emergency,missing endangered,8.0
3d33a43c-4a15-49b7-a13e-3f2f5f76837e,2023-09-03 02:37:45+00:00,12031,12,Cancel,LAE,Local Area Emergency,missing endangered,8.0
7ee133d3-a5ff-4c36-9fec-f123e8d02dd6,2023-09-03 02:39:35+00:00,12031,12,Cancel,LAE,Local Area Emergency,missing endangered,8.0
54710885-8cbb-42bf-b0b3-b8ecd381aba5,2023-09-03 02:42:20+00:00,12031,12,Cancel,LAE,Local Area Emergency,missing endangered,8.0
49b14e3a-b209-4269-b995-c03e64f28ead,2023-09-03 21:38:14+00:00,19045,19,Alert,LAE,Search for missing endangered adult,missing endangered,83.0
49b14e3a-b209-4269-b995-c03e64f28ead,2023-09-03 21:38:14+00:00,19097,19,Alert,LAE,Search for missing endangered adult,missing endangered,83.0
49b14e3a-b209-4269-b995-c03e64f28ead,2023-09-03 21:38:14+00:00,19105,19,Alert,LAE,Search for missing endangered adult,missing endangered,83.0
49b14e3a-b209-4269-b995-c03e64f28ead,2023-09-03 21:38:14+00:00,19163,19,Alert,LAE,Search for missing endangered adult,missing endangered,83.0
edbcaf54-c071-4c97-b6e9-222876ec2550,2023-09-04 20:58:05+00:00,08051,08,Alert,LAE,Local Area Emergency,dementia,77.0
90b6655d-aebf-43c7-857a-2cab14e92f4d,2023-09-05 13:40:56+00:00,18133,18,Alert,LEW,Law Enforcement Warning,silver alert,
ba0c5701-b67e-4eca-9dcd-a00051771be5,2023-09-05 15:15:39+00:00,18133,18,Alert,LEW,Law Enforcement Warning,silver alert,
25b0691a-a3eb-4313-9bf8-e8ba41299bf9,2023-09-08 23:37:36+00:00,50019,50,Alert,LEW,Law Enforcement Warning,missing vulnerable,73.0
1bf4065a-059a-4c1b-a321-70bab61f5c34,2023-09-09 19:28:10+00:00,55000,55,Alert,LEW,Law Enforcement Warning,silver alert,
470a465b-76f8-45a4-a39b-635c1569fc12,2023-09-09 20:01:45+00:00,55000,55,Cancel,LEW,Law Enforcement Warning,silver alert,
921211d9-6e9a-4f28-b01e-a530a84ba0d6,2023-09-09 23:06:24+00:00,18003,18,Alert,LAE,Local Area Emergency,missing endangered,88.0
f4df2f45-1c11-487f-837e-189f8e1441c7,2023-09-09 23:21:12+00:00,18003,18,Alert,LAE,Local Area Emergency,missing endangered,57.0
34d994bf-814c-4e47-8b92-4db373277b37,2023-09-09 23:21:50+00:00,34037,34,Alert,LAE,Local Area Emergency,alzheimer,69.0
9d05c8b4-5ae5-4082-8c61-67064b8b79f6,2023-09-11 15:28:30+00:00,25017,25,Alert,LAE,Local Area Emergency,silver alert,84.0
130610b1-6ea6-44f7-9171-9601cf8152cb,2023-09-13 00:01:05+00:00,21239,21,Alert,LAE,Local Area Emergency,golden alert,59.0
d7673080-ea00-4c3e-aa89-eb486073cf30,2023-09-13 02:45:20+00:00,27123,27,Alert,CEM,Civil Emergency Message,missing vulnerable,
b3d73003-40ad-4859-ba62-055810093573,2023-09-13 03:08:10+00:00,27123,27,Update,CEM,Civil Emergency Message,missing vulnerable,
b9d0b1c6-fa67-4d2b-8db5-bde80daaa31e,2023-09-13 03:13:35+00:00,27123,27,Cancel,CEM,Civil Emergency Message,missing vulnerable,
7108d863-05a8-4adc-8164-35efcce1ce40,2023-09-20 17:15:35+00:00,06085,06,Alert,LEW,Law Enforcement Warning,silver alert,
97892bae-adc0-41f9-a56f-3ed03752bbea,2023-09-21 04:50:43+00:00,16053,16,Alert,LEW,Law Enforcement Warning,endangered missing,78.0
97892bae-adc0-41f9-a56f-3ed03752bbea,2023-09-21 04:50:43+00:00,16083,16,Alert,LEW,Law Enforcement Warning,endangered missing,78.0
5e71d8a1-842b-423e-857e-f8961709b874,2023-09-21 21:29:30+00:00,12031,12,Alert,LAE,Local Area Emergency,missing endangered,65.0
8caf760c-18d3-4e7f-9e88-3788149ebceb,2023-09-21 23:45:55+00:00,12031,12,Cancel,LAE,Local Area Emergency,missing endangered,65.0
3c035889-6cfe-432c-80e2-4d01a08c9061,2023-09-25 13:18:20+00:00,16011,16,Alert,LEW,Law Enforcement Warning,dementia,89.0
02d22c5a-713a-4382-b5b0-817ad6475ca4,2023-09-25 13:21:30+00:00,55000,55,Alert,LEW,Law Enforcement Warning,silver alert,
754403d8-7cf8-41dd-98e6-5e43e2f3b6a9,2023-09-25 15:29:44+00:00,16011,16,Alert,LEW,Law Enforcement Warning,dementia,
7aeae072-f390-42ab-b561-84e1c788ce66,2023-09-25 18:26:50+00:00,55000,55,Cancel,LEW,Law Enforcement Warning,silver alert,
0b424759-3f48-4285-8810-5cc98910b3ce,2023-09-26 20:05:38+00:00,16057,16,Alert,LAE,Local Area Emergency,endangered missing,11.0
80393b0f-3576-499b-94f4-ab661f5aea83,2023-09-26 20:09:20+00:00,16057,16,Cancel,LAE,Local Area Emergency,endangered missing,11.0
9422c138-0f8f-48c7-8577-6fffd2c159af,2023-09-27 17:18:16+00:00,50000,50,Alert,LEW,Law Enforcement Warning,missing vulnerable,59.0
d1947fc4-a00e-421a-a4c1-e2eb4b86d64f,2023-09-28 01:19:54+00:00,16083,16,Alert,LAE,Local Area Emergency,endangered missing,
a0cb63a1-9422-432a-aa16-8ba5d82f81c3,2023-10-01 18:14:40+00:00,06059,06,Alert,LEW,Law Enforcement Warning,silver alert,
cc83d9e1-dd80-4c61-b01e-731037d5272e,2023-10-03 19:59:50+00:00,55000,55,Alert,LEW,Law Enforcement Warning,silver alert,
682d569c-57eb-4d6c-af75-767c008ff2df,2023-10-03 22:15:00+00:00,55000,55,Cancel,LEW,Law Enforcement Warning,silver alert,
4a489cc0-fa40-4433-bd05-4c097bde15e9,2023-10-06 22:34:45+00:00,18003,18,Alert,LEW,Law Enforcement Warning,missing endangered,16.0
1325540f-454d-472a-b2a5-6ae6ada5f2f2,2023-10-09 19:25:05+00:00,21173,21,Alert,LAE,Missing Person Carl Barnett,dementia,
6c0c72eb-8ad7-465f-a60a-f98ac5b2374a,2023-10-09 23:13:35+00:00,34005,34,Alert,LAE,Local Area Emergency,missing endangered,51.0
6388854d-cf8a-4a95-a468-9e996acdfa2f,2023-10-10 14:41:35+00:00,12031,12,Alert,LAE,Local Area Emergency,missing endangered,46.0
777b6e41-500e-4c1e-9b31-b32b69b600d7,2023-10-10 16:05:50+00:00,12031,12,Cancel,LAE,Local Area Emergency,missing endangered,46.0
a6c46dc8-b39e-441c-abb7-2a6d262d5ff4,2023-10-18 22:53:01+00:00,37085,37,Alert,LAE,Local Area Emergency,dementia,81.0
bf325dd3-51e5-414b-b4d1-015e94035a01,2023-10-20 22:23:34+00:00,21239,21,Alert,LAE,Local Area Emergency,golden alert,
b6858573-4a9e-48ce-a608-5467f21512df,2023-10-21 19:05:17+00:00,40109,40,Alert,CEM,Civil Emergency Message,missing endangered,22.0
5cf31971-6018-4243-9312-0bf0a3089dc9,2023-10-24 09:12:38+00:00,24011,24,Alert,CEM,Civil Emergency Message,alzheimer,61.0
790bdaa6-4272-449e-a5e3-c3e0b8ed5346,2023-10-26 00:51:30+00:00,55000,55,Alert,LEW,Law Enforcement Warning,silver alert,
206252ef-5e9a-41ab-b8c0-98f251096ee6,2023-10-26 01:34:40+00:00,55000,55,Cancel,LEW,Law Enforcement Warning,silver alert,
0d7e1fce-5519-4053-936f-22c1cd6d77e7,2023-10-29 11:49:30+00:00,12031,12,Alert,CEM,Civil Emergency Message,missing endangered,73.0
98ef21bf-1223-4381-b486-8a09adf9a625,2023-10-29 13:06:31+00:00,12031,12,Cancel,CEM,Civil Emergency Message,missing endangered,73.0
56b6edb2-e112-4162-92fc-2701ff8ef35d,2023-11-01 14:02:15+00:00,34005,34,Alert,LAE,Local Area Emergency,dementia,
fd1ec829-26f6-4597-8ed7-cb5c13667357,2023-11-02 21:50:02+00:00,53073,53,Alert,CEM,Civil Emergency Message,missing elderly,86.0
1bebc0e0-d4ba-4301-ace5-56616005d08e,2023-11-04 17:40:04+00:00,40109,40,Alert,CEM,Civil Emergency Message,missing endangered,63.0
35dbda9b-df77-4b8d-89a0-786aa4d36338,2023-11-07 21:56:20+00:00,12031,12,Alert,CEM,Civil Emergency Message,missing endangered,28.0
b11a11ce-c2ec-448f-8cb0-028bbcd3def6,2023-11-11 01:05:17+00:00,18003,18,Alert,LEW,Law Enforcement Warning,missing endangered,20.0
085ca3b1-476d-460a-a373-8a7602a00721,2023-11-14 19:49:50+00:00,18003,18,Alert,LAE,Local Area Emergency,missing endangered,78.0
9b329d7e-93c5-4b82-b2bb-cc4474170352,2023-11-16 21:22:05+00:00,38000,38,Alert,CEM,Civil Emergency Message,silver alert,85.0
1ed860a1-4bf9-4861-925c-956c4a66ca00,2023-11-16 21:25:30+00:00,38000,38,Alert,CEM,Civil Emergency Message,silver alert,
85926531-6135-4ff6-ba09-3aca412a040a,2023-11-18 23:44:05+00:00,55000,55,Alert,LEW,Law Enforcement Warning,silver alert,
2335a530-ccb2-4a35-b662-e06a92ae07cf,2023-11-19 03:10:35+00:00,55000,55,Cancel,LEW,Law Enforcement Warning,silver alert,
ee5b10ff-2983-4b8f-95f5-16c0a1639682,2023-11-20 01:53:55+00:00,25021,25,Alert,LAE,Local Area Emergency,missing endangered,13.0
4a37de08-dc02-4205-9056-53f4a0ea81c7,2023-11-21 15:23:50+00:00,55000,55,Alert,LEW,Law Enforcement Warning,silver alert,
419fadb3-f44f-43ed-90bf-fc4918891d93,2023-11-21 15:25:20+00:00,12031,12,Alert,CEM,Civil Emergency Message,missing endangered,67.0
cd9a3f3b-e115-49d9-9a10-8bafa6597a34,2023-11-21 15:41:55+00:00,12031,12,Cancel,CEM,Civil Emergency Message,missing endangered,67.0
08497fd9-77ce-4525-b91e-037f0976bc07,2023-11-21 19:45:20+00:00,55000,55,Cancel,LEW,Law Enforcement Warning,silver alert,
f23b64b4-8b30-49ae-9160-b451f7b49ac9,2023-11-23 22:42:55+00:00,13121,13,Alert,LAE,Local Area Emergency,dementia,73.0
47b4910c-9314-49c4-aa9e-c2235f56cb2f,2023-11-28 02:50:11+00:00,40143,40,Alert,CEM,Civil Emergency Message,missing endangered,
47b4910c-9314-49c4-aa9e-c2235f56cb2f,2023-11-28 02:50:11+00:00,40145,40,Alert,CEM,Civil Emergency Message,missing endangered,
56154e45-ef68-434b-be92-ca6a1b041e98,2023-11-28 03:05:43+00:00,40037,40,Alert,CEM,Civil Emergency Message,missing endangered,
22b429f7-eacb-45f2-b438-765107432438,2023-12-04 02:02:55+00:00,53063,53,Alert,CEM,Civil Emergency Message,dementia,70.0
1bd2f5ac-1b2d-4e99-8bee-c1a49d13c4a7,2023-12-05 17:20:45+00:00,55000,55,Alert,LEW,Law Enforcement Warning,silver alert,
d8989682-7a7a-44bb-abd3-bfd2bb5416e9,2023-12-05 17:32:45+00:00,55000,55,Cancel,LEW,Law Enforcement Warning,silver alert,
514bb119-dee8-4fe6-8af2-f2daf03b9168,2023-12-06 01:23:55+00:00,51041,51,Alert,LAE,Local Area Emergency,dementia,65.0
04d37c62-3629-4b4b-bbd6-918bdf071457,2023-12-06 03:52:30+00:00,51041,51,Cancel,LAE,Local Area Emergency,dementia,65.0
25267aa4-eb9c-45a6-8503-89b24d3cfc77,2023-12-07 18:08:09+00:00,18003,18,Alert,LAE,Local Area Emergency,endangered missing,10.0
46af39cb-5f47-441e-b7b8-40c3515ce2b3,2023-12-08 18:16:32+00:00,26021,26,Alert,LAE,local area emergency,missing endangered,64.0
89d029b9-e040-485a-860c-87ce89d34fb2,2023-12-13 01:18:57+00:00,27027,27,Alert,CEM,Civil Emergency Message,missing elderly,72.0
89d029b9-e040-485a-860c-87ce89d34fb2,2023-12-13 01:18:57+00:00,38017,38,Alert,CEM,Civil Emergency Message,missing elderly,72.0
659c315d-f8e9-4f8c-899f-47ef569cf9fe,2023-12-13 01:43:38+00:00,27027,27,Update,CEM,Civil Emergency Message,dementia,
659c315d-f8e9-4f8c-899f-47ef569cf9fe,2023-12-13 01:43:38+00:00,38017,38,Update,CEM,Civil Emergency Message,dementia,
0677681a-3567-4901-ad53-8436015fab01,2023-12-16 00:42:03+00:00,50000,50,Alert,LEW,Law Enforcement Warning,missing vulnerable,53.0
0677681a-3567-4901-ad53-8436015fab01,2023-12-16 00:42:03+00:00,50027,50,Alert,LEW,Law Enforcement Warning,missing vulnerable,53.0
3cf67664-4e88-42a1-8aef-c941fee6c802,2023-12-17 04:30:22+00:00,16000,16,Alert,LAE,Local Area Emergency,endangered missing,62.0
dc1ae9b1-bc9e-404d-a20f-85f2be41fc8d,2023-12-17 05:21:00+00:00,16000,16,Cancel,LAE,Local Area Emergency,endangered missing,62.0
d63476d2-bcb0-4926-9df1-76d13d555dd3,2023-12-19 01:23:45+00:00,06037,06,Alert,LEW,Law Enforcement Warning,silver alert,
d63476d2-bcb0-4926-9df1-76d13d555dd3,2023-12-19 01:23:45+00:00,06059,06,Alert,LEW,Law Enforcement Warning,silver alert,
8277288c-d436-4526-b945-0b0cfd866776,2023-12-19 01:27:30+00:00,06037,06,Cancel,LEW,Law Enforcement Warning,silver alert,
8277288c-d436-4526-b945-0b0cfd866776,2023-12-19 01:27:30+00:00,06059,06,Cancel,LEW,Law Enforcement Warning,silver alert,
9a97e1c8-3143-4ba7-af4f-51c9e41e29d6,2023-12-20 01:02:40+00:00,55000,55,Alert,LEW,Law Enforcement Warning,silver alert,
4f05462b-c69e-495a-8ff6-254f16989b6c,2023-12-20 01:30:40+00:00,06065,06,Alert,LEW,Law Enforcement Warning,silver alert,
265d616b-bb39-4e68-af4c-0e45853eaa75,2023-12-20 02:07:05+00:00,55000,55,Cancel,LEW,Law Enforcement Warning,silver alert,
f41f6ccf-726d-404b-844d-6d40716231c9,2023-12-22 00:49:37+00:00,18003,18,Alert,LEW,Law Enforcement Warning,missing endangered,11.0
01a54f64-46cf-4bd6-ab12-cf27019caf69,2023-12-23 02:53:54+00:00,40037,40,Alert,LEW,Law Enforcement Warning,missing endangered,
01a54f64-46cf-4bd6-ab12-cf27019caf69,2023-12-23 02:53:54+00:00,40101,40,Alert,LEW,Law Enforcement Warning,missing endangered,
01a54f64-46cf-4bd6-ab12-cf27019caf69,2023-12-23 02:53:54+00:00,40113,40,Alert,LEW,Law Enforcement Warning,missing endangered,
01a54f64-46cf-4bd6-ab12-cf27019caf69,2023-12-23 02:53:54+00:00,40131,40,Alert,LEW,Law Enforcement Warning,missing endangered,
01a54f64-46cf-4bd6-ab12-cf27019caf69,2023-12-23 02:53:54+00:00,40143,40,Alert,LEW,Law Enforcement Warning,missing endangered,
01a54f64-46cf-4bd6-ab12-cf27019caf69,2023-12-23 02:53:54+00:00,40147,40,Alert,LEW,Law Enforcement Warning,missing endangered,
45b1ece4-cc8b-4ea5-affc-fa03fb3670f2,2023-12-24 00:50:50+00:00,53067,53,Alert,LEW,Law Enforcement Warning,endangered missing,
e56b5889-87ab-4a4f-b7ae-1b5240d74dd3,2023-12-24 21:51:10+00:00,53063,53,Alert,CEM,Civil Emergency Message,missing endangered,70.0
72778912-bcfe-4384-a234-b1273a01d475,2023-12-24 22:46:29+00:00,53063,53,Update,CEM,Civil Emergency Message,missing endangered,70.0
b6d6d9aa-db28-4ee7-a358-b70aec3a8c27,2023-12-25 05:27:25+00:00,53053,53,Alert,LEW,Law Enforcement Warning,silver alert,
59eeaf47-edf6-4cf1-8c52-f5520abbfa07,2023-12-28 15:14:37+00:00,55087,55,Alert,LAE,Local Area Emergency,missing endangered,
3a926cdd-bb98-40aa-8761-1b54ee025f3d,2023-12-30 18:48:58+00:00,31055,31,Alert,LEW,Law Enforcement Warning,alzheimer,
a6505f03-9942-4f8d-8869-ebb456c1752e,2023-12-31 22:08:23+00:00,50011,50,Alert,LEW,Law Enforcement Warning,missing vulnerable,21.0
8815a526-e613-4737-8ea3-2f2c38d36de9,2023-12-31 22:55:11+00:00,50011,50,Alert,LEW,Law Enforcement Warning,missing vulnerable,21.0
d079f33b-9612-4ef3-a45d-76f71e860243,2024-01-01 17:26:45+00:00,06037,06,Alert,LEW,Law Enforcement Warning,endangered missing,
d079f33b-9612-4ef3-a45d-76f71e860243,2024-01-01 17:26:45+00:00,06059,06,Alert,LEW,Law Enforcement Warning,endangered missing,
763e9dbf-2ed4-4468-8c77-741a58af4f70,2024-01-03 07:27:23+00:00,56013,56,Alert,LAE,Local Area Emergency,dementia,
fef72866-2c4f-492f-a367-9558eef8a827,2024-01-03 07:57:18+00:00,56013,56,Cancel,LAE,Local Area Emergency,dementia,
8cf6b99d-bbda-4520-a3ed-ef5fc29e569b,2024-01-05 13:14:45+00:00,10001,10,Alert,LEW,010524 DSP GOLD ALERT CANCELLATION,gold alert,
8cf6b99d-bbda-4520-a3ed-ef5fc29e569b,2024-01-05 13:14:45+00:00,10003,10,Alert,LEW,010524 DSP GOLD ALERT CANCELLATION,gold alert,
8cf6b99d-bbda-4520-a3ed-ef5fc29e569b,2024-01-05 13:14:45+00:00,10005,10,Alert,LEW,010524 DSP GOLD ALERT CANCELLATION,gold alert,
d375d260-887e-4c3d-bd46-ace4a83fb3b0,2024-01-06 17:59:25+00:00,55000,55,Alert,LEW,Law Enforcement Warning,silver alert,
0a991dc7-8ed7-468b-afc2-a58dd47de2f8,2024-01-07 04:33:13+00:00,16003,16,Alert,LEW,Law Enforcement Warning,endangered missing,
0a991dc7-8ed7-468b-afc2-a58dd47de2f8,2024-01-07 04:33:13+00:00,16027,16,Alert,LEW,Law Enforcement Warning,endangered missing,
0a991dc7-8ed7-468b-afc2-a58dd47de2f8,2024-01-07 04:33:13+00:00,16073,16,Alert,LEW,Law Enforcement Warning,endangered missing,
0a991dc7-8ed7-468b-afc2-a58dd47de2f8,2024-01-07 04:33:13+00:00,16075,16,Alert,LEW,Law Enforcement Warning,endangered missing,
3e0c4be2-a2b3-48f9-83c5-d3036353d974,2024-01-07 06:15:31+00:00,16003,16,Cancel,LEW,Law Enforcement Warning,endangered missing,
3e0c4be2-a2b3-48f9-83c5-d3036353d974,2024-01-07 06:15:31+00:00,16027,16,Cancel,LEW,Law Enforcement Warning,endangered missing,
3e0c4be2-a2b3-48f9-83c5-d3036353d974,2024-01-07 06:15:31+00:00,16073,16,Cancel,LEW,Law Enforcement Warning,endangered missing,
3e0c4be2-a2b3-48f9-83c5-d3036353d974,2024-01-07 06:15:31+00:00,16075,16,Cancel,LEW,Law Enforcement Warning,endangered missing,
1563d02b-34e4-4282-b996-30203bff4858,2024-01-09 02:54:50+00:00,06037,06,Alert,LEW,Law Enforcement Warning,endangered missing,
70bb66a3-5ecd-491e-b802-cc6a18eb116d,2024-01-09 04:12:20+00:00,06037,06,Cancel,LEW,Law Enforcement Warning,endangered missing,
887c7297-993a-4e65-8d2b-a7b255268436,2024-01-09 22:10:20+00:00,06055,06,Alert,LEW,Law Enforcement Warning,silver alert,
14a4d885-e7b4-44b5-94d1-79ff728efdb0,2024-01-11 01:37:55+00:00,18003,18,Alert,LAE,Local Area Emergency,missing endangered,20.0
481b86d1-f060-406e-9e8c-5fff85d08fcb,2024-01-12 02:50:05+00:00,55000,55,Alert,LEW,Law Enforcement Warning,silver alert,
1c546304-ab08-456b-887b-5b2d495700d5,2024-01-12 14:42:36+00:00,42035,42,Alert,LAE,Local Area Emergency,dementia,79.0
351f62ce-22e4-4e5a-8d2d-120c8ed30a25,2024-01-13 17:25:48+00:00,48289,48,Alert,LAE,Local Area Emergency,missing endangered,15.0
7640065c-92c9-413a-9372-927e0c52371b,2024-01-13 17:28:48+00:00,48289,48,Cancel,LAE,Local Area Emergency,missing endangered,15.0
269ad7ed-8094-44bc-a460-76f8ffe23cdd,2024-01-13 21:39:25+00:00,06085,06,Alert,LEW,Law Enforcement Warning,endangered missing,
ac484a52-964c-42aa-9945-a2b106fa11a7,2024-01-13 23:38:10+00:00,06085,06,Cancel,LEW,Law Enforcement Warning,endangered missing,
7dc982ce-d66c-411f-b6c4-b146aa95da6a,2024-01-14 01:27:41+00:00,13157,13,Alert,LAE,Local Area Emergency Warning,dementia,69.0
9cfc830a-47d8-416f-a0d7-81987f4be235,2024-01-19 02:10:49+00:00,16001,16,Alert,LEW,Law Enforcement Warning,endangered missing,91.0
9cfc830a-47d8-416f-a0d7-81987f4be235,2024-01-19 02:10:49+00:00,16027,16,Alert,LEW,Law Enforcement Warning,endangered missing,91.0
d09f8c7e-0652-4425-9bb8-09e2186b8c44,2024-01-29 05:12:20+00:00,06029,06,Alert,LEW,Law Enforcement Warning,silver alert,
a64a4fbb-1c3b-4b1b-89b1-858c49a20d14,2024-02-02 22:58:10+00:00,40137,40,Alert,LAE,Local Area Emergency,endangered missing,
a64a4fbb-1c3b-4b1b-89b1-858c49a20d14,2024-02-02 22:58:10+00:00,40143,40,Alert,LAE,Local Area Emergency,endangered missing,
a64a4fbb-1c3b-4b1b-89b1-858c49a20d14,2024-02-02 22:58:10+00:00,40145,40,Alert,LAE,Local Area Emergency,endangered missing,
100a51b0-a6d8-4c5b-9c59-b4f8d11f07f1,2024-02-03 01:56:08+00:00,40000,40,Alert,LEW,Law Enforcement Warning,missing endangered,
ac0f678b-a08f-4309-9986-a1cc2892573a,2024-02-03 03:39:35+00:00,06023,06,Alert,LEW,Law Enforcement Warning,silver alert,
b9daec96-9f27-40af-ac45-de6d676d8954,2024-02-03 13:41:50+00:00,12031,12,Alert,CEM,Civil Emergency Message,missing endangered,
8734d39a-717e-4704-a843-716b53c7358f,2024-02-03 14:18:20+00:00,12031,12,Cancel,CEM,Civil Emergency Message,missing endangered,
046e1747-2040-4df4-9831-2f111a009e37,2024-02-05 22:22:30+00:00,12031,12,Alert,CEM,Civil Emergency Message,missing endangered,79.0
4325bc5e-3d0f-4b7a-a296-a1ac9842389e,2024-02-09 00:31:50+00:00,06023,06,Alert,LEW,Law Enforcement Warning,silver alert,
335376e4-b9ca-4280-8330-58c65ed64b78,2024-02-17 21:05:50+00:00,55000,55,Alert,LEW,Law Enforcement Warning,silver alert,
56af2eb4-839c-43ac-85e4-16151b9793cc,2024-02-18 00:42:02+00:00,40101,40,Alert,LAE,Local Area Emergency,missing endangered,
c0bf85e4-8f05-45c1-82d0-fdbfba559a5b,2024-02-20 19:07:34+00:00,40143,40,Alert,CEM,Civil Emergency Message,missing endangered,
177d08ce-b319-4fca-a3db-21706463a927,2024-02-21 23:07:21+00:00,40109,40,Alert,LEW,Law Enforcement Warning,endangered missing,17.0
8e01f0e1-1a36-4c77-92c2-653ee4c49840,2024-02-22 05:02:20+00:00,01061,01,Alert,LAE,Local Area Emergency,missing endangered,11.0
1ba96e96-2c4f-46d6-a9e1-db5cc93adf2c,2024-02-24 23:38:40+00:00,40071,40,Alert,LAE,Local Area Emergency,missing endangered,38.0
198fd19d-2b1e-4b20-a87a-e2aaa2c52c76,2024-02-25 02:20:30+00:00,06037,06,Alert,LEW,Law Enforcement Warning,silver alert,
0cef65f9-e326-4494-b6ae-4e82bfd580fa,2024-02-25 21:30:59+00:00,18003,18,Alert,LEW,Law Enforcement Warning,missing endangered,6.0
fcac8262-2f38-400d-a5e6-f7307356f060,2024-02-27 04:18:45+00:00,06037,06,Alert,LEW,Law Enforcement Warning,silver alert,
fcac8262-2f38-400d-a5e6-f7307356f060,2024-02-27 04:18:45+00:00,06071,06,Alert,LEW,Law Enforcement Warning,silver alert,
6ec5aec6-986a-4d96-b2c7-a11362ac3b81,2024-02-27 06:07:15+00:00,06037,06,Cancel,LEW,Law Enforcement Warning,silver alert,
6ec5aec6-986a-4d96-b2c7-a11362ac3b81,2024-02-27 06:07:15+00:00,06071,06,Cancel,LEW,Law Enforcement Warning,silver alert,
91d8d26d-6f11-4e6d-8931-31ead28eefab,2024-03-02 00:14:00+00:00,55000,55,Alert,LEW,Law Enforcement Warning,silver alert,
46e8dd85-ec7e-49d5-b303-911a34196491,2024-03-02 02:55:00+00:00,55000,55,Cancel,LEW,Law Enforcement Warning,silver alert,
98f477d4-248f-4752-b5ca-df3528694469,2024-03-03 02:49:50+00:00,55000,55,Alert,LEW,Law Enforcement Warning,silver alert,
0ec7a0b4-2545-4e91-8902-39414491f8c6,2024-03-04 17:35:15+00:00,12031,12,Alert,CEM,Civil Emergency Message,silver alert,69.0
9a1ad460-f7de-494a-9f36-eea4fb9fdf70,2024-03-05 01:23:40+00:00,55000,55,Alert,LEW,Law Enforcement Warning,silver alert,
9569d146-62c8-44e0-a2da-739aea018949,2024-03-08 01:46:40+00:00,55000,55,Alert,LEW,Law Enforcement Warning,silver alert,
4841df65-9b06-49c3-a5f2-6777c7d780bd,2024-03-08 22:12:52+00:00,37085,37,Alert,LAE,Local Area Emergency,missing elderly,5.0
675d703b-2981-44dd-8692-70f95f2cfee0,2024-03-14 21:55:20+00:00,06059,06,Alert,LEW,Law Enforcement Warning,endangered missing,
31c5d2a3-2789-48ff-94c9-f087346791f8,2024-03-17 02:25:33+00:00,40031,40,Alert,LAE,Local Area Emergency,missing endangered,
d71843dd-db30-4f02-a809-938e23ad190b,2024-03-17 10:09:51+00:00,33009,33,Alert,LAE,Local Area Emergency Warning,alzheimer,76.0
7bbcc134-bd49-424d-87ec-b66e3716dbcb,2024-03-17 10:17:34+00:00,33009,33,Update,LAE,Local Area Emergency Warning,alzheimer,76.0
c5560417-5a71-4dab-87b7-74f4ea67ed9c,2024-03-17 23:49:25+00:00,25005,25,Alert,LAE,Local Area Emergency,dementia,66.0
c5560417-5a71-4dab-87b7-74f4ea67ed9c,2024-03-17 23:49:25+00:00,25021,25,Alert,LAE,Local Area Emergency,dementia,66.0
158ba975-b756-4ebc-b3b2-44639094ef68,2024-03-19 03:32:20+00:00,51041,51,Alert,LAE,Local Area Emergency,missing endangered,
7e1723a1-385d-4666-ac8a-f946ed7df85a,2024-03-19 03:47:55+00:00,51041,51,Update,LAE,Local Area Emergency,missing endangered,
406a6df0-c5e5-42f7-933b-93987c371832,2024-03-19 22:43:05+00:00,06037,06,Alert,LEW,Law Enforcement Warning,silver alert,
26e415ba-45fc-4468-8b8d-b6b40baf2ec2,2024-03-20 11:25:18+00:00,18003,18,Alert,LAE,Local Area Emergency,missing endangered,11.0
2aad2e61-faa5-4c5a-9aa5-4d401fd95084,2024-03-21 01:17:40+00:00,01125,01,Alert,LAE,Local Area Emergency,missing elderly,73.0
f122debb-1fb8-4c9a-a7fd-7e94145dbb07,2024-03-21 15:04:20+00:00,01125,01,Alert,LAE,Local Area Emergency,missing elderly,73.0
55a3d24d-21d3-460a-95b6-7ec7864626b2,2024-03-21 15:48:10+00:00,06037,06,Alert,LEW,Law Enforcement Warning,silver alert,
983f805e-aa85-43ec-96e3-14285ad814ac,2024-03-21 15:57:10+00:00,01125,01,Update,LAE,Local Area Emergency,missing elderly,
3360faf7-6ac0-4b09-9411-6ea2bce3dff8,2024-03-25 18:31:20+00:00,06047,06,Alert,LEW,Law Enforcement Warning,endangered missing,
44606602-063c-43c8-a69f-eec8904de816,2024-03-26 03:56:22+00:00,16055,16,Alert,LEW,Law Enforcement Warning,endangered missing,2.0
d05300ca-8c9a-4d57-b214-0bdbaf3f57ec,2024-03-26 04:48:26+00:00,16055,16,Cancel,LEW,Law Enforcement Warning,endangered missing,2.0
7b81ea8d-ece7-45ad-a7c6-fe73ad0deea9,2024-03-29 00:57:40+00:00,53011,53,Alert,LEW,Law Enforcement Warning,endangered missing,
7b81ea8d-ece7-45ad-a7c6-fe73ad0deea9,2024-03-29 00:57:40+00:00,53015,53,Alert,LEW,Law Enforcement Warning,endangered missing,
7b81ea8d-ece7-45ad-a7c6-fe73ad0deea9,2024-03-29 00:57:40+00:00,53033,53,Alert,LEW,Law Enforcement Warning,endangered missing,
7b81ea8d-ece7-45ad-a7c6-fe73ad0deea9,2024-03-29 00:57:40+00:00,53041,53,Alert,LEW,Law Enforcement Warning,endangered missing,
7b81ea8d-ece7-45ad-a7c6-fe73ad0deea9,2024-03-29 00:57:40+00:00,53053,53,Alert,LEW,Law Enforcement Warning,endangered missing,
7b81ea8d-ece7-45ad-a7c6-fe73ad0deea9,2024-03-29 00:57:40+00:00,53057,53,Alert,LEW,Law Enforcement Warning,endangered missing,
7b81ea8d-ece7-45ad-a7c6-fe73ad0deea9,2024-03-29 00:57:40+00:00,53061,53,Alert,LEW,Law Enforcement Warning,endangered missing,
7b81ea8d-ece7-45ad-a7c6-fe73ad0deea9,2024-03-29 00:57:40+00:00,53067,53,Alert,LEW,Law Enforcement Warning,endangered missing,
90718789-a7ea-4f5c-bbe3-836ad96e7bb6,2024-03-30 12:46:32+00:00,13157,13,Alert,LAE,Local Area Emergency Warning,at risk missing,
41ef30d1-d87b-4e08-907c-2a1408ca6d56,2024-03-30 23:20:00+00:00,40007,40,Alert,LEW,Law Enforcement Warning,missing endangered,
41ef30d1-d87b-4e08-907c-2a1408ca6d56,2024-03-30 23:20:00+00:00,40025,40,Alert,LEW,Law Enforcement Warning,missing endangered,
41ef30d1-d87b-4e08-907c-2a1408ca6d56,2024-03-30 23:20:00+00:00,40139,40,Alert,LEW,Law Enforcement Warning,missing endangered,
045ca0e9-afa4-4379-adcb-13485030c628,2024-03-31 00:58:46+00:00,18003,18,Alert,LAE,Local Area Emergency,missing endangered,
eef54fa7-b0d5-4c20-acda-e0bd02bd3c42,2024-03-31 01:18:13+00:00,18003,18,Alert,LAE,Local Area Emergency,missing endangered,
dd676c3a-b8e1-46a4-99a8-ee8f7664fe1e,2024-03-31 07:22:07+00:00,53063,53,Alert,LEW,Law Enforcement Warning,dementia,
8ccbb7d4-7d6e-40ae-9ae2-e390c7425044,2024-03-31 07:43:41+00:00,53063,53,Cancel,LEW,Law Enforcement Warning,dementia,
e9845ae6-01d3-4472-b17f-fb27d2cd5074,2024-04-03 14:56:10+00:00,55000,55,Alert,LEW,Law Enforcement Warning,silver alert,
36e103ed-f302-44ef-9457-91bbfb37aa4f,2024-04-03 16:35:10+00:00,55000,55,Cancel,LEW,Law Enforcement Warning,silver alert,
15cd2218-8e05-4bc9-ba26-43eb54bd37c7,2024-04-03 19:57:15+00:00,40143,40,Alert,LAE,Local Area Emergency,missing endangered,
07cd4ece-65eb-44a3-baa3-e30e57b4fe08,2024-04-04 02:22:46+00:00,40027,40,Alert,LAE,Local Area Emergency,missing endangered,
7724ad9e-dc3a-47c4-be73-f692a9a4d456,2024-04-05 15:45:10+00:00,48477,48,Alert,CEM,Civil Emergency Message,missing elderly,
bf1a73ec-fb75-4200-b08d-ca2d85a9557d,2024-04-05 15:58:20+00:00,48477,48,Update,CEM,Civil Emergency Message,missing elderly,
240b3ccb-f5d0-448e-8695-082a872ce30c,2024-04-05 16:30:45+00:00,48477,48,Update,CEM,Civil Emergency Message,missing elderly,
15d521a4-d607-4051-912a-744fab25aa62,2024-04-05 19:58:25+00:00,53063,53,Alert,LAE,Local Area Emergency,dementia,
f8c7fb09-42ca-43eb-a79a-1f6db631f610,2024-04-06 20:59:05+00:00,12031,12,Alert,CEM,Civil Emergency Message,missing endangered,80.0
76e04ddf-6bac-43bc-8a5e-8a6a77d3cd71,2024-04-06 22:25:50+00:00,12031,12,Cancel,CEM,Civil Emergency Message,missing endangered,80.0
ff7df4aa-b53e-482b-9550-bb6353d3411a,2024-04-09 02:32:06+00:00,16027,16,Alert,LEW,Law Enforcement Warning,endangered missing,89.0
ff7df4aa-b53e-482b-9550-bb6353d3411a,2024-04-09 02:32:06+00:00,16073,16,Alert,LEW,Law Enforcement Warning,endangered missing,89.0
ff7df4aa-b53e-482b-9550-bb6353d3411a,2024-04-09 02:32:06+00:00,16075,16,Alert,LEW,Law Enforcement Warning,endangered missing,89.0
8dff413f-6849-46eb-84e0-eec18b981abb,2024-04-09 18:52:55+00:00,06037,06,Alert,LEW,Law Enforcement Warning,silver alert,
05d8fae2-91b5-45b6-9314-8da4f2d90831,2024-04-11 16:49:33+00:00,40017,40,Alert,LEW,Law Enforcement Warning,missing endangered,
8e77fa78-3e9e-4060-9103-e1167b8070a1,2024-04-13 21:45:15+00:00,55000,55,Alert,LEW,Law Enforcement Warning,silver alert,
90eb35f7-e88a-4827-b94f-6d2823f7203d,2024-04-13 23:29:35+00:00,55000,55,Cancel,LEW,Law Enforcement Warning,silver alert,
732d139a-dabd-47b3-8bde-780c3a21d664,2024-04-14 15:02:40+00:00,06085,06,Alert,LEW,Law Enforcement Warning,silver alert,
1912c79c-cd15-4717-9285-fce053e4703f,2024-04-18 04:05:43+00:00,53063,53,Alert,LAE,Local Area Emergency,missing vulnerable,16.0
e814351c-e1b7-47a8-9617-ff4b6666c200,2024-04-20 06:34:19+00:00,16057,16,Alert,LEW,Law Enforcement Warning,endangered missing,14.0
6fe8a8eb-7ce3-40bc-86da-11a32ad7bf55,2024-04-20 06:44:51+00:00,16057,16,Alert,LAE,Local Area Emergency Warning,endangered missing,14.0
713f9bb6-74fd-412b-b09a-fe908746094a,2024-04-27 23:16:04+00:00,55133,55,Alert,LEW,Law Enforcement Warning,missing endangered,72.0
7b488b78-fbe8-499b-9ced-e925b20af728,2024-04-28 02:05:17+00:00,55133,55,Update,LEW,Law Enforcement Warning,missing endangered,72.0
7c185be5-e24f-48ce-926d-08aee080dfc4,2024-05-01 08:48:55+00:00,01125,01,Alert,LAE,Local Area Emergency,missing elderly,60.0
c0a7cc3a-b88f-40f5-847a-bb961dd9649f,2024-05-01 10:45:25+00:00,01125,01,Update,LAE,Local Area Emergency,missing elderly,60.0
f1802472-b90a-497e-aa70-ba948c5a702e,2024-05-02 12:51:24+00:00,40109,40,Alert,LEW,Law Enforcement Warning,missing endangered,
fd0465d8-6e2d-4c06-adc9-5468f01d259f,2024-05-02 17:11:31+00:00,40009,40,Alert,LEW,Law Enforcement Warning,missing endangered,
fd0465d8-6e2d-4c06-adc9-5468f01d259f,2024-05-02 17:11:31+00:00,40039,40,Alert,LEW,Law Enforcement Warning,missing endangered,
fd0465d8-6e2d-4c06-adc9-5468f01d259f,2024-05-02 17:11:31+00:00,40055,40,Alert,LEW,Law Enforcement Warning,missing endangered,
fd0465d8-6e2d-4c06-adc9-5468f01d259f,2024-05-02 17:11:31+00:00,40057,40,Alert,LEW,Law Enforcement Warning,missing endangered,
fd0465d8-6e2d-4c06-adc9-5468f01d259f,2024-05-02 17:11:31+00:00,40129,40,Alert,LEW,Law Enforcement Warning,missing endangered,
fd0465d8-6e2d-4c06-adc9-5468f01d259f,2024-05-02 17:11:31+00:00,40149,40,Alert,LEW,Law Enforcement Warning,missing endangered,
93e54b14-a656-46ca-9327-55bd8a924f6f,2024-05-02 21:39:38+00:00,18003,18,Alert,LEW,Law Enforcement Warning,missing endangered,10.0
1bf5f65e-f5c3-4a27-b7ed-dcbba1f770e7,2024-05-03 12:58:11+00:00,40125,40,Alert,LEW,Law Enforcement Warning,missing endangered,3.0
00352393-2917-4312-a93c-42fc13674c74,2024-05-05 01:40:09+00:00,18003,18,Alert,LEW,Law Enforcement Warning,missing endangered,17.0
e5eba6ee-35c2-46f5-831f-871429b9fb60,2024-05-05 17:45:45+00:00,45075,45,Alert,LAE,Local Area Emergency,missing endangered,78.0
a4cf4d61-2f31-4fea-b11e-4a0fcec727ca,2024-05-06 01:44:50+00:00,55000,55,Alert,LEW,Law Enforcement Warning,silver alert,
260f9813-5799-490d-b4cd-a42b3e02bd76,2024-05-06 02:03:25+00:00,55000,55,Cancel,LEW,Law Enforcement Warning,silver alert,
e0fb4257-8763-47fd-8d8a-7df13761a49a,2024-05-06 15:31:55+00:00,06037,06,Alert,LEW,Law Enforcement Warning,silver alert,
0d76bd9f-00f6-4e02-80b9-2b4c1579fbfb,2024-05-06 17:18:55+00:00,06037,06,Cancel,LEW,Law Enforcement Warning,silver alert,
c77bb372-92bd-46b1-9947-4b579e26ace6,2024-05-06 18:51:19+00:00,50017,50,Alert,LEW,Law Enforcement Warning,missing vulnerable,11.0
7ee24555-a1a9-42f0-9fd8-eab51eb1dc42,2024-05-07 01:54:36+00:00,13157,13,Alert,LAE,Local Area Emergency Warning,dementia,79.0
ed27c066-4191-45ab-909d-549c5e76d7cd,2024-05-07 17:04:10+00:00,55000,55,Alert,LEW,Law Enforcement Warning,silver alert,
deafaf9f-f0ed-405e-9cd3-3492648163ca,2024-05-07 17:30:00+00:00,55000,55,Cancel,LEW,Law Enforcement Warning,silver alert,
7bae632f-d871-497e-a2d5-21d8c082c695,2024-05-10 01:29:17+00:00,06037,06,Alert,LEW,Law Enforcement Warning,silver alert,
6d673a3a-380e-4e42-b3c1-eeeb3713312d,2024-05-10 02:49:35+00:00,06037,06,Cancel,LEW,Law Enforcement Warning,silver alert,
e1e871e3-ffae-4dfa-ab0f-d32b9c7387d9,2024-05-11 19:49:55+00:00,55000,55,Alert,LEW,Law Enforcement Warning,silver alert,
e175cf27-53c9-4e33-9a76-60b46d08f153,2024-05-12 01:04:28+00:00,40037,40,Alert,LAE,Local Area Emergency,missing endangered,14.0
36f8d398-161a-48c2-8c69-86305e28f643,2024-05-12 02:14:25+00:00,55000,55,Cancel,LEW,Law Enforcement Warning,silver alert,
49ef8b9b-e2c4-4094-83c9-2c015219ba9e,2024-05-14 03:44:10+00:00,06085,06,Alert,LEW,Law Enforcement Warning,endangered missing,
02039792-6280-4b00-9c6d-cef30a8c5b51,2024-05-14 23:17:35+00:00,55000,55,Alert,LEW,Law Enforcement Warning,silver alert,
8220d105-267b-4257-81fc-fe711895d987,2024-05-16 17:13:10+00:00,12031,12,Alert,CEM,Civil Emergency Message,missing endangered,53.0
290cbb11-5c8d-4b5f-9ef2-1dfcc69e3baf,2024-05-16 17:53:45+00:00,12031,12,Cancel,CEM,Civil Emergency Message,missing endangered,53.0
85c56bad-e6c5-4b6f-a7ca-4d4f350270e2,2024-05-17 21:41:30+00:00,53063,53,Alert,CEM,Civil Emergency Message,dementia,77.0
840d9550-1a96-4833-b914-dbf3f5f9afd4,2024-05-20 00:16:40+00:00,06065,06,Alert,LEW,Law Enforcement Warning,silver alert,
840d9550-1a96-4833-b914-dbf3f5f9afd4,2024-05-20 00:16:40+00:00,06071,06,Alert,LEW,Law Enforcement Warning,silver alert,
9c16df79-4a23-4b00-b7b0-939b5a7dfddb,2024-05-23 21:36:40+00:00,18003,18,Alert,LAE,Local Area Emergency,missing endangered,87.0
2282020c-921c-404a-929b-750078752b00,2024-05-29 01:20:00+00:00,06009,06,Alert,LEW,Law Enforcement Warning,silver alert,
feb4d0b1-936f-4f35-85eb-4888dfe947cb,2024-05-29 02:51:00+00:00,06009,06,Cancel,LEW,Law Enforcement Warning,silver alert,
5adbedac-49b7-44ab-bfd0-e726acc5acab,2024-05-30 00:46:10+00:00,25021,25,Alert,CEM,Civil Emergency Message,alzheimer,78.0
60aad429-30c0-4bb0-b446-05ae1e85e8ec,2024-05-31 14:24:30+00:00,55000,55,Alert,LEW,Law Enforcement Warning,silver alert,
8f5092b0-43b6-4780-a160-b4958735adde,2024-05-31 14:36:10+00:00,55000,55,Cancel,LEW,Law Enforcement Warning,silver alert,
d442dad5-60a1-4944-b9e9-51f8b097eea3,2024-05-31 19:42:05+00:00,55000,55,Alert,LEW,Law Enforcement Warning,silver alert,
5989ba04-ed9a-4ce6-8ff7-9ed76bdebd66,2024-06-01 00:59:20+00:00,55000,55,Cancel,LEW,Law Enforcement Warning,silver alert,
f4897693-24ea-4973-959f-7d8b9684ec04,2024-06-01 13:47:05+00:00,55000,55,Alert,LEW,Law Enforcement Warning,silver alert,
acbca3dd-7c18-4c83-9b74-c2ec4cb99357,2024-06-02 13:41:58+00:00,40017,40,Alert,LEW,Law Enforcement Warning,missing endangered,15.0
9146f9dd-e0e0-4bc9-a755-ab197bef7da1,2024-06-02 20:17:25+00:00,55000,55,Alert,LEW,Law Enforcement Warning,silver alert,
45edad62-59a6-46f7-82a6-1d910207443f,2024-06-02 20:38:35+00:00,55000,55,Cancel,LEW,Law Enforcement Warning,silver alert,
67e91e9d-5936-4ea0-bd17-b44da2edd944,2024-06-05 01:00:00+00:00,06099,06,Alert,LEW,Law Enforcement Warning,endangered missing,
e0df1185-2c78-4849-afaf-26051dc15b8f,2024-06-05 02:30:35+00:00,06099,06,Cancel,LEW,Law Enforcement Warning,endangered missing,
f909fb3e-5857-4b04-9d92-8674a4f23a7f,2024-06-05 14:48:20+00:00,10001,10,Alert,LEW,"060524, DSP, Cancel Uffelman Gold Alert",gold alert,
f909fb3e-5857-4b04-9d92-8674a4f23a7f,2024-06-05 14:48:20+00:00,10003,10,Alert,LEW,"060524, DSP, Cancel Uffelman Gold Alert",gold alert,
f909fb3e-5857-4b04-9d92-8674a4f23a7f,2024-06-05 14:48:20+00:00,10005,10,Alert,LEW,"060524, DSP, Cancel Uffelman Gold Alert",gold alert,
63a51d20-0d3d-4abd-9345-f5ca5dc0fd67,2024-06-09 01:49:28+00:00,50023,50,Alert,LEW,Law Enforcement Warning,missing vulnerable,88.0
6cfcf084-8bb3-46d9-b81f-05db5f3477e7,2024-06-14 17:15:05+00:00,06085,06,Alert,LEW,Law Enforcement Warning,silver alert,
ec5e38e0-5331-40a2-ae7a-88b0ed81fbb2,2024-06-14 20:05:29+00:00,21043,21,Alert,LAE,Local Area Emergency,golden alert,72.0
75155426-d71f-4f20-8dc8-8b0162538688,2024-06-14 20:14:49+00:00,18003,18,Alert,LEW,Law Enforcement Warning,missing endangered,17.0
64fb42dd-2160-4fe2-bc74-545922346db0,2024-06-15 17:37:22+00:00,40143,40,Alert,LEW,Law Enforcement Warning,missing endangered,
6112c53b-4c4f-4a08-9aae-4b47df55ec20,2024-06-18 19:39:41+00:00,55000,55,Alert,LEW,Law Enforcement Warning,silver alert,
724ab443-8b50-470c-8f13-b2f3cbe2ee8d,2024-06-18 19:57:45+00:00,55000,55,Cancel,LEW,Law Enforcement Warning,silver alert,
b0cd531f-d8c8-418b-894e-4bcd40f74879,2024-06-19 00:29:16+00:00,25023,25,Alert,LAE,Local Area Emergency,missing endangered,69.0
223fcfaa-41ab-4a1a-9abc-d7c11a29c9cd,2024-06-19 12:23:21+00:00,25023,25,Alert,LAE,Local Area Emergency,missing endangered,69.0
00a8a317-c59d-48a5-94a5-9738910d24c2,2024-06-25 01:59:09+00:00,40027,40,Alert,LEW,Law Enforcement Warning,missing endangered,
1fab5b0e-adfb-4a95-8a7b-2699bd5877a3,2024-06-26 23:51:45+00:00,06037,06,Alert,LEW,Law Enforcement Warning,silver alert,
67aed3cd-164f-45a7-9ca3-456c9f09c3cb,2024-06-27 00:16:40+00:00,06037,06,Cancel,LEW,Law Enforcement Warning,silver alert,
0cc32e9a-f8b5-4b05-a820-7d2656af0eea,2024-06-27 02:38:30+00:00,17099,17,Alert,LEW,Law Enforcement Warning,missing endangered,40.0
2fdfd32b-7c1a-4b03-aa32-44141a955413,2024-06-27 20:04:01+00:00,08069,08,Alert,LAE,Local Area Emergency,missing endangered,15.0
73d25cc7-af83-40c4-a960-507630b3d1d9,2024-06-28 23:13:50+00:00,55000,55,Alert,LEW,Law Enforcement Warning,silver alert,
0ddf01cf-b0b3-4b26-bb05-bd594f68a62e,2024-06-29 11:39:05+00:00,12031,12,Alert,LAE,Local Area Emergency,missing endangered,69.0
56b7ded6-4323-4cc2-b666-24f51262c4f0,2024-06-29 15:07:45+00:00,12031,12,Cancel,LAE,Local Area Emergency,missing endangered,69.0
51941695-e08b-4821-bcb7-3b923b661712,2024-06-29 15:21:55+00:00,12031,12,Alert,LAE,Local Area Emergency,missing endangered,69.0
b0c7e9b7-9d05-4912-9aca-8acbf2e4454c,2024-06-29 20:47:50+00:00,06037,06,Alert,LEW,Law Enforcement Warning,silver alert,
14320e9c-334c-41ac-898b-0c5fadfc00f5,2024-07-01 03:49:20+00:00,38000,38,Alert,CEM,Civil Emergency Message,silver alert,
0542114c-4244-46cb-b334-e75524b3d467,2024-07-01 03:54:50+00:00,38000,38,Alert,CEM,Civil Emergency Message,silver alert,
4509c6e7-cde5-4508-9574-4b327ea02013,2024-07-06 12:58:55+00:00,38000,38,Alert,CEM,Civil Emergency Message,silver alert,48.0
230ea47f-740e-46e7-80dd-8183f660ff30,2024-07-06 13:03:30+00:00,38000,38,Alert,CEM,Civil Emergency Message,silver alert,
3e8e82dc-1f28-477c-87a2-99badb16bd59,2024-07-06 14:04:20+00:00,40037,40,Alert,CEM,Civil Emergency Message,endangered missing,
3e8e82dc-1f28-477c-87a2-99badb16bd59,2024-07-06 14:04:20+00:00,40081,40,Alert,CEM,Civil Emergency Message,endangered missing,
3e8e82dc-1f28-477c-87a2-99badb16bd59,2024-07-06 14:04:20+00:00,40107,40,Alert,CEM,Civil Emergency Message,endangered missing,
3e8e82dc-1f28-477c-87a2-99badb16bd59,2024-07-06 14:04:20+00:00,40111,40,Alert,CEM,Civil Emergency Message,endangered missing,
3e8e82dc-1f28-477c-87a2-99badb16bd59,2024-07-06 14:04:20+00:00,40113,40,Alert,CEM,Civil Emergency Message,endangered missing,
3e8e82dc-1f28-477c-87a2-99badb16bd59,2024-07-06 14:04:20+00:00,40117,40,Alert,CEM,Civil Emergency Message,endangered missing,
3e8e82dc-1f28-477c-87a2-99badb16bd59,2024-07-06 14:04:20+00:00,40119,40,Alert,CEM,Civil Emergency Message,endangered missing,
196cc5ec-e936-4ad9-b112-c795f88e74b8,2024-07-06 18:37:41+00:00,40037,40,Cancel,CEM,Civil Emergency Message,endangered missing,
196cc5ec-e936-4ad9-b112-c795f88e74b8,2024-07-06 18:37:41+00:00,40081,40,Cancel,CEM,Civil Emergency Message,endangered missing,
196cc5ec-e936-4ad9-b112-c795f88e74b8,2024-07-06 18:37:41+00:00,40107,40,Cancel,CEM,Civil Emergency Message,endangered missing,
196cc5ec-e936-4ad9-b112-c795f88e74b8,2024-07-06 18:37:41+00:00,40111,40,Cancel,CEM,Civil Emergency Message,endangered missing,
196cc5ec-e936-4ad9-b112-c795f88e74b8,2024-07-06 18:37:41+00:00,40113,40,Cancel,CEM,Civil Emergency Message,endangered missing,
196cc5ec-e936-4ad9-b112-c795f88e74b8,2024-07-06 18:37:41+00:00,40117,40,Cancel,CEM,Civil Emergency Message,endangered missing,
196cc5ec-e936-4ad9-b112-c795f88e74b8,2024-07-06 18:37:41+00:00,40119,40,Cancel,CEM,Civil Emergency Message,endangered missing,
91665c8a-d207-4f06-954c-e19635b471e1,2024-07-07 22:48:38+00:00,53063,53,Alert,CEM,Civil Emergency Message,missing vulnerable,79.0
401e418c-3d23-4a4a-a68b-769e45282c84,2024-07-07 23:30:32+00:00,13157,13,Alert,LAE,Local Area Emergency Warning,missing elderly,
32e6fad9-2eb0-4efb-aea3-29f403f8d59f,2024-07-11 18:28:21+00:00,21151,21,Alert,CEM,Civil Emergency Message,golden alert,
1fca43a6-dd36-4ce6-b2cf-ae5b1823d80f,2024-07-11 22:35:30+00:00,32031,32,Alert,LEW,Law Enforcement Warning,dementia,
8aae31e3-8953-4c77-8f11-3bd9b27d0160,2024-07-12 15:19:51+00:00,13039,13,Alert,LAE,Local Area Emergency,missing elderly,
95bfce9f-8f9c-413d-a0a0-e1d283450433,2024-07-12 15:59:48+00:00,13039,13,Update,LAE,Local Area Emergency,missing elderly,
a62e8587-8beb-4f70-8b1e-2d7c48d4cca1,2024-07-12 17:19:05+00:00,13039,13,Update,LAE,Local Area Emergency,missing elderly,
236ac088-ec5a-4a86-b746-e7bc57e2a640,2024-07-12 17:23:40+00:00,13039,13,Cancel,LAE,Local Area Emergency,missing elderly,
0376c743-0ad1-4df9-906d-33495f2cc2ae,2024-07-14 00:30:56+00:00,12031,12,Alert,CEM,Civil Emergency Message,missing endangered,74.0
a8ae5d7c-f970-4361-b6bf-074c0871849f,2024-07-14 01:01:10+00:00,12031,12,Cancel,CEM,Civil Emergency Message,missing endangered,74.0
52c9f02a-fba5-4f96-8134-2539cc7cef00,2024-07-14 17:22:18+00:00,16027,16,Alert,LAE,Local Area Emergency,endangered missing,
2a3c2cba-14ff-4cf7-a994-6281321bc5a1,2024-07-16 23:52:45+00:00,45083,45,Alert,LAE,Local Area Emergency,missing endangered,67.0
d68de2a6-5f23-452f-9a6c-49f554d7c532,2024-07-17 21:00:46+00:00,50011,50,Alert,LEW,Law Enforcement Warning,missing vulnerable,82.0
57cc0619-eefc-4795-94ef-8ae1851c3cf1,2024-07-18 00:16:00+00:00,55000,55,Alert,LEW,Law Enforcement Warning,silver alert,
38b1ff9e-2268-4166-9eda-bf022a7c8fc3,2024-07-18 01:40:15+00:00,55000,55,Cancel,LEW,Law Enforcement Warning,silver alert,
fb01fe38-9280-4706-a8c5-d1f69232dc39,2024-07-18 11:32:23+00:00,50011,50,Alert,LEW,Law Enforcement Warning,missing vulnerable,82.0
bedb4e4e-bc3e-4cd9-8035-0a907ddac49b,2024-07-18 21:39:15+00:00,06037,06,Alert,LEW,Law Enforcement Warning,silver alert,
35d0ad01-7963-4f0c-8a38-571dbae76d38,2024-07-19 00:05:05+00:00,06037,06,Cancel,LEW,Law Enforcement Warning,silver alert,
7c3d2f44-3c46-4685-a7d5-0e7cbdbcbd00,2024-07-19 01:53:00+00:00,06029,06,Alert,LEW,Law Enforcement Warning,silver alert,
24cf9361-2338-4831-bb9f-39e575e7e2b9,2024-07-19 20:41:50+00:00,55000,55,Alert,LEW,Law Enforcement Warning,silver alert,
e8c90e9a-7c01-4bb5-b333-a66848a4dfac,2024-07-19 21:45:45+00:00,55000,55,Cancel,LEW,Law Enforcement Warning,silver alert,
538fa1e9-5047-4417-9fbf-b2e092434602,2024-07-22 23:41:35+00:00,55000,55,Alert,LEW,Law Enforcement Warning,silver alert,
5cd86675-6c41-48ff-a189-4d0609e74ad9,2024-07-23 00:13:30+00:00,55000,55,Cancel,LEW,Law Enforcement Warning,silver alert,
cafa6e79-134e-408a-973f-c81241539bf2,2024-07-23 15:58:05+00:00,55000,55,Alert,LEW,Law Enforcement Warning,silver alert,
fe228c03-0e05-4e57-b5c7-9008a07dd1dd,2024-07-23 17:31:20+00:00,55000,55,Cancel,LEW,Law Enforcement Warning,silver alert,
ea97d801-c2cf-4800-bff1-f48f7bdb4d83,2024-07-24 20:32:21+00:00,12031,12,Alert,CEM,Civil Emergency Message,missing endangered,70.0
d37a4446-41b5-4f75-af8a-340646fc274f,2024-07-25 00:03:10+00:00,12031,12,Cancel,CEM,Civil Emergency Message,missing endangered,70.0
cf553ef9-0719-4f83-bc6e-8ec9635c3fcb,2024-07-25 00:10:35+00:00,12031,12,Alert,CEM,Civil Emergency Message,missing endangered,70.0
c214865d-d9a9-4276-9c78-69f6748d34fc,2024-07-25 13:31:01+00:00,12031,12,Alert,LAE,Local Area Emergency,missing endangered,70.0
d5eedafa-5ba2-445c-b09a-16c335475737,2024-07-26 00:56:35+00:00,12031,12,Cancel,LAE,Local Area Emergency,missing endangered,70.0
1b0e6eb8-a622-4f44-bfd8-4875ebda9a44,2024-07-26 20:26:05+00:00,21033,21,Alert,CEM,Civil Emergency Message,golden alert,86.0
1b0e6eb8-a622-4f44-bfd8-4875ebda9a44,2024-07-26 20:26:05+00:00,21035,21,Alert,CEM,Civil Emergency Message,golden alert,86.0
1b0e6eb8-a622-4f44-bfd8-4875ebda9a44,2024-07-26 20:26:05+00:00,21047,21,Alert,CEM,Civil Emergency Message,golden alert,86.0
1b0e6eb8-a622-4f44-bfd8-4875ebda9a44,2024-07-26 20:26:05+00:00,21101,21,Alert,CEM,Civil Emergency Message,golden alert,86.0
1b0e6eb8-a622-4f44-bfd8-4875ebda9a44,2024-07-26 20:26:05+00:00,21107,21,Alert,CEM,Civil Emergency Message,golden alert,86.0
1b0e6eb8-a622-4f44-bfd8-4875ebda9a44,2024-07-26 20:26:05+00:00,21149,21,Alert,CEM,Civil Emergency Message,golden alert,86.0
1b0e6eb8-a622-4f44-bfd8-4875ebda9a44,2024-07-26 20:26:05+00:00,21177,21,Alert,CEM,Civil Emergency Message,golden alert,86.0
1b0e6eb8-a622-4f44-bfd8-4875ebda9a44,2024-07-26 20:26:05+00:00,21233,21,Alert,CEM,Civil Emergency Message,golden alert,86.0
2365dd88-5967-4035-a613-fb192ec62e86,2024-07-28 14:44:25+00:00,45083,45,Alert,LEW,Law Enforcement Warning,missing endangered,68.0
76b37264-9828-4366-b54a-02ea3f10af57,2024-07-28 18:59:31+00:00,45083,45,Update,LEW,Law Enforcement Warning,endangered adult,
aafedc32-d7c1-4334-848e-033333664ddd,2024-07-30 16:35:00+00:00,55000,55,Alert,LEW,Law Enforcement Warning,silver alert,
a249edc6-3b93-4dbd-b8bb-29dcd93ea3d8,2024-07-30 21:55:22+00:00,55101,55,Alert,LAE,Local Area Emergency,dementia,
886927c1-a841-40ef-abdd-2536e93c42bb,2024-08-02 00:45:35+00:00,55000,55,Alert,LEW,Law Enforcement Warning,silver alert,
b0cbae82-2da8-4c6c-bd4f-5f3f16d7b83d,2024-08-02 21:04:05+00:00,17029,17,Alert,CEM,Civil Emergency Message,missing endangered,
235c1dd5-ec0a-40f2-8b12-e4eb0641619f,2024-08-02 21:07:14+00:00,17029,17,Alert,CEM,Civil Emergency Message,missing endangered,
763d29aa-2a4c-4e2c-9b54-556dd3f2bb65,2024-08-02 21:11:06+00:00,17029,17,Alert,CEM,Civil Emergency Message,missing endangered,
98e28586-348a-4de6-bb10-b57bb3259c7c,2024-08-02 21:15:21+00:00,17029,17,Alert,CEM,Civil Emergency Message,missing endangered,
f26b3301-b7a2-47d0-aae3-0681e435ecf2,2024-08-02 22:04:35+00:00,17029,17,Alert,CEM,Civil Emergency Message,missing endangered,
32e9a1f0-137e-4408-91ce-f0028c955578,2024-08-03 01:09:55+00:00,55000,55,Alert,LEW,Law Enforcement Warning,silver alert,
07ed877a-2383-4c67-a334-073e8439a30d,2024-08-03 14:20:20+00:00,06037,06,Alert,LEW,Law Enforcement Warning,silver alert,
d0fb4f1f-2ef7-49a1-9d02-0fc8e7c74f8b,2024-08-03 15:14:30+00:00,06037,06,Cancel,LEW,Law Enforcement Warning,silver alert,
41b6cdf9-5ce3-4406-8f05-02161b42461a,2024-08-06 01:33:15+00:00,55000,55,Cancel,LEW,Law Enforcement Warning,silver alert,
cbfe7cf2-27e0-4332-8226-354aaddbbb24,2024-08-12 01:53:10+00:00,06037,06,Alert,LEW,Law Enforcement Warning,silver alert,
0f88adce-6fdc-4d63-9b6e-3a476576fa79,2024-08-12 21:21:15+00:00,12031,12,Alert,CEM,Civil Emergency Message,missing endangered,71.0
eb624953-41db-4ccb-ad8b-7a5b34b7154d,2024-08-12 22:11:08+00:00,12031,12,Cancel,CEM,Civil Emergency Message,missing endangered,71.0
7283397d-e831-4e78-af90-9e41de191ea0,2024-08-13 20:29:05+00:00,06065,06,Alert,LEW,Law Enforcement Warning,silver alert,
38ed8625-ece1-4a3b-95a2-137cc499345e,2024-08-13 21:42:10+00:00,06065,06,Cancel,LEW,Law Enforcement Warning,silver alert,
e8a505a6-7a4a-4868-a1b2-c306c1161b8f,2024-08-14 01:15:45+00:00,06037,06,Alert,LEW,Law Enforcement Warning,silver alert,
df0fdbde-40c8-42b2-a7ff-75b1499842e7,2024-08-14 02:22:35+00:00,45083,45,Alert,LAE,Local Area Emergency,missing endangered,79.0
6067c3bb-6455-4329-85f0-640d58b6d6e4,2024-08-14 20:25:25+00:00,45083,45,Alert,LAE,Local Area Emergency,missing endangered,79.0
ca593313-a505-4d3c-887a-1a1157b14296,2024-08-14 20:34:25+00:00,45083,45,Update,LAE,Local Area Emergency,dementia,79.0
7282497d-6a3d-48e3-9a0f-cf45403db429,2024-08-14 22:22:40+00:00,55000,55,Alert,LEW,Law Enforcement Warning,silver alert,
996af26a-355d-4321-a6f9-21fd1cb6c8b8,2024-08-14 22:59:15+00:00,55000,55,Cancel,LEW,Law Enforcement Warning,silver alert,
147c4b96-2b1f-43d4-968d-fdf858cbfb74,2024-08-15 23:50:05+00:00,06067,06,Alert,LEW,Law Enforcement Warning,silver alert,
89275ca2-6241-4a8f-8371-bd501e55e5a8,2024-08-18 20:54:40+00:00,45091,45,Alert,CEM,Civil Emergency Message,dementia,77.0
f96e58ae-cbca-4896-b7cf-266e04b2c3b3,2024-08-23 01:44:20+00:00,34015,34,Alert,LAE,Local Area Emergency,missing vulnerable,20.0
0fbf5761-fda0-4c1c-84ba-e8505550eff9,2024-08-23 02:25:20+00:00,34015,34,Cancel,LAE,Local Area Emergency,missing vulnerable,20.0
f2ca2ce8-88e3-4491-92e9-1024fb5fda5c,2024-08-23 15:17:45+00:00,06037,06,Alert,LEW,Law Enforcement Warning,endangered missing,
1b7bc4d9-4a1d-4117-9457-c8c8e605192e,2024-08-23 21:01:50+00:00,06061,06,Alert,LEW,Law Enforcement Warning,endangered missing,
c3417354-52eb-4cea-9514-1a0409c8e277,2024-08-25 04:24:33+00:00,48041,48,Alert,LAE,Local Area Emergency,dementia,82.0
99370925-3ee9-4846-a244-9764a21cb1e8,2024-08-25 04:58:53+00:00,48041,48,Cancel,LAE,Local Area Emergency,dementia,82.0
be46fd8a-4cec-4084-a42a-2189d8bc1148,2024-08-27 02:29:15+00:00,45083,45,Alert,LAE,Local Area Emergency,missing endangered,68.0
7be67710-9355-4233-9262-168a03184725,2024-08-29 16:19:10+00:00,45083,45,Alert,LAE,Local Area Emergency,missing endangered,51.0
9273691e-35ab-408c-b43d-c1990f925181,2024-08-29 23:17:55+00:00,45083,45,Cancel,LAE,Local Area Emergency,missing endangered,
25df87dc-6568-4441-8fdc-dd92a320c997,2024-08-30 02:13:05+00:00,40055,40,Alert,LAE,Local Area Emergency,missing endangered,
25df87dc-6568-4441-8fdc-dd92a320c997,2024-08-30 02:13:05+00:00,40057,40,Alert,LAE,Local Area Emergency,missing endangered,
25df87dc-6568-4441-8fdc-dd92a320c997,2024-08-30 02:13:05+00:00,40065,40,Alert,LAE,Local Area Emergency,missing endangered,
25df87dc-6568-4441-8fdc-dd92a320c997,2024-08-30 02:13:05+00:00,40075,40,Alert,LAE,Local Area Emergency,missing endangered,
25df87dc-6568-4441-8fdc-dd92a320c997,2024-08-30 02:13:05+00:00,40141,40,Alert,LAE,Local Area Emergency,missing endangered,
2a3713a3-d69e-4fbb-9989-c0c419a8a59b,2024-08-31 04:24:15+00:00,06071,06,Alert,LEW,Law Enforcement Warning,silver alert,
34b42943-98ef-4990-b3e9-d84d49814ecd,2024-09-02 01:21:26+00:00,55000,55,Alert,LEW,Law Enforcement Warning,silver alert,
67642e46-4d07-48f4-a4c2-c9efb3272979,2024-09-02 02:06:56+00:00,55000,55,Cancel,LEW,Law Enforcement Warning,silver alert,
a13f90f4-128d-4b39-b7b0-a32752280e4a,2024-09-02 21:56:55+00:00,06037,06,Alert,LEW,Law Enforcement Warning,silver alert,
dc2aafe0-a8e3-4d57-b91d-877d003ef78f,2024-09-04 15:13:05+00:00,12085,12,Alert,LEW,Law Enforcement Warning,missing endangered,
622e4d99-5e94-4c20-9911-6ce241c6ab0a,2024-09-05 01:03:28+00:00,12031,12,Alert,CEM,Civil Emergency Message,missing endangered,
bb8bfc84-8e33-4afd-9433-466f39d14c47,2024-09-05 02:38:35+00:00,06075,06,Alert,LEW,Law Enforcement Warning,silver alert,
c8886719-7b75-4abf-bc95-8296c23acc5b,2024-09-09 00:15:35+00:00,06065,06,Alert,LEW,Law Enforcement Warning,silver alert,
3fc7b468-e7c7-4b61-9102-7813edbeb9e6,2024-09-09 19:47:45+00:00,06023,06,Alert,LEW,Law Enforcement Warning,silver alert,
52b2657c-e719-405d-b8ea-11e33fa78a43,2024-09-10 21:18:10+00:00,06085,06,Alert,LEW,Law Enforcement Warning,silver alert,
6f91f76a-49d8-427f-9779-28e2ad780918,2024-09-10 21:44:55+00:00,06085,06,Cancel,LEW,Law Enforcement Warning,silver alert,
d2c6d05f-4ff1-46b7-8e25-a6bd982cb984,2024-09-11 16:49:20+00:00,06085,06,Alert,LEW,Law Enforcement Warning,silver alert,
727ff90b-04ea-47fd-be2b-d8d4e658f80f,2024-09-11 23:51:30+00:00,06067,06,Alert,LEW,Law Enforcement Warning,endangered missing,
ad143fc7-71f2-49dd-b938-44ce03d71192,2024-09-12 17:23:00+00:00,06001,06,Alert,LEW,Law Enforcement Warning,silver alert,
402ff227-89cd-4f4c-80c5-33a7cb85c1c9,2024-09-14 15:41:01+00:00,12031,12,Alert,LAE,Local Area Emergency,missing endangered,83.0
9754ab41-a647-485a-8d7a-bf1dd3b4a72d,2024-09-14 15:59:41+00:00,12031,12,Cancel,LAE,Local Area Emergency,missing endangered,83.0
124f511b-be76-4ac4-bf04-888988646280,2024-09-15 18:51:29+00:00,53063,53,Alert,CEM,Civil Emergency Message,missing elderly,70.0
3b6152eb-cb53-4e56-aad8-8dd38a91357d,2024-09-16 02:28:04+00:00,39077,39,Alert,LAE,Local Area Emergency,missing elderly,
dd4e79d0-deb6-4ee6-88e9-a712a460bb40,2024-09-16 20:07:50+00:00,06037,06,Alert,LEW,Law Enforcement Warning,endangered missing,
f1f6466f-3128-455a-bcc6-21b6c75c0cf8,2024-09-16 20:31:25+00:00,06037,06,Cancel,LEW,Law Enforcement Warning,endangered missing,
19dbe14a-e2eb-463d-a6f9-d48eb31b987f,2024-09-16 20:36:39+00:00,12031,12,Alert,LAE,Local Area Emergency,missing endangered,74.0
b1688796-3002-4698-aabb-0e65589ba8e9,2024-09-16 20:48:41+00:00,12031,12,Cancel,LAE,Local Area Emergency,missing endangered,74.0
c4449136-c8d5-4e0d-beac-94e1ae184672,2024-09-18 21:35:45+00:00,13221,13,Alert,LAE,local area emergency,dementia,62.0
bf2cc627-e225-4661-af1a-566bab894ea2,2024-09-19 01:58:34+00:00,13221,13,Alert,LAE,local area emergency,dementia,62.0
295559de-72dd-42f8-9b91-5b99b5a4bdb2,2024-09-22 13:37:26+00:00,12031,12,Alert,LAE,Local Area Emergency,missing endangered,49.0
3895f0cf-fb81-4e22-b093-93282c240698,2024-09-22 14:56:41+00:00,12031,12,Cancel,LAE,Local Area Emergency,missing endangered,49.0
8a93fc6c-afb8-42ca-84fe-24ed57f4d4f2,2024-09-22 22:32:45+00:00,55000,55,Alert,LEW,Law Enforcement Warning,silver alert,
2168d060-cc05-4a12-97a3-89c6ec3a27ca,2024-09-25 17:17:25+00:00,55000,55,Alert,LEW,Law Enforcement Warning,silver alert,
61115b14-c5ce-49b4-9e17-d87ac4b3fe3e,2024-09-25 20:33:35+00:00,55000,55,Cancel,LEW,Law Enforcement Warning,silver alert,
4897dd6c-941e-43e8-81c3-95f76c778bca,2024-09-26 23:29:55+00:00,06085,06,Alert,LEW,Law Enforcement Warning,silver alert,
87c7e478-2a07-43fa-9d58-fdee55e37733,2024-09-27 01:37:45+00:00,06037,06,Alert,LEW,Law Enforcement Warning,silver alert,
a59b57ac-b90c-489a-8c92-7b19ecbb495f,2024-09-27 02:36:10+00:00,06037,06,Alert,LEW,Law Enforcement Warning,silver alert,
da1fc6dd-b27f-48a4-833b-d84bed604541,2024-09-27 10:56:39+00:00,50019,50,Alert,LEW,Law Enforcement Warning,missing vulnerable,74.0
82c1419a-48f6-4f13-b753-d3bb3400390d,2024-09-29 03:41:06+00:00,06037,06,Alert,LEW,Law Enforcement Warning,silver alert,
b6a929f6-f8d1-4721-9f8a-c088e9143188,2024-09-29 04:18:20+00:00,06037,06,Cancel,LEW,Law Enforcement Warning,silver alert,
3317d6fb-1bfb-4755-9077-7117c2d8cc2e,2024-09-30 16:23:10+00:00,55000,55,Alert,LEW,Law Enforcement Warning,silver alert,
d2efebfe-67a1-4d3b-99ce-3929a9911ffb,2024-09-30 18:35:29+00:00,31079,31,Alert,LEW,Law Enforcement Warning,dementia,
23093f79-66b5-4f3c-b296-b2e08ec58fa6,2024-09-30 19:34:25+00:00,55000,55,Cancel,LEW,Law Enforcement Warning,silver alert,
04287bc3-9e26-4597-9fd2-7e084d6443f1,2024-09-30 20:03:52+00:00,31079,31,Cancel,LEW,Law Enforcement Warning,dementia,
0b4c0d6e-91fb-44b5-bf51-a40f5f7bc87b,2024-09-30 20:03:54+00:00,31079,31,Cancel,LEW,Law Enforcement Warning,dementia,
256e483a-6068-4e11-89eb-222dd117a5d8,2024-10-01 20:04:15+00:00,55000,55,Alert,LEW,Law Enforcement Warning,silver alert,
c928e183-f739-42db-9832-eafd4e9625de,2024-10-02 01:31:05+00:00,55000,55,Cancel,LEW,Law Enforcement Warning,silver alert,
dc135adb-ee5d-43a9-bdbc-04dc85d0aeca,2024-10-03 19:00:20+00:00,27027,27,Alert,CEM,Civil Emergency Message,missing endangered,14.0
dc135adb-ee5d-43a9-bdbc-04dc85d0aeca,2024-10-03 19:00:20+00:00,38017,38,Alert,CEM,Civil Emergency Message,missing endangered,14.0
3c9377be-b572-47fc-a888-634e02b2a357,2024-10-03 20:00:31+00:00,27027,27,Cancel,CEM,Civil Emergency Message,missing endangered,14.0
3c9377be-b572-47fc-a888-634e02b2a357,2024-10-03 20:00:31+00:00,38017,38,Cancel,CEM,Civil Emergency Message,missing endangered,14.0
562a7c5d-ab14-46e9-b416-19026c9fa7ec,2024-10-03 23:30:45+00:00,06001,06,Alert,LEW,Law Enforcement Warning,silver alert,
562a7c5d-ab14-46e9-b416-19026c9fa7ec,2024-10-03 23:30:45+00:00,06013,06,Alert,LEW,Law Enforcement Warning,silver alert,
ea8458f5-9ad3-47fd-9b31-95a857a387d8,2024-10-04 00:00:30+00:00,55000,55,Alert,LEW,Law Enforcement Warning,silver alert,
e1cb6cf7-da46-4799-8622-129f592458a2,2024-10-04 00:41:50+00:00,55000,55,Cancel,LEW,Law Enforcement Warning,silver alert,
dd8c71bd-f64c-4c05-869a-a54cc9c913fe,2024-10-04 17:47:42+00:00,12031,12,Alert,LAE,Local Area Emergency,missing endangered,71.0
f82c1ce1-187c-4bad-83db-99d57f0ea362,2024-10-04 18:11:22+00:00,12031,12,Cancel,LAE,Local Area Emergency,missing endangered,71.0
41f2828f-6748-40f9-b25a-5e5505906c3b,2024-10-04 23:08:40+00:00,06059,06,Alert,LEW,Law Enforcement Warning,silver alert,
bffe0257-8bee-4a97-9fd4-5cdec3b5d66c,2024-10-05 14:05:20+00:00,55000,55,Alert,LEW,Law Enforcement Warning,silver alert,
4801906a-dfe6-4d33-8a99-416732505c43,2024-10-05 15:49:50+00:00,55000,55,Cancel,LEW,Law Enforcement Warning,silver alert,
db0894de-db25-41a7-bfc5-a85079859d7e,2024-10-06 00:39:05+00:00,55000,55,Alert,LEW,Law Enforcement Warning,silver alert,
20dd2b8d-a9fc-4c1b-bc30-73ba8a8d5e23,2024-10-06 00:43:15+00:00,55000,55,Cancel,LEW,Law Enforcement Warning,silver alert,
d680756f-65bc-411d-943d-857c0ee0adba,2024-10-06 01:55:30+00:00,06037,06,Alert,LEW,Law Enforcement Warning,silver alert,
f4a28301-73ac-42d6-b580-12dce0d43ce9,2024-10-07 17:55:10+00:00,06037,06,Alert,LEW,Law Enforcement Warning,silver alert,
0b69dd5e-38f8-44a7-ae61-340018d63bb6,2024-10-08 11:41:01+00:00,12031,12,Alert,LAE,Local Area Emergency,missing endangered,68.0
5b935b2f-d718-45e4-b71f-7127d575b4c1,2024-10-08 12:07:26+00:00,12031,12,Cancel,LAE,Local Area Emergency,missing endangered,68.0
9d232aa1-4c0b-4388-af87-7ad1989d1650,2024-10-09 01:53:30+00:00,55000,55,Alert,LEW,Law Enforcement Warning,silver alert,
7b8da6a9-622d-4545-9a41-c60f17e4b0c1,2024-10-09 19:51:34+00:00,27111,27,Alert,CEM,Civil Emergency Message,missing elderly,
7b8da6a9-622d-4545-9a41-c60f17e4b0c1,2024-10-09 19:51:34+00:00,27159,27,Alert,CEM,Civil Emergency Message,missing elderly,
f1985a10-05ca-43b7-83fa-9263493ea5a6,2024-10-09 19:56:24+00:00,27111,27,Cancel,CEM,Civil Emergency Message,missing elderly,
f1985a10-05ca-43b7-83fa-9263493ea5a6,2024-10-09 19:56:24+00:00,27159,27,Cancel,CEM,Civil Emergency Message,missing elderly,
531b5dce-1573-432a-8680-40af90a76fbc,2024-10-11 05:04:00+00:00,06071,06,Alert,LEW,Law Enforcement Warning,silver alert,
280c80bc-e5ff-45c8-baaf-81e2c32f0529,2024-10-13 03:52:40+00:00,06113,06,Alert,LEW,Law Enforcement Warning,silver alert,
d8dabed1-fdca-4eef-b7b9-5f4ac01be106,2024-10-13 04:06:30+00:00,06113,06,Cancel,LEW,Law Enforcement Warning,silver alert,
d7063f4c-d26a-47fc-a78a-840022cbfcd8,2024-10-14 01:50:30+00:00,06081,06,Alert,LEW,Law Enforcement Warning,silver alert,
cbade739-b0e3-4dde-a89b-475603154352,2024-10-14 02:11:25+00:00,06081,06,Cancel,LEW,Law Enforcement Warning,silver alert,
79a00ac2-46c4-4387-adc1-aee80e5fedb3,2024-10-14 04:31:23+00:00,18003,18,Alert,LAE,Local Area Emergency,missing endangered,22.0
4fdb8f6a-247d-4429-8c93-54fe1684da2b,2024-10-15 07:42:11+00:00,42009,42,Alert,LAE,local area emergency,missing endangered,16.0
4fdb8f6a-247d-4429-8c93-54fe1684da2b,2024-10-15 07:42:11+00:00,42111,42,Alert,LAE,local area emergency,missing endangered,16.0
f591ecbd-c9a7-41e7-85bb-5935f290c7cb,2024-10-15 21:24:08+00:00,30003,30,Update,LAE,Local Area Emergency,missing endangered,13.0
19820477-8469-43b9-9e50-e5978c73dc60,2024-10-19 13:23:45+00:00,55000,55,Alert,LEW,Law Enforcement Warning,silver alert,
88395fb4-ffe2-4efd-988f-ba0be5c7bee8,2024-10-19 15:22:30+00:00,55000,55,Cancel,LEW,Law Enforcement Warning,silver alert,
7902cf2c-53e9-46b0-bd29-e684397f6f5d,2024-10-19 20:43:05+00:00,06065,06,Alert,LEW,Law Enforcement Warning,endangered missing,
c5bd82d0-28fe-4187-9045-cc56dd023415,2024-10-19 21:16:15+00:00,55000,55,Alert,LEW,Law Enforcement Warning,silver alert,
7612b4b5-c51f-4be3-8103-9e7ed74b84ec,2024-10-20 22:51:08+00:00,27003,27,Alert,CEM,Civil Emergency Message,alzheimer,58.0
04b9779a-fcc0-437a-8ac3-e25b34784b89,2024-10-22 15:45:30+00:00,06037,06,Alert,LEW,Law Enforcement Warning,silver alert,
4d710a58-9291-4c0d-99dc-a3f3b2358bb3,2024-10-23 19:01:16+00:00,51710,51,Alert,LAE,Local Area Emergency,dementia,77.0
e73547d4-4f77-41d2-b2ee-19db203b0059,2024-10-28 19:09:55+00:00,06085,06,Alert,LEW,Law Enforcement Warning,silver alert,
ac302049-168e-4b07-9269-39b6d9ba9aa5,2024-10-30 00:07:46+00:00,12031,12,Alert,LAE,Local Area Emergency,missing endangered,71.0
a8a431d7-086f-44de-8cca-75526e589bde,2024-10-30 00:11:45+00:00,06037,06,Alert,LEW,Law Enforcement Warning,silver alert,
27e4bcbb-3c19-4667-a8df-4071e6ee97a3,2024-10-30 14:54:22+00:00,27163,27,Alert,CEM,Civil Emergency Message,alzheimer,82.0
4adb4355-b275-4f27-a286-357b784ae54f,2024-10-30 14:55:57+00:00,27163,27,Cancel,CEM,Civil Emergency Message,alzheimer,82.0
db59fb25-aaca-4296-8365-7d5879a03505,2024-10-30 15:04:05+00:00,27163,27,Alert,CEM,Civil Emergency Message,alzheimer,82.0
1a690788-8458-4b77-891e-c9b7ed7d0f3f,2024-10-30 15:36:22+00:00,27163,27,Cancel,CEM,Civil Emergency Message,alzheimer,82.0
1d6632ac-09ab-45b6-b6c8-c201f50deef1,2024-11-02 14:07:03+00:00,16017,16,Alert,LAE,Local Area Emergency,endangered missing,84.0
8f0299d2-01d6-4ce2-bc6a-b1390536e467,2024-11-03 17:37:03+00:00,12031,12,Alert,CEM,Civil Emergency Message,missing endangered,
7bf48405-7d86-4cbe-b123-e54138126e5e,2024-11-04 00:42:56+00:00,06101,06,Alert,LAE,Local Area Emergency,at risk missing,67.0
ad0381bb-9e6a-464a-b82c-bcb834b3abc8,2024-11-04 02:32:15+00:00,55000,55,Alert,LEW,Law Enforcement Warning,silver alert,
3e497819-2e6c-4342-a670-d1f5b18043a5,2024-11-04 03:03:45+00:00,55000,55,Cancel,LEW,Law Enforcement Warning,silver alert,
e0f63364-fec1-4968-970c-52113f3687b7,2024-11-06 01:04:05+00:00,55000,55,Alert,LEW,Law Enforcement Warning,silver alert,
e7803b5c-f6f3-470a-af03-7769c9e830df,2024-11-06 02:30:55+00:00,55000,55,Cancel,LEW,Law Enforcement Warning,silver alert,
334c6c6b-5072-47f3-9cdf-55bf59addf09,2024-11-07 18:28:55+00:00,48001,48,Alert,LAE,Local Area Emergency,missing endangered,16.0
334c6c6b-5072-47f3-9cdf-55bf59addf09,2024-11-07 18:28:55+00:00,48037,48,Alert,LAE,Local Area Emergency,missing endangered,16.0
334c6c6b-5072-47f3-9cdf-55bf59addf09,2024-11-07 18:28:55+00:00,48063,48,Alert,LAE,Local Area Emergency,missing endangered,16.0
334c6c6b-5072-47f3-9cdf-55bf59addf09,2024-11-07 18:28:55+00:00,48067,48,Alert,LAE,Local Area Emergency,missing endangered,16.0
334c6c6b-5072-47f3-9cdf-55bf59addf09,2024-11-07 18:28:55+00:00,48073,48,Alert,LAE,Local Area Emergency,missing endangered,16.0
334c6c6b-5072-47f3-9cdf-55bf59addf09,2024-11-07 18:28:55+00:00,48085,48,Alert,LAE,Local Area Emergency,missing endangered,16.0
334c6c6b-5072-47f3-9cdf-55bf59addf09,2024-11-07 18:28:55+00:00,48097,48,Alert,LAE,Local Area Emergency,missing endangered,16.0
334c6c6b-5072-47f3-9cdf-55bf59addf09,2024-11-07 18:28:55+00:00,48113,48,Alert,LAE,Local Area Emergency,missing endangered,16.0
334c6c6b-5072-47f3-9cdf-55bf59addf09,2024-11-07 18:28:55+00:00,48121,48,Alert,LAE,Local Area Emergency,missing endangered,16.0
334c6c6b-5072-47f3-9cdf-55bf59addf09,2024-11-07 18:28:55+00:00,48139,48,Alert,LAE,Local Area Emergency,missing endangered,16.0
334c6c6b-5072-47f3-9cdf-55bf59addf09,2024-11-07 18:28:55+00:00,48147,48,Alert,LAE,Local Area Emergency,missing endangered,16.0
334c6c6b-5072-47f3-9cdf-55bf59addf09,2024-11-07 18:28:55+00:00,48159,48,Alert,LAE,Local Area Emergency,missing endangered,16.0
334c6c6b-5072-47f3-9cdf-55bf59addf09,2024-11-07 18:28:55+00:00,48161,48,Alert,LAE,Local Area Emergency,missing endangered,16.0
334c6c6b-5072-47f3-9cdf-55bf59addf09,2024-11-07 18:28:55+00:00,48181,48,Alert,LAE,Local Area Emergency,missing endangered,16.0
334c6c6b-5072-47f3-9cdf-55bf59addf09,2024-11-07 18:28:55+00:00,48183,48,Alert,LAE,Local Area Emergency,missing endangered,16.0
334c6c6b-5072-47f3-9cdf-55bf59addf09,2024-11-07 18:28:55+00:00,48203,48,Alert,LAE,Local Area Emergency,missing endangered,16.0
334c6c6b-5072-47f3-9cdf-55bf59addf09,2024-11-07 18:28:55+00:00,48213,48,Alert,LAE,Local Area Emergency,missing endangered,16.0
334c6c6b-5072-47f3-9cdf-55bf59addf09,2024-11-07 18:28:55+00:00,48217,48,Alert,LAE,Local Area Emergency,missing endangered,16.0
334c6c6b-5072-47f3-9cdf-55bf59addf09,2024-11-07 18:28:55+00:00,48223,48,Alert,LAE,Local Area Emergency,missing endangered,16.0
334c6c6b-5072-47f3-9cdf-55bf59addf09,2024-11-07 18:28:55+00:00,48231,48,Alert,LAE,Local Area Emergency,missing endangered,16.0
334c6c6b-5072-47f3-9cdf-55bf59addf09,2024-11-07 18:28:55+00:00,48251,48,Alert,LAE,Local Area Emergency,missing endangered,16.0
334c6c6b-5072-47f3-9cdf-55bf59addf09,2024-11-07 18:28:55+00:00,48257,48,Alert,LAE,Local Area Emergency,missing endangered,16.0
334c6c6b-5072-47f3-9cdf-55bf59addf09,2024-11-07 18:28:55+00:00,48277,48,Alert,LAE,Local Area Emergency,missing endangered,16.0
334c6c6b-5072-47f3-9cdf-55bf59addf09,2024-11-07 18:28:55+00:00,48315,48,Alert,LAE,Local Area Emergency,missing endangered,16.0
334c6c6b-5072-47f3-9cdf-55bf59addf09,2024-11-07 18:28:55+00:00,48337,48,Alert,LAE,Local Area Emergency,missing endangered,16.0
334c6c6b-5072-47f3-9cdf-55bf59addf09,2024-11-07 18:28:55+00:00,48343,48,Alert,LAE,Local Area Emergency,missing endangered,16.0
334c6c6b-5072-47f3-9cdf-55bf59addf09,2024-11-07 18:28:55+00:00,48349,48,Alert,LAE,Local Area Emergency,missing endangered,16.0
334c6c6b-5072-47f3-9cdf-55bf59addf09,2024-11-07 18:28:55+00:00,48367,48,Alert,LAE,Local Area Emergency,missing endangered,16.0
334c6c6b-5072-47f3-9cdf-55bf59addf09,2024-11-07 18:28:55+00:00,48379,48,Alert,LAE,Local Area Emergency,missing endangered,16.0
334c6c6b-5072-47f3-9cdf-55bf59addf09,2024-11-07 18:28:55+00:00,48387,48,Alert,LAE,Local Area Emergency,missing endangered,16.0
334c6c6b-5072-47f3-9cdf-55bf59addf09,2024-11-07 18:28:55+00:00,48397,48,Alert,LAE,Local Area Emergency,missing endangered,16.0
334c6c6b-5072-47f3-9cdf-55bf59addf09,2024-11-07 18:28:55+00:00,48401,48,Alert,LAE,Local Area Emergency,missing endangered,16.0
334c6c6b-5072-47f3-9cdf-55bf59addf09,2024-11-07 18:28:55+00:00,48423,48,Alert,LAE,Local Area Emergency,missing endangered,16.0
334c6c6b-5072-47f3-9cdf-55bf59addf09,2024-11-07 18:28:55+00:00,48439,48,Alert,LAE,Local Area Emergency,missing endangered,16.0
334c6c6b-5072-47f3-9cdf-55bf59addf09,2024-11-07 18:28:55+00:00,48449,48,Alert,LAE,Local Area Emergency,missing endangered,16.0
334c6c6b-5072-47f3-9cdf-55bf59addf09,2024-11-07 18:28:55+00:00,48459,48,Alert,LAE,Local Area Emergency,missing endangered,16.0
334c6c6b-5072-47f3-9cdf-55bf59addf09,2024-11-07 18:28:55+00:00,48467,48,Alert,LAE,Local Area Emergency,missing endangered,16.0
334c6c6b-5072-47f3-9cdf-55bf59addf09,2024-11-07 18:28:55+00:00,48497,48,Alert,LAE,Local Area Emergency,missing endangered,16.0
334c6c6b-5072-47f3-9cdf-55bf59addf09,2024-11-07 18:28:55+00:00,48499,48,Alert,LAE,Local Area Emergency,missing endangered,16.0
dd952cb5-d10a-410c-bccb-ec22165a069f,2024-11-07 18:44:06+00:00,48037,48,Alert,LAE,Local Area Emergency,missing endangered,16.0
dd952cb5-d10a-410c-bccb-ec22165a069f,2024-11-07 18:44:06+00:00,48063,48,Alert,LAE,Local Area Emergency,missing endangered,16.0
dd952cb5-d10a-410c-bccb-ec22165a069f,2024-11-07 18:44:06+00:00,48067,48,Alert,LAE,Local Area Emergency,missing endangered,16.0
dd952cb5-d10a-410c-bccb-ec22165a069f,2024-11-07 18:44:06+00:00,48085,48,Alert,LAE,Local Area Emergency,missing endangered,16.0
dd952cb5-d10a-410c-bccb-ec22165a069f,2024-11-07 18:44:06+00:00,48097,48,Alert,LAE,Local Area Emergency,missing endangered,16.0
dd952cb5-d10a-410c-bccb-ec22165a069f,2024-11-07 18:44:06+00:00,48121,48,Alert,LAE,Local Area Emergency,missing endangered,16.0
dd952cb5-d10a-410c-bccb-ec22165a069f,2024-11-07 18:44:06+00:00,48147,48,Alert,LAE,Local Area Emergency,missing endangered,16.0
dd952cb5-d10a-410c-bccb-ec22165a069f,2024-11-07 18:44:06+00:00,48159,48,Alert,LAE,Local Area Emergency,missing endangered,16.0
dd952cb5-d10a-410c-bccb-ec22165a069f,2024-11-07 18:44:06+00:00,48181,48,Alert,LAE,Local Area Emergency,missing endangered,16.0
dd952cb5-d10a-410c-bccb-ec22165a069f,2024-11-07 18:44:06+00:00,48223,48,Alert,LAE,Local Area Emergency,missing endangered,16.0
dd952cb5-d10a-410c-bccb-ec22165a069f,2024-11-07 18:44:06+00:00,48231,48,Alert,LAE,Local Area Emergency,missing endangered,16.0
dd952cb5-d10a-410c-bccb-ec22165a069f,2024-11-07 18:44:06+00:00,48277,48,Alert,LAE,Local Area Emergency,missing endangered,16.0
dd952cb5-d10a-410c-bccb-ec22165a069f,2024-11-07 18:44:06+00:00,48337,48,Alert,LAE,Local Area Emergency,missing endangered,16.0
dd952cb5-d10a-410c-bccb-ec22165a069f,2024-11-07 18:44:06+00:00,48343,48,Alert,LAE,Local Area Emergency,missing endangered,16.0
dd952cb5-d10a-410c-bccb-ec22165a069f,2024-11-07 18:44:06+00:00,48367,48,Alert,LAE,Local Area Emergency,missing endangered,16.0
dd952cb5-d10a-410c-bccb-ec22165a069f,2024-11-07 18:44:06+00:00,48387,48,Alert,LAE,Local Area Emergency,missing endangered,16.0
dd952cb5-d10a-410c-bccb-ec22165a069f,2024-11-07 18:44:06+00:00,48439,48,Alert,LAE,Local Area Emergency,missing endangered,16.0
dd952cb5-d10a-410c-bccb-ec22165a069f,2024-11-07 18:44:06+00:00,48449,48,Alert,LAE,Local Area Emergency,missing endangered,16.0
dd952cb5-d10a-410c-bccb-ec22165a069f,2024-11-07 18:44:06+00:00,48497,48,Alert,LAE,Local Area Emergency,missing endangered,16.0
9cfafc7b-be98-465d-8b0f-ec146ca05098,2024-11-07 18:48:23+00:00,48001,48,Alert,LAE,Local Area Emergency,missing endangered,16.0
9cfafc7b-be98-465d-8b0f-ec146ca05098,2024-11-07 18:48:23+00:00,48073,48,Alert,LAE,Local Area Emergency,missing endangered,16.0
9cfafc7b-be98-465d-8b0f-ec146ca05098,2024-11-07 18:48:23+00:00,48113,48,Alert,LAE,Local Area Emergency,missing endangered,16.0
9cfafc7b-be98-465d-8b0f-ec146ca05098,2024-11-07 18:48:23+00:00,48139,48,Alert,LAE,Local Area Emergency,missing endangered,16.0
9cfafc7b-be98-465d-8b0f-ec146ca05098,2024-11-07 18:48:23+00:00,48161,48,Alert,LAE,Local Area Emergency,missing endangered,16.0
9cfafc7b-be98-465d-8b0f-ec146ca05098,2024-11-07 18:48:23+00:00,48183,48,Alert,LAE,Local Area Emergency,missing endangered,16.0
9cfafc7b-be98-465d-8b0f-ec146ca05098,2024-11-07 18:48:23+00:00,48203,48,Alert,LAE,Local Area Emergency,missing endangered,16.0
9cfafc7b-be98-465d-8b0f-ec146ca05098,2024-11-07 18:48:23+00:00,48213,48,Alert,LAE,Local Area Emergency,missing endangered,16.0
9cfafc7b-be98-465d-8b0f-ec146ca05098,2024-11-07 18:48:23+00:00,48217,48,Alert,LAE,Local Area Emergency,missing endangered,16.0
9cfafc7b-be98-465d-8b0f-ec146ca05098,2024-11-07 18:48:23+00:00,48251,48,Alert,LAE,Local Area Emergency,missing endangered,16.0
9cfafc7b-be98-465d-8b0f-ec146ca05098,2024-11-07 18:48:23+00:00,48257,48,Alert,LAE,Local Area Emergency,missing endangered,16.0
9cfafc7b-be98-465d-8b0f-ec146ca05098,2024-11-07 18:48:23+00:00,48315,48,Alert,LAE,Local Area Emergency,missing endangered,16.0
9cfafc7b-be98-465d-8b0f-ec146ca05098,2024-11-07 18:48:23+00:00,48349,48,Alert,LAE,Local Area Emergency,missing endangered,16.0
9cfafc7b-be98-465d-8b0f-ec146ca05098,2024-11-07 18:48:23+00:00,48379,48,Alert,LAE,Local Area Emergency,missing endangered,16.0
9cfafc7b-be98-465d-8b0f-ec146ca05098,2024-11-07 18:48:23+00:00,48397,48,Alert,LAE,Local Area Emergency,missing endangered,16.0
9cfafc7b-be98-465d-8b0f-ec146ca05098,2024-11-07 18:48:23+00:00,48401,48,Alert,LAE,Local Area Emergency,missing endangered,16.0
9cfafc7b-be98-465d-8b0f-ec146ca05098,2024-11-07 18:48:23+00:00,48423,48,Alert,LAE,Local Area Emergency,missing endangered,16.0
9cfafc7b-be98-465d-8b0f-ec146ca05098,2024-11-07 18:48:23+00:00,48459,48,Alert,LAE,Local Area Emergency,missing endangered,16.0
9cfafc7b-be98-465d-8b0f-ec146ca05098,2024-11-07 18:48:23+00:00,48467,48,Alert,LAE,Local Area Emergency,missing endangered,16.0
9cfafc7b-be98-465d-8b0f-ec146ca05098,2024-11-07 18:48:23+00:00,48499,48,Alert,LAE,Local Area Emergency,missing endangered,16.0
94e9abe3-4b71-4d56-adfb-1525fa712982,2024-11-08 17:15:44+00:00,48037,48,Update,LAE,Local Area Emergency,missing endangered,16.0
94e9abe3-4b71-4d56-adfb-1525fa712982,2024-11-08 17:15:44+00:00,48063,48,Update,LAE,Local Area Emergency,missing endangered,16.0
94e9abe3-4b71-4d56-adfb-1525fa712982,2024-11-08 17:15:44+00:00,48067,48,Update,LAE,Local Area Emergency,missing endangered,16.0
94e9abe3-4b71-4d56-adfb-1525fa712982,2024-11-08 17:15:44+00:00,48085,48,Update,LAE,Local Area Emergency,missing endangered,16.0
94e9abe3-4b71-4d56-adfb-1525fa712982,2024-11-08 17:15:44+00:00,48097,48,Update,LAE,Local Area Emergency,missing endangered,16.0
94e9abe3-4b71-4d56-adfb-1525fa712982,2024-11-08 17:15:44+00:00,48121,48,Update,LAE,Local Area Emergency,missing endangered,16.0
94e9abe3-4b71-4d56-adfb-1525fa712982,2024-11-08 17:15:44+00:00,48147,48,Update,LAE,Local Area Emergency,missing endangered,16.0
94e9abe3-4b71-4d56-adfb-1525fa712982,2024-11-08 17:15:44+00:00,48159,48,Update,LAE,Local Area Emergency,missing endangered,16.0
94e9abe3-4b71-4d56-adfb-1525fa712982,2024-11-08 17:15:44+00:00,48181,48,Update,LAE,Local Area Emergency,missing endangered,16.0
94e9abe3-4b71-4d56-adfb-1525fa712982,2024-11-08 17:15:44+00:00,48223,48,Update,LAE,Local Area Emergency,missing endangered,16.0
94e9abe3-4b71-4d56-adfb-1525fa712982,2024-11-08 17:15:44+00:00,48231,48,Update,LAE,Local Area Emergency,missing endangered,16.0
94e9abe3-4b71-4d56-adfb-1525fa712982,2024-11-08 17:15:44+00:00,48277,48,Update,LAE,Local Area Emergency,missing endangered,16.0
94e9abe3-4b71-4d56-adfb-1525fa712982,2024-11-08 17:15:44+00:00,48337,48,Update,LAE,Local Area Emergency,missing endangered,16.0
94e9abe3-4b71-4d56-adfb-1525fa712982,2024-11-08 17:15:44+00:00,48343,48,Update,LAE,Local Area Emergency,missing endangered,16.0
94e9abe3-4b71-4d56-adfb-1525fa712982,2024-11-08 17:15:44+00:00,48367,48,Update,LAE,Local Area Emergency,missing endangered,16.0
94e9abe3-4b71-4d56-adfb-1525fa712982,2024-11-08 17:15:44+00:00,48387,48,Update,LAE,Local Area Emergency,missing endangered,16.0
94e9abe3-4b71-4d56-adfb-1525fa712982,2024-11-08 17:15:44+00:00,48439,48,Update,LAE,Local Area Emergency,missing endangered,16.0
94e9abe3-4b71-4d56-adfb-1525fa712982,2024-11-08 17:15:44+00:00,48449,48,Update,LAE,Local Area Emergency,missing endangered,16.0
94e9abe3-4b71-4d56-adfb-1525fa712982,2024-11-08 17:15:44+00:00,48497,48,Update,LAE,Local Area Emergency,missing endangered,16.0
406dfbf7-a5ec-4b80-94aa-2413ac8d6604,2024-11-08 17:18:04+00:00,48001,48,Update,LAE,Local Area Emergency,missing endangered,16.0
406dfbf7-a5ec-4b80-94aa-2413ac8d6604,2024-11-08 17:18:04+00:00,48073,48,Update,LAE,Local Area Emergency,missing endangered,16.0
406dfbf7-a5ec-4b80-94aa-2413ac8d6604,2024-11-08 17:18:04+00:00,48113,48,Update,LAE,Local Area Emergency,missing endangered,16.0
406dfbf7-a5ec-4b80-94aa-2413ac8d6604,2024-11-08 17:18:04+00:00,48139,48,Update,LAE,Local Area Emergency,missing endangered,16.0
406dfbf7-a5ec-4b80-94aa-2413ac8d6604,2024-11-08 17:18:04+00:00,48161,48,Update,LAE,Local Area Emergency,missing endangered,16.0
406dfbf7-a5ec-4b80-94aa-2413ac8d6604,2024-11-08 17:18:04+00:00,48183,48,Update,LAE,Local Area Emergency,missing endangered,16.0
406dfbf7-a5ec-4b80-94aa-2413ac8d6604,2024-11-08 17:18:04+00:00,48203,48,Update,LAE,Local Area Emergency,missing endangered,16.0
406dfbf7-a5ec-4b80-94aa-2413ac8d6604,2024-11-08 17:18:04+00:00,48213,48,Update,LAE,Local Area Emergency,missing endangered,16.0
406dfbf7-a5ec-4b80-94aa-2413ac8d6604,2024-11-08 17:18:04+00:00,48217,48,Update,LAE,Local Area Emergency,missing endangered,16.0
406dfbf7-a5ec-4b80-94aa-2413ac8d6604,2024-11-08 17:18:04+00:00,48251,48,Update,LAE,Local Area Emergency,missing endangered,16.0
406dfbf7-a5ec-4b80-94aa-2413ac8d6604,2024-11-08 17:18:04+00:00,48257,48,Update,LAE,Local Area Emergency,missing endangered,16.0
406dfbf7-a5ec-4b80-94aa-2413ac8d6604,2024-11-08 17:18:04+00:00,48315,48,Update,LAE,Local Area Emergency,missing endangered,16.0
406dfbf7-a5ec-4b80-94aa-2413ac8d6604,2024-11-08 17:18:04+00:00,48349,48,Update,LAE,Local Area Emergency,missing endangered,16.0
406dfbf7-a5ec-4b80-94aa-2413ac8d6604,2024-11-08 17:18:04+00:00,48379,48,Update,LAE,Local Area Emergency,missing endangered,16.0
406dfbf7-a5ec-4b80-94aa-2413ac8d6604,2024-11-08 17:18:04+00:00,48397,48,Update,LAE,Local Area Emergency,missing endangered,16.0
406dfbf7-a5ec-4b80-94aa-2413ac8d6604,2024-11-08 17:18:04+00:00,48401,48,Update,LAE,Local Area Emergency,missing endangered,16.0
406dfbf7-a5ec-4b80-94aa-2413ac8d6604,2024-11-08 17:18:04+00:00,48423,48,Update,LAE,Local Area Emergency,missing endangered,16.0
406dfbf7-a5ec-4b80-94aa-2413ac8d6604,2024-11-08 17:18:04+00:00,48459,48,Update,LAE,Local Area Emergency,missing endangered,16.0
406dfbf7-a5ec-4b80-94aa-2413ac8d6604,2024-11-08 17:18:04+00:00,48467,48,Update,LAE,Local Area Emergency,missing endangered,16.0
406dfbf7-a5ec-4b80-94aa-2413ac8d6604,2024-11-08 17:18:04+00:00,48499,48,Update,LAE,Local Area Emergency,missing endangered,16.0
f90864ef-27f0-461f-98bf-d943be82b95e,2024-11-09 16:48:53+00:00,48037,48,Update,LAE,Local Area Emergency,missing endangered,16.0
f90864ef-27f0-461f-98bf-d943be82b95e,2024-11-09 16:48:53+00:00,48063,48,Update,LAE,Local Area Emergency,missing endangered,16.0
f90864ef-27f0-461f-98bf-d943be82b95e,2024-11-09 16:48:53+00:00,48067,48,Update,LAE,Local Area Emergency,missing endangered,16.0
f90864ef-27f0-461f-98bf-d943be82b95e,2024-11-09 16:48:53+00:00,48085,48,Update,LAE,Local Area Emergency,missing endangered,16.0
f90864ef-27f0-461f-98bf-d943be82b95e,2024-11-09 16:48:53+00:00,48097,48,Update,LAE,Local Area Emergency,missing endangered,16.0
f90864ef-27f0-461f-98bf-d943be82b95e,2024-11-09 16:48:53+00:00,48121,48,Update,LAE,Local Area Emergency,missing endangered,16.0
f90864ef-27f0-461f-98bf-d943be82b95e,2024-11-09 16:48:53+00:00,48147,48,Update,LAE,Local Area Emergency,missing endangered,16.0
f90864ef-27f0-461f-98bf-d943be82b95e,2024-11-09 16:48:53+00:00,48159,48,Update,LAE,Local Area Emergency,missing endangered,16.0
f90864ef-27f0-461f-98bf-d943be82b95e,2024-11-09 16:48:53+00:00,48181,48,Update,LAE,Local Area Emergency,missing endangered,16.0
f90864ef-27f0-461f-98bf-d943be82b95e,2024-11-09 16:48:53+00:00,48223,48,Update,LAE,Local Area Emergency,missing endangered,16.0
f90864ef-27f0-461f-98bf-d943be82b95e,2024-11-09 16:48:53+00:00,48231,48,Update,LAE,Local Area Emergency,missing endangered,16.0
f90864ef-27f0-461f-98bf-d943be82b95e,2024-11-09 16:48:53+00:00,48277,48,Update,LAE,Local Area Emergency,missing endangered,16.0
f90864ef-27f0-461f-98bf-d943be82b95e,2024-11-09 16:48:53+00:00,48337,48,Update,LAE,Local Area Emergency,missing endangered,16.0
f90864ef-27f0-461f-98bf-d943be82b95e,2024-11-09 16:48:53+00:00,48343,48,Update,LAE,Local Area Emergency,missing endangered,16.0
f90864ef-27f0-461f-98bf-d943be82b95e,2024-11-09 16:48:53+00:00,48367,48,Update,LAE,Local Area Emergency,missing endangered,16.0
f90864ef-27f0-461f-98bf-d943be82b95e,2024-11-09 16:48:53+00:00,48387,48,Update,LAE,Local Area Emergency,missing endangered,16.0
f90864ef-27f0-461f-98bf-d943be82b95e,2024-11-09 16:48:53+00:00,48439,48,Update,LAE,Local Area Emergency,missing endangered,16.0
f90864ef-27f0-461f-98bf-d943be82b95e,2024-11-09 16:48:53+00:00,48449,48,Update,LAE,Local Area Emergency,missing endangered,16.0
f90864ef-27f0-461f-98bf-d943be82b95e,2024-11-09 16:48:53+00:00,48497,48,Update,LAE,Local Area Emergency,missing endangered,16.0
f7d4b360-5a70-46f7-9cfe-d3fe4d81e864,2024-11-10 16:21:33+00:00,48037,48,Update,LAE,Local Area Emergency,missing endangered,16.0
f7d4b360-5a70-46f7-9cfe-d3fe4d81e864,2024-11-10 16:21:33+00:00,48063,48,Update,LAE,Local Area Emergency,missing endangered,16.0
f7d4b360-5a70-46f7-9cfe-d3fe4d81e864,2024-11-10 16:21:33+00:00,48067,48,Update,LAE,Local Area Emergency,missing endangered,16.0
f7d4b360-5a70-46f7-9cfe-d3fe4d81e864,2024-11-10 16:21:33+00:00,48085,48,Update,LAE,Local Area Emergency,missing endangered,16.0
f7d4b360-5a70-46f7-9cfe-d3fe4d81e864,2024-11-10 16:21:33+00:00,48097,48,Update,LAE,Local Area Emergency,missing endangered,16.0
f7d4b360-5a70-46f7-9cfe-d3fe4d81e864,2024-11-10 16:21:33+00:00,48121,48,Update,LAE,Local Area Emergency,missing endangered,16.0
f7d4b360-5a70-46f7-9cfe-d3fe4d81e864,2024-11-10 16:21:33+00:00,48147,48,Update,LAE,Local Area Emergency,missing endangered,16.0
f7d4b360-5a70-46f7-9cfe-d3fe4d81e864,2024-11-10 16:21:33+00:00,48159,48,Update,LAE,Local Area Emergency,missing endangered,16.0
f7d4b360-5a70-46f7-9cfe-d3fe4d81e864,2024-11-10 16:21:33+00:00,48181,48,Update,LAE,Local Area Emergency,missing endangered,16.0
f7d4b360-5a70-46f7-9cfe-d3fe4d81e864,2024-11-10 16:21:33+00:00,48223,48,Update,LAE,Local Area Emergency,missing endangered,16.0
f7d4b360-5a70-46f7-9cfe-d3fe4d81e864,2024-11-10 16:21:33+00:00,48231,48,Update,LAE,Local Area Emergency,missing endangered,16.0
f7d4b360-5a70-46f7-9cfe-d3fe4d81e864,2024-11-10 16:21:33+00:00,48277,48,Update,LAE,Local Area Emergency,missing endangered,16.0
f7d4b360-5a70-46f7-9cfe-d3fe4d81e864,2024-11-10 16:21:33+00:00,48337,48,Update,LAE,Local Area Emergency,missing endangered,16.0
f7d4b360-5a70-46f7-9cfe-d3fe4d81e864,2024-11-10 16:21:33+00:00,48343,48,Update,LAE,Local Area Emergency,missing endangered,16.0
f7d4b360-5a70-46f7-9cfe-d3fe4d81e864,2024-11-10 16:21:33+00:00,48367,48,Update,LAE,Local Area Emergency,missing endangered,16.0
f7d4b360-5a70-46f7-9cfe-d3fe4d81e864,2024-11-10 16:21:33+00:00,48387,48,Update,LAE,Local Area Emergency,missing endangered,16.0
f7d4b360-5a70-46f7-9cfe-d3fe4d81e864,2024-11-10 16:21:33+00:00,48439,48,Update,LAE,Local Area Emergency,missing endangered,16.0
f7d4b360-5a70-46f7-9cfe-d3fe4d81e864,2024-11-10 16:21:33+00:00,48449,48,Update,LAE,Local Area Emergency,missing endangered,16.0
f7d4b360-5a70-46f7-9cfe-d3fe4d81e864,2024-11-10 16:21:33+00:00,48497,48,Update,LAE,Local Area Emergency,missing endangered,16.0
78074bbf-5826-40a7-8bef-d42d451f524c,2024-11-10 18:11:10+00:00,48037,48,Cancel,LAE,Local Area Emergency,missing endangered,16.0
78074bbf-5826-40a7-8bef-d42d451f524c,2024-11-10 18:11:10+00:00,48063,48,Cancel,LAE,Local Area Emergency,missing endangered,16.0
78074bbf-5826-40a7-8bef-d42d451f524c,2024-11-10 18:11:10+00:00,48067,48,Cancel,LAE,Local Area Emergency,missing endangered,16.0
78074bbf-5826-40a7-8bef-d42d451f524c,2024-11-10 18:11:10+00:00,48085,48,Cancel,LAE,Local Area Emergency,missing endangered,16.0
78074bbf-5826-40a7-8bef-d42d451f524c,2024-11-10 18:11:10+00:00,48097,48,Cancel,LAE,Local Area Emergency,missing endangered,16.0
78074bbf-5826-40a7-8bef-d42d451f524c,2024-11-10 18:11:10+00:00,48121,48,Cancel,LAE,Local Area Emergency,missing endangered,16.0
78074bbf-5826-40a7-8bef-d42d451f524c,2024-11-10 18:11:10+00:00,48147,48,Cancel,LAE,Local Area Emergency,missing endangered,16.0
78074bbf-5826-40a7-8bef-d42d451f524c,2024-11-10 18:11:10+00:00,48159,48,Cancel,LAE,Local Area Emergency,missing endangered,16.0
78074bbf-5826-40a7-8bef-d42d451f524c,2024-11-10 18:11:10+00:00,48181,48,Cancel,LAE,Local Area Emergency,missing endangered,16.0
78074bbf-5826-40a7-8bef-d42d451f524c,2024-11-10 18:11:10+00:00,48223,48,Cancel,LAE,Local Area Emergency,missing endangered,16.0
78074bbf-5826-40a7-8bef-d42d451f524c,2024-11-10 18:11:10+00:00,48231,48,Cancel,LAE,Local Area Emergency,missing endangered,16.0
78074bbf-5826-40a7-8bef-d42d451f524c,2024-11-10 18:11:10+00:00,48277,48,Cancel,LAE,Local Area Emergency,missing endangered,16.0
78074bbf-5826-40a7-8bef-d42d451f524c,2024-11-10 18:11:10+00:00,48337,48,Cancel,LAE,Local Area Emergency,missing endangered,16.0
78074bbf-5826-40a7-8bef-d42d451f524c,2024-11-10 18:11:10+00:00,48343,48,Cancel,LAE,Local Area Emergency,missing endangered,16.0
78074bbf-5826-40a7-8bef-d42d451f524c,2024-11-10 18:11:10+00:00,48367,48,Cancel,LAE,Local Area Emergency,missing endangered,16.0
78074bbf-5826-40a7-8bef-d42d451f524c,2024-11-10 18:11:10+00:00,48387,48,Cancel,LAE,Local Area Emergency,missing endangered,16.0
78074bbf-5826-40a7-8bef-d42d451f524c,2024-11-10 18:11:10+00:00,48439,48,Cancel,LAE,Local Area Emergency,missing endangered,16.0
78074bbf-5826-40a7-8bef-d42d451f524c,2024-11-10 18:11:10+00:00,48449,48,Cancel,LAE,Local Area Emergency,missing endangered,16.0
78074bbf-5826-40a7-8bef-d42d451f524c,2024-11-10 18:11:10+00:00,48497,48,Cancel,LAE,Local Area Emergency,missing endangered,16.0
780d5d83-5ca8-4f3c-ad02-b417cdf661e5,2024-11-10 19:17:14+00:00,55133,55,Alert,LEW,Law Enforcement Warning,missing endangered,
8f0797be-a2f8-4ef1-8be8-0e8d6aaa16e9,2024-11-10 21:26:37+00:00,55133,55,Alert,LEW,Law Enforcement Warning,missing endangered,
9c0d1d6c-1996-4e43-88a8-1ff19bec04e4,2024-11-12 00:07:45+00:00,06023,06,Alert,LEW,Law Enforcement Warning,silver alert,
b5d8df22-17dd-48eb-9f29-39ca2f9d4be9,2024-11-12 00:48:40+00:00,06023,06,Cancel,LEW,Law Enforcement Warning,silver alert,
96fe7d87-b7b6-4cd9-ba81-102b06972708,2024-11-12 22:07:55+00:00,06059,06,Alert,LEW,Law Enforcement Warning,silver alert,
610ed4b9-fbd8-40e6-baa1-d6c6813a3957,2024-11-19 22:30:40+00:00,27123,27,Alert,CEM,Civil Emergency Message,endangered missing,96.0
63c15578-a5bc-4841-a7e4-daf19b149890,2024-11-20 03:40:20+00:00,06037,06,Alert,LEW,Law Enforcement Warning,endangered missing,
b5360cee-bc9a-43e1-8800-b0d017a6167e,2024-11-20 17:07:25+00:00,06037,06,Alert,LEW,Law Enforcement Warning,endangered missing,
9407c5e2-9c62-4641-89b2-6bf5ca2c9dc9,2024-11-20 18:57:55+00:00,06037,06,Alert,LEW,Law Enforcement Warning,endangered missing,
0f2e3ac8-1b02-4584-8f55-63fc17940079,2024-11-22 05:47:15+00:00,06031,06,Alert,LEW,Law Enforcement Warning,silver alert,
e52825e1-637f-4494-9b91-50e6403bc27e,2024-11-22 19:06:00+00:00,06037,06,Alert,LEW,Law Enforcement Warning,silver alert,
3eee18a2-e24c-4c82-8b81-1c9a0b64b971,2024-11-26 22:55:45+00:00,06037,06,Alert,LEW,Law Enforcement Warning,endangered missing,
0f18b2cf-4503-4788-8f8c-29c1f2866da5,2024-11-27 01:11:10+00:00,06037,06,Alert,LEW,Law Enforcement Warning,silver alert,
2f5c39b4-1aef-41e8-80ef-02ad9c486f7a,2024-11-27 01:46:20+00:00,06037,06,Cancel,LEW,Law Enforcement Warning,silver alert,
2eb07054-a237-4901-9d70-a1442ba8e4d7,2024-11-27 04:48:10+00:00,06085,06,Alert,LEW,Law Enforcement Warning,silver alert,
e8e358da-5d46-4583-af60-6ce659c86d81,2024-11-27 05:56:15+00:00,06071,06,Alert,LEW,Law Enforcement Warning,silver alert,
379dd886-cd0e-40bd-a343-87786f882a50,2024-11-28 06:17:28+00:00,48217,48,Alert,LEW,Law Enforcement Warning,missing elderly,75.0
115c99e6-4847-4bc6-a671-31afabe83382,2024-11-28 21:28:51+00:00,01003,01,Alert,LAE,Local Area Emergency,missing elderly,82.0
c02af3b5-c737-450b-99c9-9a985af3501b,2024-11-29 01:53:30+00:00,55000,55,Alert,LEW,Law Enforcement Warning,silver alert,71.0
b4db0e58-b948-4a91-9ba8-43a1a016ef39,2024-11-30 03:27:30+00:00,06083,06,Alert,LEW,Law Enforcement Warning,silver alert,
1c85220c-e238-4a5f-affe-b83e0a4a12b2,2024-12-02 09:07:35+00:00,06029,06,Alert,LEW,Law Enforcement Warning,silver alert,
97d47897-8ed5-4933-96a6-f7eb4d43c5e6,2024-12-04 17:28:41+00:00,55133,55,Alert,LEW,Law Enforcement Warning,missing endangered,76.0
80e1b008-5f02-4f27-a6b7-6531395d10a3,2024-12-04 17:44:45+00:00,55133,55,Update,LEW,Law Enforcement Warning,missing endangered,76.0
a5fb9bb7-c486-415c-bb4b-3dc3cd293387,2024-12-06 19:13:20+00:00,06085,06,Alert,LEW,Law Enforcement Warning,endangered missing,
2d9a9333-1902-4a18-8b9f-adc6278c9b22,2024-12-07 00:51:00+00:00,06029,06,Alert,LEW,Law Enforcement Warning,silver alert,
ee029245-5ca5-4b1e-a4a9-77989dfca318,2024-12-07 01:21:50+00:00,06029,06,Cancel,LEW,Law Enforcement Warning,silver alert,
dcdf3675-e36a-4f82-a8d7-5a5693d47346,2024-12-07 02:19:10+00:00,06037,06,Alert,LEW,Law Enforcement Warning,silver alert,
030d7fcc-0366-4bb0-aede-ad927a68c9c2,2024-12-07 03:46:55+00:00,06037,06,Cancel,LEW,Law Enforcement Warning,silver alert,
9b66d21b-f958-4262-ba28-e34bab64097c,2024-12-09 03:20:15+00:00,06037,06,Alert,LEW,Law Enforcement Warning,endangered missing,
778041c8-fbf3-4c3d-9481-22e90b175d82,2024-12-14 04:32:20+00:00,06059,06,Alert,LEW,Law Enforcement Warning,silver alert,
3b16c72f-9f6b-43ab-8433-878991e3f565,2024-12-14 05:21:25+00:00,06059,06,Cancel,LEW,Law Enforcement Warning,silver alert,
f9d883a1-58fe-4b29-889a-c10e4c556bc3,2024-12-15 12:23:35+00:00,12031,12,Alert,LAE,Local Area Emergency,missing endangered,51.0
a1af1f23-5dca-44a3-b6bd-9efc1e3ef274,2024-12-15 14:38:21+00:00,12031,12,Cancel,LAE,Local Area Emergency,missing endangered,51.0
339cfc6c-85a7-493e-8add-e8690e524441,2024-12-15 16:14:55+00:00,06037,06,Alert,LAE,Local Area Emergency,silver alert,
3cf575c6-884a-4aa8-87de-7434cfd4c4c2,2024-12-15 19:06:18+00:00,31055,31,Alert,LEW,Law Enforcement Warning,missing endangered,
431ffe94-7ac2-4f6b-8bd9-e29cabef298a,2024-12-18 19:54:45+00:00,06089,06,Alert,LEW,Law Enforcement Warning,endangered missing,
a7a40adf-ef56-4345-9a0c-d4684eda3386,2024-12-19 03:43:30+00:00,06047,06,Alert,LEW,Law Enforcement Warning,silver alert,
191435cc-d5f8-4455-9d88-529bccfdb3e4,2024-12-19 04:29:50+00:00,06047,06,Cancel,LEW,Law Enforcement Warning,silver alert,
408af9df-ec01-4bd0-840c-0659265bdda5,2024-12-19 17:59:40+00:00,06037,06,Alert,LEW,Law Enforcement Warning,silver alert,
cfc952dd-a3fe-4aa3-aab0-be974f6ea2a2,2024-12-21 16:21:50+00:00,06065,06,Alert,LEW,Law Enforcement Warning,silver alert,
1d3991cd-b0ee-45df-92e3-42384a23222a,2024-12-21 18:01:55+00:00,06065,06,Cancel,LEW,Law Enforcement Warning,silver alert,
0ca1720a-584e-4a6a-9a10-83213ca540d3,2024-12-22 02:58:20+00:00,06029,06,Alert,LEW,Law Enforcement Warning,silver alert,
545e7a7f-0b9d-40dd-8b42-f1d0203c27ea,2024-12-22 19:25:20+00:00,06059,06,Alert,LEW,Law Enforcement Warning,silver alert,
9e1140ae-7655-495e-9f8d-4ccbe4d2ec66,2024-12-26 14:27:50+00:00,55000,55,Alert,LEW,Law Enforcement Warning,silver alert,
1726161a-5274-487c-b255-5a5d34dd6643,2024-12-26 15:03:10+00:00,55000,55,Cancel,LEW,Law Enforcement Warning,silver alert,
3dbf038b-0f17-4bd4-89b6-a79f6e9440c5,2024-12-26 21:56:40+00:00,06037,06,Alert,LEW,Law Enforcement Warning,silver alert,
9a6b00a5-a793-45e4-a57f-2a172267d055,2024-12-27 00:36:25+00:00,55000,55,Alert,LEW,Law Enforcement Warning,silver alert,
726c1d98-a5db-4dd3-8f64-f7ce6dc70307,2024-12-27 03:13:55+00:00,55000,55,Cancel,LEW,Law Enforcement Warning,silver alert,
ec64e853-7c22-44ba-bd89-6353638f6f55,2024-12-27 23:49:20+00:00,06037,06,Alert,LEW,Law Enforcement Warning,silver alert,
7ce64c84-8587-468e-9617-47ca2b7483d1,2024-12-29 17:22:24+00:00,53063,53,Alert,LAE,Local Area Emergency,alzheimer,83.0
98580521-a58d-4059-ac26-5e2dadbae5c1,2024-12-30 00:29:55+00:00,06037,06,Alert,LEW,Law Enforcement Warning,silver alert,
11d8c533-2da6-4e0a-b902-364569645c35,2024-12-30 00:47:45+00:00,06037,06,Alert,LEW,Law Enforcement Warning,silver alert,
45486e36-5e61-49ca-9b45-f59543823070,2024-12-30 05:18:35+00:00,06081,06,Alert,LEW,Law Enforcement Warning,silver alert,
45486e36-5e61-49ca-9b45-f59543823070,2024-12-30 05:18:35+00:00,06085,06,Alert,LEW,Law Enforcement Warning,silver alert,
